persona_id,rank,product_index,similarity,brand
persona_1,1,433,0.9126099348068237,아모레베이직
persona_1,2,1254,0.9126099348068237,퍼즐우드
persona_1,3,551,0.9126099348068237,온호프
persona_1,4,442,0.9126099348068237,아모레베이직
persona_1,5,888,0.9126099348068237,에이피뷰티
persona_1,6,1271,0.9126099348068237,퍼즐우드
persona_1,7,441,0.9126099348068237,아모레베이직
persona_1,8,437,0.9126099348068237,아모레베이직
persona_1,9,436,0.9126099348068237,아모레베이직
persona_1,10,1235,0.9126099348068237,퍼즐우드
persona_1,11,430,0.9119316339492798,아모레베이직
persona_1,12,1292,0.9119316339492798,퍼즐우드
persona_1,13,871,0.9114470481872559,에이피뷰티
persona_1,14,879,0.9114470481872559,에이피뷰티
persona_1,15,1270,0.9109389781951904,퍼즐우드
persona_1,16,1256,0.9109389781951904,퍼즐우드
persona_1,17,1294,0.9109389781951904,퍼즐우드
persona_1,18,1287,0.9109389781951904,퍼즐우드
persona_1,19,1286,0.9109389781951904,퍼즐우드
persona_1,20,1285,0.9109389781951904,퍼즐우드
persona_1,21,1283,0.9109389781951904,퍼즐우드
persona_1,22,1282,0.9109389781951904,퍼즐우드
persona_1,23,1293,0.9109389781951904,퍼즐우드
persona_1,24,1251,0.9109389781951904,퍼즐우드
persona_1,25,1279,0.9109389781951904,퍼즐우드
persona_1,26,431,0.9109389781951904,아모레베이직
persona_1,27,1236,0.9109389781951904,퍼즐우드
persona_1,28,438,0.9109389781951904,아모레베이직
persona_1,29,1234,0.9109389781951904,퍼즐우드
persona_1,30,1237,0.9109389781951904,퍼즐우드
persona_1,31,1240,0.9109389781951904,퍼즐우드
persona_1,32,1241,0.9104165434837341,퍼즐우드
persona_1,33,1269,0.9104165434837341,퍼즐우드
persona_1,34,1272,0.9104165434837341,퍼즐우드
persona_1,35,1296,0.9104165434837341,퍼즐우드
persona_1,36,1295,0.9104165434837341,퍼즐우드
persona_1,37,1291,0.9104165434837341,퍼즐우드
persona_1,38,1275,0.9104165434837341,퍼즐우드
persona_1,39,1289,0.9104165434837341,퍼즐우드
persona_1,40,1276,0.9104165434837341,퍼즐우드
persona_1,41,1288,0.9104165434837341,퍼즐우드
persona_1,42,1277,0.9104165434837341,퍼즐우드
persona_1,43,1284,0.9104165434837341,퍼즐우드
persona_1,44,1278,0.9104165434837341,퍼즐우드
persona_1,45,1281,0.9104165434837341,퍼즐우드
persona_1,46,1290,0.9104165434837341,퍼즐우드
persona_1,47,1265,0.9104165434837341,퍼즐우드
persona_1,48,1268,0.9104165434837341,퍼즐우드
persona_1,49,1263,0.9104165434837341,퍼즐우드
persona_1,50,1242,0.9104165434837341,퍼즐우드
persona_2,1,433,0.9126099348068237,아모레베이직
persona_2,2,1254,0.9126099348068237,퍼즐우드
persona_2,3,551,0.9126099348068237,온호프
persona_2,4,442,0.9126099348068237,아모레베이직
persona_2,5,888,0.9126099348068237,에이피뷰티
persona_2,6,1271,0.9126099348068237,퍼즐우드
persona_2,7,441,0.9126099348068237,아모레베이직
persona_2,8,437,0.9126099348068237,아모레베이직
persona_2,9,436,0.9126099348068237,아모레베이직
persona_2,10,1235,0.9126099348068237,퍼즐우드
persona_2,11,430,0.9119316339492798,아모레베이직
persona_2,12,1292,0.9119316339492798,퍼즐우드
persona_2,13,871,0.9114470481872559,에이피뷰티
persona_2,14,879,0.9114470481872559,에이피뷰티
persona_2,15,1270,0.9109389781951904,퍼즐우드
persona_2,16,1256,0.9109389781951904,퍼즐우드
persona_2,17,1294,0.9109389781951904,퍼즐우드
persona_2,18,1287,0.9109389781951904,퍼즐우드
persona_2,19,1286,0.9109389781951904,퍼즐우드
persona_2,20,1285,0.9109389781951904,퍼즐우드
persona_2,21,1283,0.9109389781951904,퍼즐우드
persona_2,22,1282,0.9109389781951904,퍼즐우드
persona_2,23,1293,0.9109389781951904,퍼즐우드
persona_2,24,1251,0.9109389781951904,퍼즐우드
persona_2,25,1279,0.9109389781951904,퍼즐우드
persona_2,26,431,0.9109389781951904,아모레베이직
persona_2,27,1236,0.9109389781951904,퍼즐우드
persona_2,28,438,0.9109389781951904,아모레베이직
persona_2,29,1234,0.9109389781951904,퍼즐우드
persona_2,30,1237,0.9109389781951904,퍼즐우드
persona_2,31,1240,0.9109389781951904,퍼즐우드
persona_2,32,1241,0.9104165434837341,퍼즐우드
persona_2,33,1269,0.9104165434837341,퍼즐우드
persona_2,34,1272,0.9104165434837341,퍼즐우드
persona_2,35,1296,0.9104165434837341,퍼즐우드
persona_2,36,1295,0.9104165434837341,퍼즐우드
persona_2,37,1291,0.9104165434837341,퍼즐우드
persona_2,38,1275,0.9104165434837341,퍼즐우드
persona_2,39,1289,0.9104165434837341,퍼즐우드
persona_2,40,1276,0.9104165434837341,퍼즐우드
persona_2,41,1288,0.9104165434837341,퍼즐우드
persona_2,42,1277,0.9104165434837341,퍼즐우드
persona_2,43,1284,0.9104165434837341,퍼즐우드
persona_2,44,1278,0.9104165434837341,퍼즐우드
persona_2,45,1281,0.9104165434837341,퍼즐우드
persona_2,46,1290,0.9104165434837341,퍼즐우드
persona_2,47,1265,0.9104165434837341,퍼즐우드
persona_2,48,1268,0.9104165434837341,퍼즐우드
persona_2,49,1263,0.9104165434837341,퍼즐우드
persona_2,50,1242,0.9104165434837341,퍼즐우드
persona_3,1,433,0.9126099348068237,아모레베이직
persona_3,2,1254,0.9126099348068237,퍼즐우드
persona_3,3,551,0.9126099348068237,온호프
persona_3,4,442,0.9126099348068237,아모레베이직
persona_3,5,888,0.9126099348068237,에이피뷰티
persona_3,6,1271,0.9126099348068237,퍼즐우드
persona_3,7,441,0.9126099348068237,아모레베이직
persona_3,8,437,0.9126099348068237,아모레베이직
persona_3,9,436,0.9126099348068237,아모레베이직
persona_3,10,1235,0.9126099348068237,퍼즐우드
persona_3,11,430,0.9119316339492798,아모레베이직
persona_3,12,1292,0.9119316339492798,퍼즐우드
persona_3,13,871,0.9114470481872559,에이피뷰티
persona_3,14,879,0.9114470481872559,에이피뷰티
persona_3,15,1270,0.9109389781951904,퍼즐우드
persona_3,16,1256,0.9109389781951904,퍼즐우드
persona_3,17,1294,0.9109389781951904,퍼즐우드
persona_3,18,1287,0.9109389781951904,퍼즐우드
persona_3,19,1286,0.9109389781951904,퍼즐우드
persona_3,20,1285,0.9109389781951904,퍼즐우드
persona_3,21,1283,0.9109389781951904,퍼즐우드
persona_3,22,1282,0.9109389781951904,퍼즐우드
persona_3,23,1293,0.9109389781951904,퍼즐우드
persona_3,24,1251,0.9109389781951904,퍼즐우드
persona_3,25,1279,0.9109389781951904,퍼즐우드
persona_3,26,431,0.9109389781951904,아모레베이직
persona_3,27,1236,0.9109389781951904,퍼즐우드
persona_3,28,438,0.9109389781951904,아모레베이직
persona_3,29,1234,0.9109389781951904,퍼즐우드
persona_3,30,1237,0.9109389781951904,퍼즐우드
persona_3,31,1240,0.9109389781951904,퍼즐우드
persona_3,32,1241,0.9104165434837341,퍼즐우드
persona_3,33,1269,0.9104165434837341,퍼즐우드
persona_3,34,1272,0.9104165434837341,퍼즐우드
persona_3,35,1296,0.9104165434837341,퍼즐우드
persona_3,36,1295,0.9104165434837341,퍼즐우드
persona_3,37,1291,0.9104165434837341,퍼즐우드
persona_3,38,1275,0.9104165434837341,퍼즐우드
persona_3,39,1289,0.9104165434837341,퍼즐우드
persona_3,40,1276,0.9104165434837341,퍼즐우드
persona_3,41,1288,0.9104165434837341,퍼즐우드
persona_3,42,1277,0.9104165434837341,퍼즐우드
persona_3,43,1284,0.9104165434837341,퍼즐우드
persona_3,44,1278,0.9104165434837341,퍼즐우드
persona_3,45,1281,0.9104165434837341,퍼즐우드
persona_3,46,1290,0.9104165434837341,퍼즐우드
persona_3,47,1265,0.9104165434837341,퍼즐우드
persona_3,48,1268,0.9104165434837341,퍼즐우드
persona_3,49,1263,0.9104165434837341,퍼즐우드
persona_3,50,1242,0.9104165434837341,퍼즐우드
persona_4,1,888,0.9126099348068237,에이피뷰티
persona_4,2,1271,0.9126099348068237,퍼즐우드
persona_4,3,433,0.9126099348068237,아모레베이직
persona_4,4,436,0.9126099348068237,아모레베이직
persona_4,5,437,0.9126099348068237,아모레베이직
persona_4,6,1254,0.9126099348068237,퍼즐우드
persona_4,7,1235,0.9126099348068237,퍼즐우드
persona_4,8,551,0.9126099348068237,온호프
persona_4,9,441,0.9126099348068237,아모레베이직
persona_4,10,442,0.9126099348068237,아모레베이직
persona_4,11,1292,0.9119316339492798,퍼즐우드
persona_4,12,430,0.9119316339492798,아모레베이직
persona_4,13,871,0.9114470481872559,에이피뷰티
persona_4,14,879,0.9114470481872559,에이피뷰티
persona_4,15,1236,0.9109389781951904,퍼즐우드
persona_4,16,1270,0.9109389781951904,퍼즐우드
persona_4,17,1293,0.9109389781951904,퍼즐우드
persona_4,18,1294,0.9109389781951904,퍼즐우드
persona_4,19,1287,0.9109389781951904,퍼즐우드
persona_4,20,1286,0.9109389781951904,퍼즐우드
persona_4,21,1240,0.9109389781951904,퍼즐우드
persona_4,22,1285,0.9109389781951904,퍼즐우드
persona_4,23,438,0.9109389781951904,아모레베이직
persona_4,24,1237,0.9109389781951904,퍼즐우드
persona_4,25,1234,0.9109389781951904,퍼즐우드
persona_4,26,1256,0.9109389781951904,퍼즐우드
persona_4,27,1283,0.9109389781951904,퍼즐우드
persona_4,28,431,0.9109389781951904,아모레베이직
persona_4,29,1251,0.9109389781951904,퍼즐우드
persona_4,30,1282,0.9109389781951904,퍼즐우드
persona_4,31,1279,0.9109389781951904,퍼즐우드
persona_4,32,1295,0.9104165434837341,퍼즐우드
persona_4,33,1265,0.9104165434837341,퍼즐우드
persona_4,34,1296,0.9104165434837341,퍼즐우드
persona_4,35,1269,0.9104165434837341,퍼즐우드
persona_4,36,1268,0.9104165434837341,퍼즐우드
persona_4,37,1253,0.9104165434837341,퍼즐우드
persona_4,38,1290,0.9104165434837341,퍼즐우드
persona_4,39,1289,0.9104165434837341,퍼즐우드
persona_4,40,1288,0.9104165434837341,퍼즐우드
persona_4,41,1272,0.9104165434837341,퍼즐우드
persona_4,42,1264,0.9104165434837341,퍼즐우드
persona_4,43,1284,0.9104165434837341,퍼즐우드
persona_4,44,1275,0.9104165434837341,퍼즐우드
persona_4,45,1281,0.9104165434837341,퍼즐우드
persona_4,46,1280,0.9104165434837341,퍼즐우드
persona_4,47,1278,0.9104165434837341,퍼즐우드
persona_4,48,1291,0.9104165434837341,퍼즐우드
persona_4,49,1263,0.9104165434837341,퍼즐우드
persona_4,50,1277,0.9104165434837341,퍼즐우드
persona_5,1,433,0.9126099348068237,아모레베이직
persona_5,2,1254,0.9126099348068237,퍼즐우드
persona_5,3,551,0.9126099348068237,온호프
persona_5,4,442,0.9126099348068237,아모레베이직
persona_5,5,888,0.9126099348068237,에이피뷰티
persona_5,6,1271,0.9126099348068237,퍼즐우드
persona_5,7,441,0.9126099348068237,아모레베이직
persona_5,8,437,0.9126099348068237,아모레베이직
persona_5,9,436,0.9126099348068237,아모레베이직
persona_5,10,1235,0.9126099348068237,퍼즐우드
persona_5,11,430,0.9119316339492798,아모레베이직
persona_5,12,1292,0.9119316339492798,퍼즐우드
persona_5,13,871,0.9114470481872559,에이피뷰티
persona_5,14,879,0.9114470481872559,에이피뷰티
persona_5,15,1270,0.9109389781951904,퍼즐우드
persona_5,16,1256,0.9109389781951904,퍼즐우드
persona_5,17,1294,0.9109389781951904,퍼즐우드
persona_5,18,1287,0.9109389781951904,퍼즐우드
persona_5,19,1286,0.9109389781951904,퍼즐우드
persona_5,20,1285,0.9109389781951904,퍼즐우드
persona_5,21,1283,0.9109389781951904,퍼즐우드
persona_5,22,1282,0.9109389781951904,퍼즐우드
persona_5,23,1293,0.9109389781951904,퍼즐우드
persona_5,24,1251,0.9109389781951904,퍼즐우드
persona_5,25,1279,0.9109389781951904,퍼즐우드
persona_5,26,431,0.9109389781951904,아모레베이직
persona_5,27,1236,0.9109389781951904,퍼즐우드
persona_5,28,438,0.9109389781951904,아모레베이직
persona_5,29,1234,0.9109389781951904,퍼즐우드
persona_5,30,1237,0.9109389781951904,퍼즐우드
persona_5,31,1240,0.9109389781951904,퍼즐우드
persona_5,32,1241,0.9104165434837341,퍼즐우드
persona_5,33,1269,0.9104165434837341,퍼즐우드
persona_5,34,1272,0.9104165434837341,퍼즐우드
persona_5,35,1296,0.9104165434837341,퍼즐우드
persona_5,36,1295,0.9104165434837341,퍼즐우드
persona_5,37,1291,0.9104165434837341,퍼즐우드
persona_5,38,1275,0.9104165434837341,퍼즐우드
persona_5,39,1289,0.9104165434837341,퍼즐우드
persona_5,40,1276,0.9104165434837341,퍼즐우드
persona_5,41,1288,0.9104165434837341,퍼즐우드
persona_5,42,1277,0.9104165434837341,퍼즐우드
persona_5,43,1284,0.9104165434837341,퍼즐우드
persona_5,44,1278,0.9104165434837341,퍼즐우드
persona_5,45,1281,0.9104165434837341,퍼즐우드
persona_5,46,1290,0.9104165434837341,퍼즐우드
persona_5,47,1265,0.9104165434837341,퍼즐우드
persona_5,48,1268,0.9104165434837341,퍼즐우드
persona_5,49,1263,0.9104165434837341,퍼즐우드
persona_5,50,1242,0.9104165434837341,퍼즐우드
persona_6,1,888,0.9126099348068237,에이피뷰티
persona_6,2,1271,0.9126099348068237,퍼즐우드
persona_6,3,433,0.9126099348068237,아모레베이직
persona_6,4,436,0.9126099348068237,아모레베이직
persona_6,5,437,0.9126099348068237,아모레베이직
persona_6,6,1254,0.9126099348068237,퍼즐우드
persona_6,7,1235,0.9126099348068237,퍼즐우드
persona_6,8,551,0.9126099348068237,온호프
persona_6,9,441,0.9126099348068237,아모레베이직
persona_6,10,442,0.9126099348068237,아모레베이직
persona_6,11,1292,0.9119316339492798,퍼즐우드
persona_6,12,430,0.9119316339492798,아모레베이직
persona_6,13,871,0.9114470481872559,에이피뷰티
persona_6,14,879,0.9114470481872559,에이피뷰티
persona_6,15,1236,0.9109389781951904,퍼즐우드
persona_6,16,1270,0.9109389781951904,퍼즐우드
persona_6,17,1293,0.9109389781951904,퍼즐우드
persona_6,18,1294,0.9109389781951904,퍼즐우드
persona_6,19,1287,0.9109389781951904,퍼즐우드
persona_6,20,1286,0.9109389781951904,퍼즐우드
persona_6,21,1240,0.9109389781951904,퍼즐우드
persona_6,22,1285,0.9109389781951904,퍼즐우드
persona_6,23,438,0.9109389781951904,아모레베이직
persona_6,24,1237,0.9109389781951904,퍼즐우드
persona_6,25,1234,0.9109389781951904,퍼즐우드
persona_6,26,1256,0.9109389781951904,퍼즐우드
persona_6,27,1283,0.9109389781951904,퍼즐우드
persona_6,28,431,0.9109389781951904,아모레베이직
persona_6,29,1251,0.9109389781951904,퍼즐우드
persona_6,30,1282,0.9109389781951904,퍼즐우드
persona_6,31,1279,0.9109389781951904,퍼즐우드
persona_6,32,1295,0.9104165434837341,퍼즐우드
persona_6,33,1265,0.9104165434837341,퍼즐우드
persona_6,34,1296,0.9104165434837341,퍼즐우드
persona_6,35,1269,0.9104165434837341,퍼즐우드
persona_6,36,1268,0.9104165434837341,퍼즐우드
persona_6,37,1253,0.9104165434837341,퍼즐우드
persona_6,38,1290,0.9104165434837341,퍼즐우드
persona_6,39,1289,0.9104165434837341,퍼즐우드
persona_6,40,1288,0.9104165434837341,퍼즐우드
persona_6,41,1272,0.9104165434837341,퍼즐우드
persona_6,42,1264,0.9104165434837341,퍼즐우드
persona_6,43,1284,0.9104165434837341,퍼즐우드
persona_6,44,1275,0.9104165434837341,퍼즐우드
persona_6,45,1281,0.9104165434837341,퍼즐우드
persona_6,46,1280,0.9104165434837341,퍼즐우드
persona_6,47,1278,0.9104165434837341,퍼즐우드
persona_6,48,1291,0.9104165434837341,퍼즐우드
persona_6,49,1263,0.9104165434837341,퍼즐우드
persona_6,50,1277,0.9104165434837341,퍼즐우드
persona_7,1,433,0.9126099348068237,아모레베이직
persona_7,2,1254,0.9126099348068237,퍼즐우드
persona_7,3,551,0.9126099348068237,온호프
persona_7,4,442,0.9126099348068237,아모레베이직
persona_7,5,888,0.9126099348068237,에이피뷰티
persona_7,6,1271,0.9126099348068237,퍼즐우드
persona_7,7,441,0.9126099348068237,아모레베이직
persona_7,8,437,0.9126099348068237,아모레베이직
persona_7,9,436,0.9126099348068237,아모레베이직
persona_7,10,1235,0.9126099348068237,퍼즐우드
persona_7,11,430,0.9119316339492798,아모레베이직
persona_7,12,1292,0.9119316339492798,퍼즐우드
persona_7,13,871,0.9114470481872559,에이피뷰티
persona_7,14,879,0.9114470481872559,에이피뷰티
persona_7,15,1270,0.9109389781951904,퍼즐우드
persona_7,16,1256,0.9109389781951904,퍼즐우드
persona_7,17,1294,0.9109389781951904,퍼즐우드
persona_7,18,1287,0.9109389781951904,퍼즐우드
persona_7,19,1286,0.9109389781951904,퍼즐우드
persona_7,20,1285,0.9109389781951904,퍼즐우드
persona_7,21,1283,0.9109389781951904,퍼즐우드
persona_7,22,1282,0.9109389781951904,퍼즐우드
persona_7,23,1293,0.9109389781951904,퍼즐우드
persona_7,24,1251,0.9109389781951904,퍼즐우드
persona_7,25,1279,0.9109389781951904,퍼즐우드
persona_7,26,431,0.9109389781951904,아모레베이직
persona_7,27,1236,0.9109389781951904,퍼즐우드
persona_7,28,438,0.9109389781951904,아모레베이직
persona_7,29,1234,0.9109389781951904,퍼즐우드
persona_7,30,1237,0.9109389781951904,퍼즐우드
persona_7,31,1240,0.9109389781951904,퍼즐우드
persona_7,32,1241,0.9104165434837341,퍼즐우드
persona_7,33,1269,0.9104165434837341,퍼즐우드
persona_7,34,1272,0.9104165434837341,퍼즐우드
persona_7,35,1296,0.9104165434837341,퍼즐우드
persona_7,36,1295,0.9104165434837341,퍼즐우드
persona_7,37,1291,0.9104165434837341,퍼즐우드
persona_7,38,1275,0.9104165434837341,퍼즐우드
persona_7,39,1289,0.9104165434837341,퍼즐우드
persona_7,40,1276,0.9104165434837341,퍼즐우드
persona_7,41,1288,0.9104165434837341,퍼즐우드
persona_7,42,1277,0.9104165434837341,퍼즐우드
persona_7,43,1284,0.9104165434837341,퍼즐우드
persona_7,44,1278,0.9104165434837341,퍼즐우드
persona_7,45,1281,0.9104165434837341,퍼즐우드
persona_7,46,1290,0.9104165434837341,퍼즐우드
persona_7,47,1265,0.9104165434837341,퍼즐우드
persona_7,48,1268,0.9104165434837341,퍼즐우드
persona_7,49,1263,0.9104165434837341,퍼즐우드
persona_7,50,1242,0.9104165434837341,퍼즐우드
persona_8,1,433,0.9126099348068237,아모레베이직
persona_8,2,1254,0.9126099348068237,퍼즐우드
persona_8,3,551,0.9126099348068237,온호프
persona_8,4,442,0.9126099348068237,아모레베이직
persona_8,5,888,0.9126099348068237,에이피뷰티
persona_8,6,1271,0.9126099348068237,퍼즐우드
persona_8,7,441,0.9126099348068237,아모레베이직
persona_8,8,437,0.9126099348068237,아모레베이직
persona_8,9,436,0.9126099348068237,아모레베이직
persona_8,10,1235,0.9126099348068237,퍼즐우드
persona_8,11,430,0.9119316339492798,아모레베이직
persona_8,12,1292,0.9119316339492798,퍼즐우드
persona_8,13,871,0.9114470481872559,에이피뷰티
persona_8,14,879,0.9114470481872559,에이피뷰티
persona_8,15,1270,0.9109389781951904,퍼즐우드
persona_8,16,1256,0.9109389781951904,퍼즐우드
persona_8,17,1294,0.9109389781951904,퍼즐우드
persona_8,18,1287,0.9109389781951904,퍼즐우드
persona_8,19,1286,0.9109389781951904,퍼즐우드
persona_8,20,1285,0.9109389781951904,퍼즐우드
persona_8,21,1283,0.9109389781951904,퍼즐우드
persona_8,22,1282,0.9109389781951904,퍼즐우드
persona_8,23,1293,0.9109389781951904,퍼즐우드
persona_8,24,1251,0.9109389781951904,퍼즐우드
persona_8,25,1279,0.9109389781951904,퍼즐우드
persona_8,26,431,0.9109389781951904,아모레베이직
persona_8,27,1236,0.9109389781951904,퍼즐우드
persona_8,28,438,0.9109389781951904,아모레베이직
persona_8,29,1234,0.9109389781951904,퍼즐우드
persona_8,30,1237,0.9109389781951904,퍼즐우드
persona_8,31,1240,0.9109389781951904,퍼즐우드
persona_8,32,1241,0.9104165434837341,퍼즐우드
persona_8,33,1269,0.9104165434837341,퍼즐우드
persona_8,34,1272,0.9104165434837341,퍼즐우드
persona_8,35,1296,0.9104165434837341,퍼즐우드
persona_8,36,1295,0.9104165434837341,퍼즐우드
persona_8,37,1291,0.9104165434837341,퍼즐우드
persona_8,38,1275,0.9104165434837341,퍼즐우드
persona_8,39,1289,0.9104165434837341,퍼즐우드
persona_8,40,1276,0.9104165434837341,퍼즐우드
persona_8,41,1288,0.9104165434837341,퍼즐우드
persona_8,42,1277,0.9104165434837341,퍼즐우드
persona_8,43,1284,0.9104165434837341,퍼즐우드
persona_8,44,1278,0.9104165434837341,퍼즐우드
persona_8,45,1281,0.9104165434837341,퍼즐우드
persona_8,46,1290,0.9104165434837341,퍼즐우드
persona_8,47,1265,0.9104165434837341,퍼즐우드
persona_8,48,1268,0.9104165434837341,퍼즐우드
persona_8,49,1263,0.9104165434837341,퍼즐우드
persona_8,50,1242,0.9104165434837341,퍼즐우드
