url,http://datalab.naver.com/keyword/trendResult.naver?hashKey=N_7a9020c8cab0786f4526c5be8c3330e9,,,,,,,,
주제,통검,,,,,,,,
범위,합계,,,,,,,,
기간,일간 : 2024-12-02 ~ 2025-12-02,,,,,,,,
성별,"전체(여성,남성)",,,,,,,,
연령대,전체,,,,,,,,
날짜,스킨케어,날짜,피부 문제/가능성,날짜,선케어,날짜,클렌징,날짜,메이크업 
2024-12-02,70.38193,2024-12-02,5.27191,2024-12-02,3.2697,2024-12-02,7.48163,2024-12-02,12.39834
2024-12-03,69.28455,2024-12-03,5.23826,2024-12-03,3.63425,2024-12-03,7.14138,2024-12-03,11.77768
2024-12-04,63.98085,2024-12-04,4.72789,2024-12-04,3.24914,2024-12-04,6.33377,2024-12-04,10.7962
2024-12-05,64.8109,2024-12-05,4.77837,2024-12-05,2.92198,2024-12-05,6.03652,2024-12-05,11.17571
2024-12-06,62.41797,2024-12-06,4.67368,2024-12-06,2.95563,2024-12-06,5.50372,2024-12-06,10.70834
2024-12-07,50.85715,2024-12-07,4.62694,2024-12-07,2.86403,2024-12-07,6.05335,2024-12-07,11.6169
2024-12-08,59.57076,2024-12-08,4.43999,2024-12-08,2.52378,2024-12-08,5.80097,2024-12-08,10.46531
2024-12-09,75.34538,2024-12-09,4.98588,2024-12-09,3.08837,2024-12-09,6.33003,2024-12-09,10.63356
2024-12-10,70.93529,2024-12-10,5.54672,2024-12-10,3.38935,2024-12-10,6.21412,2024-12-10,11.11401
2024-12-11,70.07347,2024-12-11,5.24948,2024-12-11,3.23231,2024-12-11,6.04774,2024-12-11,11.07476
2024-12-12,66.89162,2024-12-12,5.41025,2024-12-12,2.97059,2024-12-12,5.94679,2024-12-12,10.94202
2024-12-13,63.64995,2024-12-13,4.78024,2024-12-13,2.88272,2024-12-13,5.26443,2024-12-13,10.25406
2024-12-14,54.37924,2024-12-14,4.74472,2024-12-14,2.4434,2024-12-14,4.96158,2024-12-14,9.93251
2024-12-15,58.81737,2024-12-15,5.08309,2024-12-15,2.81355,2024-12-15,5.75423,2024-12-15,10.71956
2024-12-16,70.5184,2024-12-16,5.20835,2024-12-16,3.2641,2024-12-16,5.95427,2024-12-16,11.22057
2024-12-17,69.69396,2024-12-17,5.6215,2024-12-17,3.35757,2024-12-17,6.16178,2024-12-17,10.72329
2024-12-18,66.86358,2024-12-18,5.07001,2024-12-18,3.0005,2024-12-18,5.73554,2024-12-18,10.78686
2024-12-19,64.62769,2024-12-19,5.46447,2024-12-19,3.14258,2024-12-19,5.4009,2024-12-19,11.07849
2024-12-20,58.72202,2024-12-20,5.15413,2024-12-20,2.67521,2024-12-20,4.58207,2024-12-20,10.11011
2024-12-21,51.21422,2024-12-21,5.15787,2024-12-21,2.28636,2024-12-21,4.71855,2024-12-21,9.74743
2024-12-22,54.93073,2024-12-22,5.60842,2024-12-22,2.69204,2024-12-22,5.33173,2024-12-22,10.90276
2024-12-23,62.08147,2024-12-23,5.46073,2024-12-23,2.76495,2024-12-23,5.46634,2024-12-23,10.46157
2024-12-24,57.08997,2024-12-24,4.60451,2024-12-24,2.492,2024-12-24,4.5989,2024-12-24,10.00729
2024-12-25,52.04613,2024-12-25,4.95223,2024-12-25,2.50135,2024-12-25,5.12235,2024-12-25,10.59056
2024-12-26,59.89231,2024-12-26,5.53364,2024-12-26,3.01172,2024-12-26,5.25135,2024-12-26,10.45409
2024-12-27,54.45775,2024-12-27,5.1747,2024-12-27,2.51818,2024-12-27,4.9784,2024-12-27,9.98298
2024-12-28,47.27337,2024-12-28,5.24013,2024-12-28,2.45648,2024-12-28,5.0644,2024-12-28,10.00729
2024-12-29,48.28849,2024-12-29,5.05131,2024-12-29,2.47705,2024-12-29,5.63646,2024-12-29,9.94746
2024-12-30,55.65796,2024-12-30,4.9541,2024-12-30,2.76682,2024-12-30,5.18965,2024-12-30,9.27632
2024-12-31,46.86021,2024-12-31,6.47959,2024-12-31,2.41162,2024-12-31,4.52038,2024-12-31,9.22772
2025-01-01,47.61735,2025-01-01,7.69662,2025-01-01,3.0865,2025-01-01,5.90192,2025-01-01,10.39614
2025-01-02,55.62618,2025-01-02,8.02564,2025-01-02,3.12389,2025-01-02,6.03839,2025-01-02,10.47278
2025-01-03,57.31618,2025-01-03,7.40872,2025-01-03,2.8902,2025-01-03,5.59346,2025-01-03,10.35314
2025-01-04,48.02116,2025-01-04,7.32085,2025-01-04,3.03789,2025-01-04,5.70376,2025-01-04,11.10467
2025-01-05,55.05225,2025-01-05,7.30403,2025-01-05,3.19492,2025-01-05,6.30199,2025-01-05,11.85993
2025-01-06,62.1039,2025-01-06,7.54706,2025-01-06,3.35196,2025-01-06,6.41977,2025-01-06,11.5253
2025-01-07,60.77844,2025-01-07,8.20324,2025-01-07,3.29588,2025-01-07,6.40668,2025-01-07,11.39257
2025-01-08,62.36189,2025-01-08,7.56201,2025-01-08,3.33887,2025-01-08,6.21786,2025-01-08,11.44865
2025-01-09,61.9506,2025-01-09,5.82527,2025-01-09,3.34074,2025-01-09,5.8234,2025-01-09,11.14019
2025-01-10,56.39827,2025-01-10,5.41025,2025-01-10,2.83973,2025-01-10,5.113,2025-01-10,10.50083
2025-01-11,51.05718,2025-01-11,5.43268,2025-01-11,2.67895,2025-01-11,5.29808,2025-01-11,10.69338
2025-01-12,55.69535,2025-01-12,5.67759,2025-01-12,3.12202,2025-01-12,6.32442,2025-01-12,11.62625
2025-01-13,62.47593,2025-01-13,5.67385,2025-01-13,3.40991,2025-01-13,6.27208,2025-01-13,11.04297
2025-01-14,62.22542,2025-01-14,5.87949,2025-01-14,3.54826,2025-01-14,6.73384,2025-01-14,11.18132
2025-01-15,60.81022,2025-01-15,5.63085,2025-01-15,3.46787,2025-01-15,6.35807,2025-01-15,11.17384
2025-01-16,57.43396,2025-01-16,6.25338,2025-01-16,3.32953,2025-01-16,6.12813,2025-01-16,11.53091
2025-01-17,55.76078,2025-01-17,5.49251,2025-01-17,3.04537,2025-01-17,5.56168,2025-01-17,11.17945
2025-01-18,50.96932,2025-01-18,6.49081,2025-01-18,3.34448,2025-01-18,5.14852,2025-01-18,10.94763
2025-01-19,52.76775,2025-01-19,6.63289,2025-01-19,3.22484,2025-01-19,6.14869,2025-01-19,11.22992
2025-01-20,61.02148,2025-01-20,6.51885,2025-01-20,3.40057,2025-01-20,6.39172,2025-01-20,11.47856
2025-01-21,60.25686,2025-01-21,6.18608,2025-01-21,3.4903,2025-01-21,6.34312,2025-01-21,11.2187
2025-01-22,58.28083,2025-01-22,5.69628,2025-01-22,3.20053,2025-01-22,6.28329,2025-01-22,11.16449
2025-01-23,54.25211,2025-01-23,5.31117,2025-01-23,2.96311,2025-01-23,6.01222,2025-01-23,10.59804
2025-01-24,50.21966,2025-01-24,4.41382,2025-01-24,2.69017,2025-01-24,4.91671,2025-01-24,9.57357
2025-01-25,45.73666,2025-01-25,4.50356,2025-01-25,2.70512,2025-01-25,4.63255,2025-01-25,9.22772
2025-01-26,45.38707,2025-01-26,4.38391,2025-01-26,2.5107,2025-01-26,4.75967,2025-01-26,9.78669
2025-01-27,46.1872,2025-01-27,4.95784,2025-01-27,2.48453,2025-01-27,4.48112,2025-01-27,8.93234
2025-01-28,43.92888,2025-01-28,4.54282,2025-01-28,2.41349,2025-01-28,4.19322,2025-01-28,8.61453
2025-01-29,47.04529,2025-01-29,4.69611,2025-01-29,2.70886,2025-01-29,4.38204,2025-01-29,9.43336
2025-01-30,55.39062,2025-01-30,5.53551,2025-01-30,3.17436,2025-01-30,6.19169,2025-01-30,10.3064
2025-01-31,61.07943,2025-01-31,5.58411,2025-01-31,3.58751,2025-01-31,6.11878,2025-01-31,11.20936
2025-02-01,56.2618,2025-02-01,5.97296,2025-02-01,3.5763,2025-02-01,6.97313,2025-02-01,11.87115
2025-02-02,59.51468,2025-02-02,5.89818,2025-02-02,3.84737,2025-02-02,6.99556,2025-02-02,12.97414
2025-02-03,64.25006,2025-02-03,5.68506,2025-02-03,3.94084,2025-02-03,7.27412,2025-02-03,12.56286
2025-02-04,63.59574,2025-02-04,5.62337,2025-02-04,4.07545,2025-02-04,7.24607,2025-02-04,13.88831
2025-02-05,62.44228,2025-02-05,5.3766,2025-02-05,3.86233,2025-02-05,6.79553,2025-02-05,12.8115
2025-02-06,59.97083,2025-02-06,5.0887,2025-02-06,3.81559,2025-02-06,6.12439,2025-02-06,11.7459
2025-02-07,56.80207,2025-02-07,4.85128,2025-02-07,3.28653,2025-02-07,5.60655,2025-02-07,11.09532
2025-02-08,50.81041,2025-02-08,4.75033,2025-02-08,3.27718,2025-02-08,5.82154,2025-02-08,11.97771
2025-02-09,55.05972,2025-02-09,5.15226,2025-02-09,3.56695,2025-02-09,6.57306,2025-02-09,12.53107
2025-02-10,67.64876,2025-02-10,5.54298,2025-02-10,4.53347,2025-02-10,6.74879,2025-02-10,13.65276
2025-02-11,64.32483,2025-02-11,5.36912,2025-02-11,4.41382,2025-02-11,6.71701,2025-02-11,13.09939
2025-02-12,65.29322,2025-02-12,4.84567,2025-02-12,3.96702,2025-02-12,6.87405,2025-02-12,12.92927
2025-02-13,61.35985,2025-02-13,5.06253,2025-02-13,3.9558,2025-02-13,6.42724,2025-02-13,12.71615
2025-02-14,56.11037,2025-02-14,4.65685,2025-02-14,3.93524,2025-02-14,6.04213,2025-02-14,12.48995
2025-02-15,50.38791,2025-02-15,4.74846,2025-02-15,3.61743,2025-02-15,6.10943,2025-02-15,12.35721
2025-02-16,55.78695,2025-02-16,5.09431,2025-02-16,4.03619,2025-02-16,7.26664,2025-02-16,13.01714
2025-02-17,65.03523,2025-02-17,4.98027,2025-02-17,4.88306,2025-02-17,7.26477,2025-02-17,13.54807
2025-02-18,65.84846,2025-02-18,5.30369,2025-02-18,4.80454,2025-02-18,7.58258,2025-02-18,14.40242
2025-02-19,63.91168,2025-02-19,4.85502,2025-02-19,4.40447,2025-02-19,7.4405,2025-02-19,13.97057
2025-02-20,96.71159,2025-02-20,4.89428,2025-02-20,4.27548,2025-02-20,7.00865,2025-02-20,13.07883
2025-02-21,61.49819,2025-02-21,4.55029,2025-02-21,3.87541,2025-02-21,5.99914,2025-02-21,11.39817
2025-02-22,50.3823,2025-02-22,4.40634,2025-02-22,3.64547,2025-02-22,6.31134,2025-02-22,11.65055
2025-02-23,57.0208,2025-02-23,5.20648,2025-02-23,4.07732,2025-02-23,6.93387,2025-02-23,12.23944
2025-02-24,66.78319,2025-02-24,5.15413,2025-02-24,4.71668,2025-02-24,7.01987,2025-02-24,12.24692
2025-02-25,63.80886,2025-02-25,5.01392,2025-02-25,4.9298,2025-02-25,7.16569,2025-02-25,11.96462
2025-02-26,62.87038,2025-02-26,4.93354,2025-02-26,4.84006,2025-02-26,7.00678,2025-02-26,11.56082
2025-02-27,60.8607,2025-02-27,4.9541,2025-02-27,4.52225,2025-02-27,6.96191,2025-02-27,11.38883
2025-02-28,55.93464,2025-02-28,4.225,2025-02-28,5.01766,2025-02-28,6.96378,2025-02-28,11.00932
2025-03-01,51.07214,2025-03-01,4.89615,2025-03-01,6.73945,2025-03-01,7.73401,2025-03-01,13.37608
2025-03-02,53.90439,2025-03-02,4.73724,2025-03-02,6.2216,2025-03-02,7.84057,2025-03-02,13.03209
2025-03-03,60.39333,2025-03-03,5.32426,2025-03-03,6.06457,2025-03-03,8.35093,2025-03-03,13.30691
2025-03-04,62.62735,2025-03-04,4.66059,2025-03-04,4.84941,2025-03-04,8.1079,2025-03-04,11.58138
2025-03-05,66.33452,2025-03-05,4.7765,2025-03-05,4.93354,2025-03-05,7.61436,2025-03-05,11.58886
2025-03-06,65.02589,2025-03-06,4.62694,2025-03-06,5.29621,2025-03-06,7.33394,2025-03-06,11.51969
2025-03-07,59.0174,2025-03-07,5.49438,2025-03-07,5.24013,2025-03-07,7.09465,2025-03-07,12.18522
2025-03-08,53.11921,2025-03-08,5.28687,2025-03-08,4.85689,2025-03-08,5.78041,2025-03-08,10.51017
2025-03-09,60.26621,2025-03-09,5.69441,2025-03-09,5.58037,2025-03-09,6.38799,2025-03-09,11.30096
2025-03-10,68.73305,2025-03-10,6.12813,2025-03-10,5.57663,2025-03-10,6.61793,2025-03-10,10.99998
2025-03-11,67.01501,2025-03-11,5.25135,2025-03-11,6.08139,2025-03-11,7.22177,2025-03-11,11.31592
2025-03-12,69.13686,2025-03-12,5.21022,2025-03-12,5.96735,2025-03-12,6.77497,2025-03-12,11.28414
2025-03-13,66.35695,2025-03-13,5.33734,2025-03-13,5.95427,2025-03-13,6.57867,2025-03-13,11.05793
2025-03-14,58.93514,2025-03-14,4.74659,2025-03-14,5.32612,2025-03-14,5.28687,2025-03-14,10.22041
2025-03-15,55.08964,2025-03-15,4.84567,2025-03-15,5.06066,2025-03-15,5.78602,2025-03-15,10.53635
2025-03-16,59.76706,2025-03-16,5.242,2025-03-16,5.3766,2025-03-16,6.59737,2025-03-16,11.69168
2025-03-17,69.21725,2025-03-17,5.63085,2025-03-17,6.26086,2025-03-17,7.08343,2025-03-17,11.74029
2025-03-18,67.83384,2025-03-18,5.13731,2025-03-18,5.72432,2025-03-18,6.932,2025-03-18,11.95715
2025-03-19,67.01127,2025-03-19,5.7561,2025-03-19,6.19356,2025-03-19,6.60671,2025-03-19,11.42248
2025-03-20,64.19397,2025-03-20,5.60655,2025-03-20,5.74302,2025-03-20,6.45716,2025-03-20,11.43743
2025-03-21,62.00856,2025-03-21,5.24013,2025-03-21,5.6458,2025-03-21,5.7075,2025-03-21,10.38866
2025-03-22,52.28356,2025-03-22,5.54298,2025-03-22,5.96175,2025-03-22,5.65889,2025-03-22,9.8166
2025-03-23,58.86784,2025-03-23,6.15804,2025-03-23,7.46106,2025-03-23,6.84414,2025-03-23,10.7476
2025-03-24,71.18393,2025-03-24,6.43659,2025-03-24,7.99386,2025-03-24,6.87592,2025-03-24,10.87285
2025-03-25,74.34334,2025-03-25,6.02718,2025-03-25,7.32272,2025-03-25,6.6628,2025-03-25,10.64291
2025-03-26,66.10644,2025-03-26,5.8178,2025-03-26,7.5751,2025-03-26,6.41229,2025-03-26,10.38679
2025-03-27,69.27333,2025-03-27,5.78415,2025-03-27,5.78788,2025-03-27,6.11504,2025-03-27,10.24284
2025-03-28,58.7482,2025-03-28,5.41586,2025-03-28,5.51494,2025-03-28,5.44577,2025-03-28,9.56983
2025-03-29,49.17275,2025-03-29,5.26817,2025-03-29,4.95036,2025-03-29,5.49625,2025-03-29,9.07629
2025-03-30,55.82808,2025-03-30,5.90379,2025-03-30,5.95427,2025-03-30,6.39546,2025-03-30,9.78856
2025-03-31,64.68751,2025-03-31,6.15056,2025-03-31,6.48894,2025-03-31,6.74132,2025-03-31,9.99794
2025-04-01,66.23544,2025-04-01,6.23095,2025-04-01,6.98061,2025-04-01,7.33581,2025-04-01,10.68217
2025-04-02,67.54968,2025-04-02,6.28143,2025-04-02,6.64036,2025-04-02,6.99183,2025-04-02,10.75694
2025-04-03,64.95859,2025-04-03,6.77497,2025-04-03,6.42724,2025-04-03,6.80301,2025-04-03,10.16245
2025-04-04,56.46183,2025-04-04,6.2216,2025-04-04,5.68319,2025-04-04,5.87201,2025-04-04,9.28193
2025-04-05,51.55446,2025-04-05,6.39172,2025-04-05,5.42147,2025-04-05,6.05148,2025-04-05,9.81099
2025-04-06,55.01299,2025-04-06,6.07765,2025-04-06,6.76749,2025-04-06,6.56185,2025-04-06,10.1475
2025-04-07,66.21674,2025-04-07,6.59924,2025-04-07,7.56575,2025-04-07,6.97874,2025-04-07,10.46905
2025-04-08,64.23136,2025-04-08,5.92623,2025-04-08,7.66671,2025-04-08,6.70953,2025-04-08,10.29332
2025-04-09,68.51806,2025-04-09,5.89071,2025-04-09,7.14325,2025-04-09,6.36368,2025-04-09,10.70647
2025-04-10,66.44669,2025-04-10,5.78415,2025-04-10,6.86844,2025-04-10,5.98979,2025-04-10,10.02224
2025-04-11,60.55037,2025-04-11,5.28313,2025-04-11,8.22942,2025-04-11,5.74676,2025-04-11,10.14189
2025-04-12,52.49481,2025-04-12,5.61028,2025-04-12,6.52072,2025-04-12,5.68506,2025-04-12,9.97924
2025-04-13,56.41509,2025-04-13,5.79536,2025-04-13,7.12456,2025-04-13,6.38051,2025-04-13,10.54009
2025-04-14,66.56259,2025-04-14,5.74863,2025-04-14,7.03108,2025-04-14,6.82731,2025-04-14,10.83546
2025-04-15,66.20926,2025-04-15,5.90379,2025-04-15,7.31151,2025-04-15,6.47398,2025-04-15,11.20001
2025-04-16,64.3697,2025-04-16,5.72619,2025-04-16,7.84617,2025-04-16,6.29638,2025-04-16,11.11401
2025-04-17,61.74122,2025-04-17,5.63833,2025-04-17,7.73588,2025-04-17,6.12065,2025-04-17,10.41109
2025-04-18,59.24174,2025-04-18,6.14308,2025-04-18,6.81609,2025-04-18,5.24574,2025-04-18,10.11385
2025-04-19,50.05701,2025-04-19,6.08887,2025-04-19,6.13561,2025-04-19,5.17283,2025-04-19,9.82595
2025-04-20,53.39963,2025-04-20,6.32816,2025-04-20,7.72466,2025-04-20,6.06644,2025-04-20,9.7923
2025-04-21,64.55852,2025-04-21,6.67215,2025-04-21,9.47449,2025-04-21,6.37677,2025-04-21,10.6803
2025-04-22,63.58452,2025-04-22,6.75253,2025-04-22,7.44237,2025-04-22,6.61793,2025-04-22,10.37744
2025-04-23,63.28728,2025-04-23,6.00848,2025-04-23,7.97143,2025-04-23,6.21226,2025-04-23,10.18302
2025-04-24,69.60797,2025-04-24,6.00287,2025-04-24,8.20885,2025-04-24,5.8178,2025-04-24,10.15684
2025-04-25,60.6158,2025-04-25,5.75236,2025-04-25,7.35824,2025-04-25,5.48503,2025-04-25,9.7306
2025-04-26,48.99889,2025-04-26,5.69067,2025-04-26,7.10025,2025-04-26,5.04196,2025-04-26,8.95851
2025-04-27,53.16782,2025-04-27,6.1973,2025-04-27,8.28924,2025-04-27,6.07204,2025-04-27,9.35671
2025-04-28,61.86087,2025-04-28,5.88697,2025-04-28,8.69679,2025-04-28,6.42164,2025-04-28,9.7306
2025-04-29,60.44381,2025-04-29,5.71124,2025-04-29,8.84073,2025-04-29,6.26273,2025-04-29,9.78482
2025-04-30,57.11801,2025-04-30,5.61776,2025-04-30,8.07425,2025-04-30,5.7991,2025-04-30,9.0632
2025-05-01,54.33063,2025-05-01,5.32239,2025-05-01,6.94883,2025-05-01,6.18608,2025-05-01,9.47822
2025-05-02,52.9117,2025-05-02,5.22517,2025-05-02,6.63476,2025-05-02,5.19339,2025-05-02,9.21463
2025-05-03,55.78321,2025-05-03,5.20461,2025-05-03,5.76171,2025-05-03,5.23265,2025-05-03,8.86317
2025-05-04,47.77065,2025-05-04,5.01018,2025-05-04,6.33938,2025-05-04,5.39156,2025-05-04,8.8426
2025-05-05,50.90762,2025-05-05,5.79723,2025-05-05,5.74863,2025-05-05,5.53177,2025-05-05,9.01086
2025-05-06,57.21336,2025-05-06,6.81983,2025-05-06,6.89648,2025-05-06,6.51698,2025-05-06,9.95868
2025-05-07,64.99598,2025-05-07,6.42724,2025-05-07,7.90413,2025-05-07,6.45903,2025-05-07,10.0615
2025-05-08,62.26468,2025-05-08,6.49828,2025-05-08,7.74522,2025-05-08,6.76936,2025-05-08,9.96616
2025-05-09,63.95281,2025-05-09,5.7318,2025-05-09,6.12626,2025-05-09,5.92996,2025-05-09,9.75865
2025-05-10,50.41034,2025-05-10,6.02157,2025-05-10,5.27191,2025-05-10,5.65889,2025-05-10,9.61657
2025-05-11,52.5995,2025-05-11,6.22534,2025-05-11,6.50576,2025-05-11,6.21039,2025-05-11,9.99794
2025-05-12,68.30681,2025-05-12,6.52446,2025-05-12,8.22194,2025-05-12,6.81049,2025-05-12,10.69899
2025-05-13,65.3437,2025-05-13,6.60671,2025-05-13,8.26307,2025-05-13,6.7974,2025-05-13,10.74947
2025-05-14,63.05359,2025-05-14,5.83275,2025-05-14,8.90617,2025-05-14,6.85535,2025-05-14,10.25219
2025-05-15,57.0638,2025-05-15,5.285,2025-05-15,6.81983,2025-05-15,6.01409,2025-05-15,10.56065
2025-05-16,57.89385,2025-05-16,5.0457,2025-05-16,5.52055,2025-05-16,5.35417,2025-05-16,9.49879
2025-05-17,46.06008,2025-05-17,5.02514,2025-05-17,5.89071,2025-05-17,5.32239,2025-05-17,9.50627
2025-05-18,47.15933,2025-05-18,5.04383,2025-05-18,7.50032,2025-05-18,6.31881,2025-05-18,10.04094
2025-05-19,64.7249,2025-05-19,5.19526,2025-05-19,8.14903,2025-05-19,6.63102,2025-05-19,10.94576
2025-05-20,63.0162,2025-05-20,5.26443,2025-05-20,8.85569,2025-05-20,6.5095,2025-05-20,10.80368
2025-05-21,62.60118,2025-05-21,5.00271,2025-05-21,9.33615,2025-05-21,6.14495,2025-05-21,10.23723
2025-05-22,58.96879,2025-05-22,5.07562,2025-05-22,8.68557,2025-05-22,5.6458,2025-05-22,10.05963
2025-05-23,53.953,2025-05-23,4.65685,2025-05-23,6.87966,2025-05-23,5.07748,2025-05-23,9.32867
2025-05-24,46.0283,2025-05-24,4.48299,2025-05-24,5.66637,2025-05-24,4.94475,2025-05-24,9.08564
2025-05-25,48.79512,2025-05-25,4.65872,2025-05-25,7.10586,2025-05-25,5.99166,2025-05-25,9.26137
2025-05-26,61.01961,2025-05-26,5.04757,2025-05-26,9.11742,2025-05-26,6.37677,2025-05-26,10.23723
2025-05-27,63.93785,2025-05-27,5.27191,2025-05-27,9.09498,2025-05-27,7.33955,2025-05-27,10.79246
2025-05-28,60.43072,2025-05-28,5.19152,2025-05-28,8.71548,2025-05-28,6.0197,2025-05-28,10.20358
2025-05-29,95.72451,2025-05-29,4.83071,2025-05-29,8.15464,2025-05-29,6.07578,2025-05-29,10.16058
2025-05-30,50.80854,2025-05-30,4.55777,2025-05-30,7.45359,2025-05-30,5.3953,2025-05-30,9.07816
2025-05-31,44.60563,2025-05-31,5.13731,2025-05-31,8.53414,2025-05-31,6.67588,2025-05-31,10.76442
2025-06-01,50.51503,2025-06-01,5.50559,2025-06-01,9.5717,2025-06-01,7.28533,2025-06-01,11.0411
2025-06-02,56.88994,2025-06-02,5.25135,2025-06-02,8.68557,2025-06-02,6.99369,2025-06-02,11.11588
2025-06-03,49.70929,2025-06-03,5.42708,2025-06-03,9.4857,2025-06-03,7.09091,2025-06-03,10.84294
2025-06-04,55.32519,2025-06-04,4.76902,2025-06-04,9.8166,2025-06-04,6.66467,2025-06-04,10.57187
2025-06-05,53.71183,2025-06-05,4.65311,2025-06-05,9.44457,2025-06-05,6.07391,2025-06-05,10.62795
2025-06-06,48.07537,2025-06-06,4.43999,2025-06-06,9.82034,2025-06-06,6.86096,2025-06-06,11.2131
2025-06-07,48.38384,2025-06-07,4.43252,2025-06-07,7.78448,2025-06-07,5.37847,2025-06-07,9.33054
2025-06-08,49.25688,2025-06-08,4.93167,2025-06-08,8.47806,2025-06-08,5.82714,2025-06-08,9.725
2025-06-09,61.91882,2025-06-09,5.09992,2025-06-09,9.87268,2025-06-09,6.08513,2025-06-09,10.43353
2025-06-10,61.56549,2025-06-10,5.14292,2025-06-10,9.92877,2025-06-10,6.3992,2025-06-10,9.82221
2025-06-11,59.47355,2025-06-11,4.90923,2025-06-11,9.88203,2025-06-11,6.47024,2025-06-11,10.16058
2025-06-12,59.39503,2025-06-12,4.82698,2025-06-12,9.58105,2025-06-12,5.74489,2025-06-12,10.41483
2025-06-13,56.09354,2025-06-13,4.2194,2025-06-13,7.43115,2025-06-13,5.39716,2025-06-13,10.07833
2025-06-14,46.59662,2025-06-14,4.32596,2025-06-14,7.40685,2025-06-14,5.15974,2025-06-14,9.45392
2025-06-15,50.66272,2025-06-15,4.55403,2025-06-15,7.97517,2025-06-15,6.05522,2025-06-15,10.32697
2025-06-16,60.0643,2025-06-16,4.69237,2025-06-16,7.56388,2025-06-16,6.22908,2025-06-16,10.48961
2025-06-17,59.31652,2025-06-17,4.70733,2025-06-17,8.72109,2025-06-17,6.28143,2025-06-17,10.59617
2025-06-18,57.58351,2025-06-18,4.52412,2025-06-18,8.62575,2025-06-18,6.8217,2025-06-18,11.30283
2025-06-19,53.73053,2025-06-19,4.45121,2025-06-19,8.6594,2025-06-19,6.11504,2025-06-19,11.18505
2025-06-20,53.69501,2025-06-20,3.92028,2025-06-20,6.33564,2025-06-20,5.56168,2025-06-20,10.61113
2025-06-21,44.51216,2025-06-21,3.97823,2025-06-21,6.20291,2025-06-21,5.53177,2025-06-21,10.55691
2025-06-22,46.97612,2025-06-22,4.19322,2025-06-22,7.70223,2025-06-22,6.29077,2025-06-22,11.00558
2025-06-23,58.6622,2025-06-23,5.199,2025-06-23,9.24641,2025-06-23,6.52446,2025-06-23,10.93641
2025-06-24,58.49208,2025-06-24,5.64767,2025-06-24,7.41433,2025-06-24,6.20104,2025-06-24,10.06337
2025-06-25,55.93838,2025-06-25,4.25866,2025-06-25,7.18625,2025-06-25,6.15617,2025-06-25,10.73077
2025-06-26,54.99803,2025-06-26,4.67555,2025-06-26,7.1769,2025-06-26,5.96735,2025-06-26,10.84668
2025-06-27,51.9564,2025-06-27,4.21379,2025-06-27,7.44985,2025-06-27,5.24948,2025-06-27,10.66721
2025-06-28,42.323,2025-06-28,4.06797,2025-06-28,6.24591,2025-06-28,5.04196,2025-06-28,9.56983
2025-06-29,45.52915,2025-06-29,4.52599,2025-06-29,7.82935,2025-06-29,5.84023,2025-06-29,9.71191
2025-06-30,54.43158,2025-06-30,4.84941,2025-06-30,9.31184,2025-06-30,6.47772,2025-06-30,10.39614
2025-07-01,55.41306,2025-07-01,4.78211,2025-07-01,9.67452,2025-07-01,7.58445,2025-07-01,11.20375
2025-07-02,56.02811,2025-07-02,4.80454,2025-07-02,10.21293,2025-07-02,6.79366,2025-07-02,11.34583
2025-07-03,53.953,2025-07-03,4.54842,2025-07-03,9.73808,2025-07-03,6.65532,2025-07-03,11.12149
2025-07-04,53.66884,2025-07-04,4.23996,2025-07-04,8.02191,2025-07-04,6.044,2025-07-04,10.64478
2025-07-05,44.24108,2025-07-05,4.30726,2025-07-05,8.22381,2025-07-05,5.49438,2025-07-05,10.24658
2025-07-06,48.43244,2025-07-06,4.84567,2025-07-06,9.01086,2025-07-06,6.22534,2025-07-06,9.41653
2025-07-07,58.6192,2025-07-07,5.03262,2025-07-07,9.86708,2025-07-07,6.68149,2025-07-07,11.12149
2025-07-08,60.10356,2025-07-08,4.70546,2025-07-08,11.17197,2025-07-08,6.57119,2025-07-08,10.75508
2025-07-09,71.98968,2025-07-09,4.44747,2025-07-09,11.48978,2025-07-09,6.25338,2025-07-09,10.43726
2025-07-10,61.40659,2025-07-10,4.47551,2025-07-10,10.99437,2025-07-10,6.14122,2025-07-10,10.13441
2025-07-11,58.54816,2025-07-11,4.22314,2025-07-11,9.44084,2025-07-11,5.62337,2025-07-11,9.87268
2025-07-12,48.2268,2025-07-12,4.49047,2025-07-12,8.46684,2025-07-12,5.27191,2025-07-12,9.20154
2025-07-13,51.56942,2025-07-13,4.52038,2025-07-13,7.66857,2025-07-13,6.01035,2025-07-13,9.83342
2025-07-14,63.50601,2025-07-14,4.69798,2025-07-14,7.87983,2025-07-14,6.42537,2025-07-14,10.36436
2025-07-15,61.32059,2025-07-15,4.7578,2025-07-15,6.71327,2025-07-15,6.40294,2025-07-15,10.25406
2025-07-16,61.1486,2025-07-16,4.62507,2025-07-16,6.69084,2025-07-16,6.16926,2025-07-16,10.47839
2025-07-17,59.51842,2025-07-17,4.58207,2025-07-17,5.62898,2025-07-17,5.73741,2025-07-17,10.23349
2025-07-18,58.55377,2025-07-18,4.21753,2025-07-18,5.24948,2025-07-18,5.31491,2025-07-18,9.86894
2025-07-19,48.05855,2025-07-19,3.89411,2025-07-19,5.00458,2025-07-19,5.25508,2025-07-19,9.56609
2025-07-20,51.08149,2025-07-20,4.21753,2025-07-20,6.36742,2025-07-20,5.94118,2025-07-20,10.14002
2025-07-21,60.45502,2025-07-21,4.78959,2025-07-21,7.12269,2025-07-21,6.02344,2025-07-21,10.21106
2025-07-22,64.42766,2025-07-22,4.82698,2025-07-22,7.80131,2025-07-22,6.44407,2025-07-22,10.46905
2025-07-23,61.9693,2025-07-23,4.5073,2025-07-23,7.60314,2025-07-23,5.74863,2025-07-23,10.55504
2025-07-24,59.33334,2025-07-24,4.49047,2025-07-24,8.22568,2025-07-24,6.20104,2025-07-24,10.82051
2025-07-25,61.59353,2025-07-25,4.31474,2025-07-25,7.86861,2025-07-25,5.70563,2025-07-25,10.06711
2025-07-26,48.47544,2025-07-26,5.199,2025-07-26,7.49284,2025-07-26,5.47194,2025-07-26,9.61096
2025-07-27,51.42173,2025-07-27,7.30403,2025-07-27,8.45936,2025-07-27,6.14869,2025-07-27,10.37744
2025-07-28,62.43106,2025-07-28,6.19917,2025-07-28,9.2165,2025-07-28,6.47211,2025-07-28,10.78499
2025-07-29,63.30597,2025-07-29,5.8664,2025-07-29,8.94543,2025-07-29,6.69832,2025-07-29,10.83172
2025-07-30,63.11155,2025-07-30,5.86079,2025-07-30,8.36402,2025-07-30,6.3506,2025-07-30,10.68404
2025-07-31,61.75992,2025-07-31,5.38408,2025-07-31,7.51154,2025-07-31,6.10943,2025-07-31,10.27275
2025-08-01,58.39113,2025-08-01,5.47381,2025-08-01,7.63119,2025-08-01,5.9337,2025-08-01,10.42418
2025-08-02,50.15983,2025-08-02,5.23639,2025-08-02,7.1769,2025-08-02,5.76545,2025-08-02,10.17741
2025-08-03,53.53236,2025-08-03,5.49064,2025-08-03,6.79366,2025-08-03,6.22721,2025-08-03,10.5513
2025-08-04,62.99564,2025-08-04,5.59346,2025-08-04,7.48537,2025-08-04,6.78618,2025-08-04,11.08971
2025-08-05,65.33061,2025-08-05,5.59907,2025-08-05,7.56762,2025-08-05,7.061,2025-08-05,11.34396
2025-08-06,63.50227,2025-08-06,5.242,2025-08-06,6.01596,2025-08-06,6.79179,2025-08-06,11.64868
2025-08-07,60.91865,2025-08-07,5.16722,2025-08-07,6.62915,2025-08-07,6.64784,2025-08-07,10.71021
2025-08-08,58.58181,2025-08-08,4.90175,2025-08-08,5.94305,2025-08-08,5.79162,2025-08-08,10.23349
2025-08-09,51.14131,2025-08-09,4.58768,2025-08-09,4.87932,2025-08-09,5.37286,2025-08-09,9.64087
2025-08-10,55.17937,2025-08-10,5.27939,2025-08-10,5.63085,2025-08-10,6.30386,2025-08-10,10.3737
2025-08-11,67.58707,2025-08-11,5.39343,2025-08-11,5.5112,2025-08-11,6.62167,2025-08-11,11.6169
2025-08-12,67.84692,2025-08-12,5.63646,2025-08-12,5.21022,2025-08-12,6.55437,2025-08-12,10.38118
2025-08-13,69.64349,2025-08-13,4.86997,2025-08-13,4.63816,2025-08-13,5.58224,2025-08-13,9.47262
2025-08-14,61.4795,2025-08-14,5.08683,2025-08-14,4.66059,2025-08-14,5.15974,2025-08-14,10.20545
2025-08-15,52.24056,2025-08-15,4.67929,2025-08-15,4.76902,2025-08-15,5.12609,2025-08-15,10.38118
2025-08-16,52.96031,2025-08-16,4.6662,2025-08-16,4.96719,2025-08-16,5.33173,2025-08-16,10.7906
2025-08-17,54.87091,2025-08-17,5.51494,2025-08-17,5.3766,2025-08-17,6.18047,2025-08-17,10.92146
2025-08-18,65.42782,2025-08-18,5.72245,2025-08-18,5.66263,2025-08-18,6.84601,2025-08-18,11.63186
2025-08-19,68.15912,2025-08-19,5.66637,2025-08-19,5.7561,2025-08-19,7.03482,2025-08-19,11.6786
2025-08-20,67.75532,2025-08-20,5.51681,2025-08-20,5.54485,2025-08-20,6.74692,2025-08-20,12.30674
2025-08-21,87.35675,2025-08-21,5.26256,2025-08-21,5.38408,2025-08-21,6.35433,2025-08-21,18.36944
2025-08-22,100.0,2025-08-22,5.00831,2025-08-22,5.0401,2025-08-22,5.54672,2025-08-22,17.70952
2025-08-23,57.57977,2025-08-23,4.80267,2025-08-23,4.76715,2025-08-23,5.46073,2025-08-23,18.30775
2025-08-24,57.65268,2025-08-24,5.53177,2025-08-24,5.27939,2025-08-24,6.17113,2025-08-24,19.6332
2025-08-25,73.93767,2025-08-25,5.59907,2025-08-25,5.67011,2025-08-25,6.9507,2025-08-25,18.83681
2025-08-26,69.15929,2025-08-26,5.68132,2025-08-26,5.23078,2025-08-26,6.23656,2025-08-26,18.80503
2025-08-27,72.57482,2025-08-27,5.5785,2025-08-27,5.24948,2025-08-27,6.35807,2025-08-27,18.51339
2025-08-28,70.87921,2025-08-28,5.53364,2025-08-28,4.60638,2025-08-28,6.32255,2025-08-28,18.41431
2025-08-29,66.3233,2025-08-29,5.20087,2025-08-29,4.85876,2025-08-29,6.39546,2025-08-29,19.08358
2025-08-30,55.18498,2025-08-30,5.21396,2025-08-30,4.9111,2025-08-30,6.01035,2025-08-30,19.24622
2025-08-31,60.44568,2025-08-31,5.48503,2025-08-31,4.82698,2025-08-31,7.03669,2025-08-31,18.94898
2025-09-01,70.74648,2025-09-01,5.84023,2025-09-01,4.82324,2025-09-01,6.94509,2025-09-01,17.72447
2025-09-02,78.60761,2025-09-02,5.27378,2025-09-02,4.9784,2025-09-02,6.39733,2025-09-02,19.87624
2025-09-03,71.0512,2025-09-03,5.27004,2025-09-03,4.89241,2025-09-03,6.39172,2025-09-03,19.90241
2025-09-04,69.62479,2025-09-04,5.45138,2025-09-04,4.74098,2025-09-04,6.71701,2025-09-04,20.94931
2025-09-05,64.92494,2025-09-05,4.96345,2025-09-05,3.56508,2025-09-05,4.8625,2025-09-05,17.67026
2025-09-06,55.43549,2025-09-06,4.74846,2025-09-06,3.17249,2025-09-06,4.69424,2025-09-06,17.34871
2025-09-07,59.7521,2025-09-07,5.00644,2025-09-07,3.35944,2025-09-07,5.12609,2025-09-07,16.83647
2025-09-08,73.27774,2025-09-08,5.49812,2025-09-08,3.85111,2025-09-08,5.55794,2025-09-08,17.26645
2025-09-09,74.0704,2025-09-09,5.31491,2025-09-09,3.49217,2025-09-09,5.46447,2025-09-09,16.06064
2025-09-10,71.55596,2025-09-10,5.5112,2025-09-10,3.48095,2025-09-10,5.34856,2025-09-10,16.46445
2025-09-11,73.79933,2025-09-11,5.10179,2025-09-11,3.466,2025-09-11,5.35604,2025-09-11,17.01968
2025-09-12,69.83978,2025-09-12,4.5129,2025-09-12,3.02293,2025-09-12,4.52786,2025-09-12,15.00252
2025-09-13,61.20842,2025-09-13,6.23469,2025-09-13,2.31066,2025-09-13,4.51103,2025-09-13,11.30844
2025-09-14,63.80325,2025-09-14,5.74489,2025-09-14,2.7313,2025-09-14,5.17283,2025-09-14,11.91041
2025-09-15,73.05341,2025-09-15,5.78228,2025-09-15,3.34635,2025-09-15,5.49625,2025-09-15,12.26187
2025-09-16,71.58213,2025-09-16,5.23265,2025-09-16,3.2884,2025-09-16,5.35417,2025-09-16,13.59294
2025-09-17,70.91099,2025-09-17,4.97092,2025-09-17,2.78925,2025-09-17,5.50559,2025-09-17,15.93539
2025-09-18,68.35542,2025-09-18,4.70172,2025-09-18,2.7313,2025-09-18,5.10179,2025-09-18,15.97278
2025-09-19,69.87156,2025-09-19,4.34839,2025-09-19,2.26393,2025-09-19,4.11097,2025-09-19,15.69609
2025-09-20,57.00398,2025-09-20,4.14088,2025-09-20,2.27327,2025-09-20,3.90532,2025-09-20,16.18403
2025-09-21,62.41423,2025-09-21,4.49047,2025-09-21,2.67895,2025-09-21,4.63816,2025-09-21,19.44252
2025-09-22,75.94174,2025-09-22,4.71855,2025-09-22,2.87711,2025-09-22,4.83445,2025-09-22,18.82933
2025-09-23,75.5585,2025-09-23,4.29418,2025-09-23,2.80981,2025-09-23,6.30199,2025-09-23,21.60363
2025-09-24,71.77282,2025-09-24,4.61759,2025-09-24,2.54809,2025-09-24,6.97126,2025-09-24,20.27443
2025-09-25,65.99054,2025-09-25,4.11658,2025-09-25,2.41162,2025-09-25,4.6419,2025-09-25,20.13609
2025-09-26,62.55257,2025-09-26,4.02871,2025-09-26,2.492,2025-09-26,4.14649,2025-09-26,20.00149
2025-09-27,53.01639,2025-09-27,3.90719,2025-09-27,2.21719,2025-09-27,3.96328,2025-09-27,18.82185
2025-09-28,58.42478,2025-09-28,4.10162,2025-09-28,2.17045,2025-09-28,4.54842,2025-09-28,19.73042
2025-09-29,68.28251,2025-09-29,4.354,2025-09-29,2.66026,2025-09-29,4.89241,2025-09-29,19.52291
2025-09-30,68.85083,2025-09-30,4.12966,2025-09-30,2.56491,2025-09-30,4.62694,2025-09-30,21.37742
2025-10-01,66.54951,2025-10-01,4.08666,2025-10-01,2.43405,2025-10-01,4.7335,2025-10-01,19.04432
2025-10-02,57.1554,2025-10-02,3.65295,2025-10-02,2.00033,2025-10-02,3.47722,2025-10-02,17.56557
2025-10-03,52.2256,2025-10-03,3.2884,2025-10-03,1.89377,2025-10-03,3.39496,2025-10-03,16.95612
2025-10-04,49.1391,2025-10-04,3.27344,2025-10-04,1.67317,2025-10-04,3.34261,2025-10-04,14.91652
2025-10-05,46.72561,2025-10-05,3.41365,2025-10-05,1.68065,2025-10-05,3.28466,2025-10-05,15.77461
2025-10-06,48.84186,2025-10-06,3.39122,2025-10-06,1.77599,2025-10-06,3.38935,2025-10-06,16.83086
2025-10-07,52.87618,2025-10-07,3.6679,2025-10-07,1.77039,2025-10-07,3.96328,2025-10-07,18.16567
2025-10-08,54.23342,2025-10-08,4.05114,2025-10-08,2.05455,2025-10-08,4.59142,2025-10-08,17.16924
2025-10-09,58.97066,2025-10-09,4.36895,2025-10-09,2.36862,2025-10-09,5.07188,2025-10-09,16.10738
2025-10-10,68.03013,2025-10-10,4.5989,2025-10-10,2.39853,2025-10-10,5.20274,2025-10-10,16.70374
2025-10-11,60.54663,2025-10-11,4.53721,2025-10-11,2.535,2025-10-11,5.18965,2025-10-11,18.18623
2025-10-12,64.36035,2025-10-12,4.86997,2025-10-12,2.50135,2025-10-12,5.48129,2025-10-12,18.41244
2025-10-13,81.84741,2025-10-13,4.42317,2025-10-13,2.50883,2025-10-13,5.76919,2025-10-13,19.13219
2025-10-14,72.39348,2025-10-14,4.38391,2025-10-14,2.34245,2025-10-14,5.38408,2025-10-14,15.59888
2025-10-15,69.76126,2025-10-15,3.94458,2025-10-15,2.63221,2025-10-15,5.3766,2025-10-15,15.39511
2025-10-16,66.2747,2025-10-16,3.8885,2025-10-16,2.54622,2025-10-16,4.95597,2025-10-16,14.41737
2025-10-17,61.90761,2025-10-17,3.94458,2025-10-17,2.50135,2025-10-17,4.42691,2025-10-17,12.94236
2025-10-18,52.72849,2025-10-18,3.46787,2025-10-18,2.01529,2025-10-18,4.21753,2025-10-18,14.39681
2025-10-19,57.5536,2025-10-19,3.63986,2025-10-19,2.42844,2025-10-19,4.52412,2025-10-19,15.37828
2025-10-20,76.63345,2025-10-20,4.10162,2025-10-20,2.61726,2025-10-20,5.02514,2025-10-20,14.29025
2025-10-21,77.90095,2025-10-21,4.06236,2025-10-21,2.62847,2025-10-21,5.02701,2025-10-21,13.62285
2025-10-22,76.24273,2025-10-22,4.02684,2025-10-22,2.43405,2025-10-22,4.62881,2025-10-22,13.6378
2025-10-23,69.03778,2025-10-23,3.83242,2025-10-23,2.39666,2025-10-23,4.5802,2025-10-23,12.87506
2025-10-24,64.79594,2025-10-24,3.6922,2025-10-24,2.29945,2025-10-24,4.23435,2025-10-24,12.99657
2025-10-25,53.16969,2025-10-25,3.71651,2025-10-25,1.9592,2025-10-25,4.0474,2025-10-25,12.41891
2025-10-26,61.70009,2025-10-26,4.00815,2025-10-26,2.12746,2025-10-26,4.58207,2025-10-26,12.44508
2025-10-27,77.58688,2025-10-27,4.73911,2025-10-27,2.52005,2025-10-27,4.87184,2025-10-27,12.45256
2025-10-28,75.25938,2025-10-28,4.30913,2025-10-28,2.49013,2025-10-28,4.63816,2025-10-28,11.73655
2025-10-29,70.90351,2025-10-29,4.12779,2025-10-29,2.37049,2025-10-29,4.72602,2025-10-29,11.34022
2025-10-30,65.2334,2025-10-30,4.14088,2025-10-30,2.27701,2025-10-30,4.67368,2025-10-30,10.59243
2025-10-31,58.94262,2025-10-31,3.72772,2025-10-31,2.0265,2025-10-31,4.2867,2025-10-31,10.27088
2025-11-01,54.70826,2025-11-01,3.34635,2025-11-01,2.31627,2025-11-01,4.83632,2025-11-01,11.1028
2025-11-02,64.50057,2025-11-02,3.81933,2025-11-02,2.47144,2025-11-02,5.41773,2025-11-02,11.89732
2025-11-03,75.45381,2025-11-03,3.92589,2025-11-03,2.80607,2025-11-03,5.30743,2025-11-03,11.40939
2025-11-04,70.78387,2025-11-04,4.06236,2025-11-04,2.85094,2025-11-04,5.59346,2025-11-04,11.51782
2025-11-05,67.99461,2025-11-05,4.14836,2025-11-05,2.70325,2025-11-05,5.19526,2025-11-05,10.6859
2025-11-06,65.51008,2025-11-06,3.92028,2025-11-06,2.6696,2025-11-06,4.97466,2025-11-06,9.99046
2025-11-07,64.55665,2025-11-07,3.42113,2025-11-07,2.5107,2025-11-07,4.6419,2025-11-07,9.97177
2025-11-08,52.78458,2025-11-08,3.49778,2025-11-08,1.87134,2025-11-08,4.11284,2025-11-08,8.70052
2025-11-09,56.11037,2025-11-09,4.83819,2025-11-09,2.05268,2025-11-09,4.54842,2025-11-09,9.24828
2025-11-10,68.23951,2025-11-10,5.66824,2025-11-10,2.5107,2025-11-10,4.97653,2025-11-10,9.53244
2025-11-11,72.03454,2025-11-11,4.21566,2025-11-11,2.61352,2025-11-11,4.77837,2025-11-11,9.58852
2025-11-12,68.19278,2025-11-12,4.12031,2025-11-12,2.32936,2025-11-12,4.38952,2025-11-12,9.26884
2025-11-13,64.04254,2025-11-13,3.73333,2025-11-13,2.15363,2025-11-13,4.23435,2025-11-13,8.42758
2025-11-14,60.29986,2025-11-14,3.77072,2025-11-14,2.14802,2025-11-14,4.26239,2025-11-14,8.56031
2025-11-15,52.52472,2025-11-15,3.55386,2025-11-15,1.99285,2025-11-15,3.85672,2025-11-15,8.15838
2025-11-16,56.19263,2025-11-16,4.02123,2025-11-16,2.17606,2025-11-16,4.37456,2025-11-16,8.52853
2025-11-17,69.69583,2025-11-17,4.06797,2025-11-17,2.21719,2025-11-17,4.4456,2025-11-17,9.08564
2025-11-18,70.97268,2025-11-18,4.74846,2025-11-18,2.33497,2025-11-18,4.42691,2025-11-18,9.3268
2025-11-19,65.65216,2025-11-19,4.82511,2025-11-19,2.3144,2025-11-19,4.61199,2025-11-19,9.59413
2025-11-20,63.74717,2025-11-20,4.24744,2025-11-20,2.18915,2025-11-20,4.26426,2025-11-20,9.95494
2025-11-21,57.58912,2025-11-21,3.96515,2025-11-21,2.08633,2025-11-21,4.20631,2025-11-21,9.1735
2025-11-22,48.72595,2025-11-22,3.67912,2025-11-22,1.94799,2025-11-22,3.87915,2025-11-22,9.11181
2025-11-23,51.94518,2025-11-23,4.09975,2025-11-23,2.06202,2025-11-23,4.36895,2025-11-23,9.28006
2025-11-24,61.98052,2025-11-24,4.30539,2025-11-24,2.32375,2025-11-24,4.89428,2025-11-24,10.0185
2025-11-25,62.57875,2025-11-25,4.24744,2025-11-25,2.23028,2025-11-25,4.77089,2025-11-25,10.16245
2025-11-26,61.62905,2025-11-26,4.14462,2025-11-26,2.29758,2025-11-26,4.61572,2025-11-26,9.57731
2025-11-27,57.9275,2025-11-27,4.13153,2025-11-27,2.50883,2025-11-27,4.28109,2025-11-27,10.00168
2025-11-28,54.81108,2025-11-28,3.73894,2025-11-28,2.46396,2025-11-28,4.24557,2025-11-28,10.32884
2025-11-29,47.52762,2025-11-29,3.81559,2025-11-29,1.95733,2025-11-29,4.5989,2025-11-29,10.42979
2025-11-30,51.78067,2025-11-30,4.03993,2025-11-30,2.56678,2025-11-30,5.73928,2025-11-30,11.09345
2025-12-01,61.56362,2025-12-01,4.52225,2025-12-01,2.80234,2025-12-01,6.16552,2025-12-01,11.72346
2025-12-02,0,2025-12-02,0,2025-12-02,0,2025-12-02,0,2025-12-02,0