ingredient_id,ingredient_name
0,#1. 부메랑 칼슘티타늄보로실리케이트
1,#2. 피치파우트 탤크
2,#핑키 마이카
3,(1제) 정제수
4,(STEP 1) 정제수
5,(로지) 하이드로제네이티드폴리(C6-14올레핀)
6,(소프너) 정제수
7,(스카이코랄) 하이드로제네이티드폴리(C6-14올레핀)
8,*BLACK TEA PEPTIDE ACTIVATORTM / 정제수
9,*맨 리차징 토너 : 정제수
10,*소듐아세틸레이티드하이알루로네이트
11,*소듐하이알루로네이트
12,*소듐하이알루로네이트크로스폴리머
13,*포타슘하이알루로네이트
14,*하이드록시프로필트라이모늄하이알루로네이트
15,*하이드롤라이즈드소듐하이알루로네이트
16,*하이드롤라이즈드하이알루로닉애씨드
17,*하이알루로닉애씨드
18,*히알루론 컴플렉스 10ppm 함유 정제수
19,000 ppm)
20,000.01 ppm)
21,000IU/g)
22,000PPM)
23,000kcal 기준이므로 개인의 필요 열량에 따라 다를 수 있습니다.
24,000ppm)
25,005PPM)
26,056ppm)
27,073ppm)
28,1-디포스포닉애씨드액
29,1-하이드록시에탄-1
30,1. 하이라이터: 옥틸도데칸올
31,100ppm)
32,110kcal) 1일 영양성분 기준치에 대한 비율 (100g당) 나트륨 : 100mg (5%)
33,162 IU/g(0.12%)
34,175 ppm)
35,1개(20g)당 58kcal 나트륨 15mg 1%
36,1개(20g)당 85kca 나트륨35mg 2%
37,1일 영양성분 기준치에 대한  (%)은 2
38,1제(염모제): 정제수
39,1제: 미네랄오일
40,1제: 정제수
41,1포 당 15kcal 나트륨 200mg(10%)
42,2 -헥산다이올
43,2-메칠-5-하이드록시에칠아미노페놀
44,2-핵산다이올
45,2-헥 산다이올
46,2-헥산 다이올
47,2-헥산-이올
48,2-헥산다이올
49,2-헥산다이올 / 2제(산화제): 정제수
50,2-헥산다이올 / [3호] 마이카
51,2-헥산다이올 / [4호] 마이카
52,2-헥산다이올 펜틸렌글라이콜 카프릴릴글라이콜 캐모마일꽃추출물 병풀추출물 마데카소사이드
53,2-헥산다이올*
54,2-헥산다이올·폴리솔베이트80
55,2-헥산디올
56,202 ppm)
57,205 ppm)
58,22N 페탈 베이지 / 녹차수
59,3-O- 에틸아스코빅애씨드(20
60,3-O-에틸아스코빅애씨드
61,3-O-에틸아스코빅애씨드(0.1 PPM)
62,3-O-에틸아스코빅애씨드(1
63,3-O-에틸아스코빅애씨드(10 ppm)
64,3-O-에틸아스코빅애씨드(20
65,3-부탄다이올
66,300ppm)
67,340 ppm)
68,4-다이카복실레이트
69,4-디아미노페녹시에탄올
70,4-아미노-2-하이드록시톨루엔
71,498 ppb)
72,5-디아민
73,500ppm)
74,540ppm)
75,554 ppm)
76,590ppm)
77,6-나프탈레이트
78,600ppm)
79,609 ppm)
80,6종혼합유산균
81,7-데하이드로콜레스테롤
82,731PPM)
83,762 ppm)*
84,780 ppm)
85,7g 3%
86,800ppm)
87,850.1 ppm)
88,975 ppm)
89,987 ppm)
90,APIC대두배아열수추출물등복합물(대두배아추출물분말(대두(미국산))
91,AP콜라겐효소분해펩타이드
92,B.animalis ssp. lactis BI-04
93,B.animalis ssp. lactis)
94,B.animalis ssp.lactis HN019
95,B.bifidum
96,B.breve
97,B.longum
98,Bi dobacterium animalis ssp. lactis
99,Bi dobacterium longum
100,Bifidobacterium animalis ssp.lactis
101,Bifidobacterium bi dum
102,Bifidobacterium bifidum
103,Bifidobacterium breve
104,C10-18트라이글리세라이즈
105,C11-13아이소알케인
106,C12-14알케스-12
107,C12-14파레스-12
108,C12-15알코올
109,C12-15알킬벤조에이트
110,C12-15알킬에틸헥사노에이트
111,C12-15파레스-3
112,C12-16알코올
113,C12-20알킬글루코사이드
114,C13-14아이소파라핀
115,C13-15알케인
116,C14-22알코올
117,C18-21알케인
118,C20-24알킬다이메티콘
119,C20-24올레핀
120,C30-45알킬다이메틸실릴폴리프로필실세스퀴옥세인
121,C30-45알킬세테아릴다이메티콘크로스폴리머
122,C30-50알코올
123,C9-12알케인
124,D-α-토코페롤
125,D-α-토코페롤 캡슐기제 젤라틴
126,D-비오틴
127,D-소르비톨액
128,D-소비톨
129,D-소비톨(감미료)
130,D-토코페롤
131,D-토코페롤)(노르웨이산)
132,DL-사과산
133,DL-트레오닌)
134,L-글루탐산발효 가바분말(국내산)
135,L-라이신염산 염
136,L-로이신
137,L-메티오닌
138,L-멘톨
139,L-발린
140,L-시스테인염산염
141,L-시스틴
142,L-아르기닌
143,L-아르지닌
144,L-아스코르빈산나트륨
145,L-아스코브산나트륨
146,L-이소로이신
147,L-카르니틴)
148,L-트레오닌
149,L-트립토판)
150,L-히스티딘
151,L.acidophilus La14
152,L.paracasei Lpc-37
153,L.plantarum APsulloc331261
154,L.plantarum Lp 115
155,L.plantarumAPsulloc331261발효액(사균체)
156,L.rhamnosus GG
157,L.rhamnosus HN001)
158,Lacticaseibacillus casei
159,Lacticaseibacillus rhamnosus
160,Lactiplantibacillus plantarum APSulloc 331261
161,Lactiplantibacillus plantarum APsulloc331261 발효액(사균체)
162,Lactobacillus acidophilus)
163,Lactobacillus gasseri)
164,Lactobacillus helveticus
165,Lactococcus lactis
166,L아르기닌
167,M-아미노페놀
168,MCT 오일
169,N
170,N-비스(2-히드록시에틸)-p-페닐렌디아민설페이트
171,N-아세틸글루코사민(홍게(국산))
172,P-아미노페놀
173,P-페닐렌디아민
174,T-부틸알코올
175,VB6종복합코팅유산균(L.rhamnosus
176,[00P1] 정제수
177,[01 Bright] 티타늄디옥사이드 (CI 77891)
178,[01 화사 생기] [공통-보습] 스쿠알란
179,[04 댄싱 데이지] 정제수
180,[13N1] 정제수
181,[1] 탤크
182,[1제 액티베이터] 정제수
183,[1제 크림] 정제수
184,[1호] 마이카
185,[21N1] 정제수
186,[23N1] 정제수
187,[Minnie] 탤크
188,[Pencil] 마이카
189,[Step1. 히알루로닉 볼륨 부스터] 정제수
190,[champagne beam-7mm] C12-15알킬에틸헥사노에이트
191,[공통-보습] 스쿠알란
192,[그린티딸기랑드샤] 총 내용량 90g(515kcal)
193,[레드이치 케어크림] 정제수
194,[로션] 정제수
195,[루트젠 여성 맞춤 탈모증상전문케어 샴푸] 정제수
196,[루트젠 여성 맞춤 탈모증상전문케어 샴푸]정제수
197,[루트젠 여성 탈모전문케어 샴푸] 정제수
198,[리제덤365 모공탄력 캡슐세럼] 정제수
199,[리퀴드솝] 정제수
200,[마이] 마이카
201,[맨바이오에센스] 효모발효여과물
202,[무광 하이라이터 Natural Ivory] 탤크
203,[보습] 스쿠알란
204,[본윤에센스] 정제수
205,[블랙티앤피그 소프트닝 바디워시] 정제수
206,[블랙티앤피그 소프트닝 샴푸] 정제수
207,[뽀오얀 클렌징 오일] C12-15알킬벤조에이트
208,[샌달우드 인텐시브 바디워시] 정제수
209,[샌달우드 인텐시브 샴푸] 정제수
210,[샌달우드] 사이클로펜타실록세인
211,[세럼] 편백수
212,[세럼]정제수
213,[소프너] 정제수
214,[순백의 베이지] 탤크
215,[스킨 리파이너] 정제수
216,[스킨 소프너] 정제수
217,[스킨] 정제수
218,[스킨] 정제수*
219,[스킨]정제수
220,[스텝1] 정제수
221,[아이 캐치] 칼슘티타늄보로실리케이트
222,[아이 컨택] 마이카
223,[애교살라이너] 사이클로펜타실록세인
224,[앰플] 정제수
225,[에센스] 정제수
226,[에센스워터] 정제수
227,[울트라 너리싱 어드밴스드 토너] 정제수
228,[워터] 정제수
229,[유효성분] 과산화수소수(35%)
230,[유효성분] 녹차추출액
231,[유효성분] 덴탈타입실리카
232,[유효성분] 일불소인산나트륨
233,[유효성분]녹차추출액
234,[윤조에센스] 정제수
235,[자음생수] 정제수
236,[자음수] 정제수
237,[전성분] 정제수
238,[제로퍼센트 저자극 버블핸드워시] 정제수
239,[젤리] 마이카
240,[좌] 탤크
241,[진설수] 정제수
242,[컬픽스 마스카라 1호 블랙] 아이소도데케인
243,[컬픽스 마스카라(블랙)] 아이소도데케인
244,[크림] 정제수
245,[토너] 정제수
246,[토너]정제수
247,[톤앤톤] 탤크
248,[파운데이션] 17C 쿨 포슬린 / 녹차수
249,[파운데이션] 21N 퓨어 아이보리 / 녹차수
250,[파운데이션] 22N 페탈 베이지 / 녹차수
251,[퍼밍 파우더] 알부민
252,[펜슬] 하이드로제네이티드돌콩오일
253,[포어 슈링커 바쿠치올 패드] 정제수
254,[플럼핑로션] 정제수
255,[필링 투 폼] 정제수
256,[핑크 젤리 냠냠] 탤크
257,[한율 극진 스킨] 정제수
258,[헤라 옴므 블랙 액티브 어드밴스드 토너] 정제수
259,[헤라 옴므 블루 에센스 인 토너] 정제수
260,[홀리추얼 뉴트리 엘릭서 미스트] 정제수
261,d-α-토코페롤
262,d-토코페롤
263,d-토코페롤(혼합형))(노르웨이산)
264,d-토코페롤)(노르웨이산)
265,dl-α-토코페롤)
266,dl-α-토코페롤)(인도산)
267,dl-α-토코페릴아세테이트
268,β-시클로덱스트린
269,• 오설록 제주 말차 밀크티 총 내용량 100g (20gx5개) 1개 (20g) 85kcal 나트륨 45mg 2% / 탄수화물 16g 5% / 당류 12g 12% / 지방 1.7g 3% / 트랜스지방 0g / 포화지방 1.5g 10% / 콜레스테롤 0mg 0% / 단백질 1g 2% • 오설록 얼그레이 밀크티 총 내용량 100g (20gx5개) 1개 (20g) 85kcal 나트륨 50mg 3% / 탄수화물 16g 5% / 당류 13g 13% / 지방 1g 2% / 트랜스지방 0g / 포화지방 0 8g 5% / 콜레스테롤 0mg 0% / 단백질 1.6g 3% • 오설록 제주 호지차 밀크티 총 내용량 100g (20gx5개) 1개 (20g) 85kcal 나트륨 34mg 2% / 탄수화물 16g 5% / 당류 13g 13% / 지방 1.7g 3%/트랜스지방 0g / 포화지방 1.5g 10% / 콜레스테롤 5mg 미만 1% / 단백질 1g 2% • 오설록 제주 말차 오트 블렌드 총 내용량 100g (20gx5개) 1개 (20g) 85kcal 나트륨15mg 1% / 탄수화물 16g 5% / 당류 9g 9% / 지방 2g 4% / 트랜스지방 0g / 포화지방 1.8g 12% / 콜레스테롤 0mg 단백질 1g 2% * 1일 영양성분 기준치에 대한 비율 (%)은 2
270,Ⅲ(베트남산)
271,∙ 에뛰드 수분가득 콜라겐 토너 : 정제수
272,가 공유지
273,가공유지
274,가교카르복시메틸셀룰로스나트륨
275,가교카복시메틸셀룰로스나트륨
276,가르시니아캄보지아추출물(인도산)
277,가시오갈피뿌리추출물
278,가시칠엽수씨추출물
279,가시칠엽수씨추출물 [에멀전] 정제수
280,각시둥굴레뿌리줄기/뿌리추출물
281,갈락토올리고당
282,갈립검오일
283,갈바눔수지오일
284,감국꽃추출물
285,감귤껍질추출물
286,감자전분
287,감초뿌리추출물
288,감추출물
289,강황추출물
290,개구리밥추출물(부평추출물)
291,건조맥주효모
292,건조효모(셀렌)
293,건조효모(셀렌)(캐나다산)
294,건조효모(크롬)
295,건조효모(크롬함유)
296,건조효모(크롬함유) 우유
297,검양옻나무열매왁스
298,검은깨추출물
299,검정콩오일
300,검정콩오일(0.948ppm)
301,검정콩추출물
302,검정콩추출물(100ppm)
303,게
304,겔리듐 카르틸라기네움 추출물
305,겨우살이잎추출물
306,결정셀룰로스
307,결정셀룰로오 스
308,결정셀룰로오스
309,결정젤룰로스
310,고등어 함유
311,고무나무가루
312,고수추출물
313,고추열매추출물
314,고추추출물
315,곡물 향혼합제제{혼합제제(덱스트린
316,곤약프로틴볼(곤약분말(중국산)
317,광곽향오일
318,구기자추출물
319,구릿대뿌리가루
320,구아검
321,구아검)
322,구아검 대두함유
323,구아이아줄렌
324,구아이아줄렌(100ppm)
325,구아이아줄렌(10ppm)
326,구아이아줄렌(20ppm)
327,구아하이드록시프로필트라이모늄클로라이드
328,구연산
329,구연산(무수)
330,구연산)
331,구연산나트륨
332,구연산삼나트륨
333,구연산삼나트륨)
334,구연산칼륨
335,구주소나무잎오일
336,국화추출물
337,국화추출물(900 ppm)
338,권백추출물
339,귀리식이섬유
340,귀리커넬추출물
341,귀리펩타이드
342,규조토
343,귤껍질추출물
344,글라이 콜릭애씨드
345,글라이드올리에이트
346,글라이신
347,글라이코리피드
348,글라이코젠
349,글라이코프로테인
350,글라이콜다이스테아 레이트
351,글라이콜다이스테아레이트
352,글라이콜릭애씨드
353,글루 코노락톤
354,글루코노 락톤
355,글루코노-δ-락톤
356,글루코노델타락톤
357,글루코노락톤
358,글루코노락톤. 밤껍질추출물(1
359,글루코만난
360,글루코사민에이치씨엘
361,글루코실헤스페리딘
362,글루코오스
363,글루콘산동
364,글루콘산아연
365,글루타믹애씨드
366,글루타믹애씨드(100ppm)
367,글루타믹애씨드*
368,글루타티온
369,글루타티온 / [에멀젼] 정제수
370,글루타티온(10ppm)
371,글루타티온(5000ppb)
372,글리 세린
373,글리 세릴카프릴레이트
374,글리세 릴스테아레이트
375,글리세레스-25피씨에이아이소스테아레이트
376,글리세레스-26
377,글리세린
378,글리세린*
379,글리세린디아세틸주석산지방산에스테르
380,글리세린지방산에스테르
381,글리세린초산지방산에스테르
382,글리세릴 스테아레이트
383,글리세릴 카프릴레이트
384,글리세릴글루코사이드
385,글리세릴베헤네이트
386,글리세릴베헤네이트/에이코사디오에이트
387,글리세릴스테아 레이트
388,글리세릴스테아 레이트시트레이트
389,글리세릴스테아레이트
390,글리세릴스테아레이트시 트레이트
391,글리세릴스테아레이트시트레이트
392,글리세릴스테아레이트에스이
393,글리세릴아크릴레이트/아크릴릭애씨드코폴리머
394,글리세릴올리에이트
395,글리세릴올리에이트*
396,글리세릴운데실다이메티콘
397,글리세릴카프 릴레이트
398,글리세릴카프릴 레이트
399,글리세릴카프릴레이트
400,글리세릴폴리메타크릴레이트
401,금
402,기타가공품}
403,긴병꽃풀추출물
404,꽃생강뿌리추출물
405,꽃송이버섯추출물
406,꽃송이버섯추출물 [로션]정제수
407,꽃창포추출물
408,꿀
409,꿀추출물(0.03ppm)
410,꿀추출물(100ppb)
411,꿀풀잎추출물
412,나무
413,나이아신
414,나이아신 아마이드
415,나이아신아 마이드
416,나이아신아마 이드
417,나이아신아마이드
418,나이아신아마이드(0.11%)
419,나이아신아마이드(20
420,나이아신아마이드(40
421,나이아신아마이드(50
422,나일론-12
423,나일론6/12
424,나트륨 110mg(6%)
425,나트륨 120mg(6%)
426,나트륨 165mg(8%)
427,나트륨 170mg(9%)
428,나트륨 320mg(16%)
429,나트륨 75mg(4%)
430,나팔수선화추출물
431,난각막콜라겐
432,난소화성말토덱스트린
433,난소화성말토덱스트린(옥수수: 외국산(러시아
434,난소화성말토덱스트린(외국산(러시아
435,난추출물 (5 ppm)
436,난추출물(10 ppm)
437,남가새열매추출물
438,낫토검
439,내용물 중량 스틱 1포 20g 카페인 26.3mg 열량 87.65 kcal 탄수화물 14.97g 당류 6.59g
440,내용물 중량 스틱 1포 20g 카페인 33.3mg 열량 8.76 kcal 탄수화물 16.28g 당류 14.31g
441,내용물 중량 스틱 1포 20g 카페인 54.7mg 열량 84.76 kcal 탄수화물 16.47g 당류 13.08g
442,네 오펜틸글라이콜다이헵타노에이트
443,네오펜틸글라이콜다이에틸헥사노에이트
444,네오펜틸글라이콜다이카프레이트
445,네오펜틸글라이콜다이헵타노에이트
446,노나펩타이드-1
447,녹나무잎추출물
448,녹두가루
449,녹두씨추출물
450,녹색201호
451,녹차가루
452,녹차꽃추출물
453,녹차다당분말
454,녹차다당분말 [난류(가금류)
455,녹차다당분말 우유함유
456,녹차다당체분말
457,녹차뿌리추출물
458,녹차수
459,녹차씨오일
460,녹차씨오일 (10ppm)
461,녹차씨오일(1
462,녹차씨오일(2
463,녹차씨오일(2.5 ppm)
464,녹차씨오일(5 ppm)
465,녹차씨추출물
466,녹차씨추출물 (1.9ppm)
467,녹차씨추출물(19 ppm)
468,녹차유산균 발효농축분말(말토덱스트린
469,녹차유산균발효농축분말(말토덱스트린
470,녹차추출물
471,녹차추출물 (4ppm)
472,녹차추출물 *맨 리차징 로션 : 정제수
473,녹차추출물 캡슐기제 - 젤라틴
474,녹차추출물 캡슐기제- 젤라틴
475,녹차추출물(0.02ppm)
476,녹차추출물(0.2 ppm)
477,녹차추출물(0.5 ppm)
478,녹차추출물(121 ppm)
479,녹차추출물(172ppm)
480,녹차추출물(191 ppm)
481,녹차추출물(31ppm)
482,녹차추출물(366 ppm)*
483,녹차추출물(8 ppm)
484,녹차추출물(인도산)
485,녹차추출물(카페인 함유)
486,녹차추출물*
487,녹차추출물분말(인도산)
488,녹차추출액
489,농축우유단백분말(오스트리아산)
490,니코틴산아미드
491,니코틴아마이드모노뉴클레오타이드
492,다니스코VB7종혼합유산 균(말토덱스트린
493,다마스크장미 꽃오일
494,다마스크장미꽃수
495,다마스크장미꽃수(90%)
496,다마스크장미꽃오일
497,다마스크장미꽃추출물
498,다마스크장미꽃추출물 [홀리추얼 시그니처 센티드 핸드크림] 정제수
499,다마스크장미꽃추출물(120 ppm)
500,다마스크장미꽃추출물(2 ppm)
501,다마스크장미꽃추출물(20 ppm)
502,다마스크장미꽃추출물(320 ppm)
503,다시마추출물
504,다이-C12-13알킬말레이트
505,다이글리세린
506,다이머다이리놀레일다이머다이리놀리에이트
507,다이메 티콘올
508,다이메티콘
509,다이메티콘 #모브 그레이 마이카
510,다이메티콘 #쉬어 핑크 마이카
511,다이메티콘 #썸 시크 마이카
512,다이메티콘/비닐다이메 티콘크로스폴리머
513,다이메티콘/비닐다이메티콘크 로스폴리머
514,다이메티콘/비닐다이메티콘크로스폴리머
515,다이메티콘/폴리글리세린-3크로스폴리머
516,다이메티콘/피이지-10/15크로스폴리머
517,다이메티콘올
518,다이메티콘크로스폴리머
519,다이메틸실란올하이알루로네이트
520,다이메틸아이소소바이드
521,다이메틸에터
522,다이부틸라우로일글루타마이드
523,다이부틸아디페이트
524,다이부틸에틸헥사노일글루타마이드
525,다이소듐 이디티에이
526,다이소듐라우레스설포석시네이트
527,다이소듐라우릴 설포석시네이트
528,다이소듐라우릴설포석시 네이트
529,다이소듐라우릴설포석시네이트
530,다이소듐스테아로 일글루타메이트
531,다이소듐스테아로일글루타메이트
532,다이소듐이디 티에이
533,다이소듐이디티 에이
534,다이소듐이디티에이
535,다이소듐이디티에이 / [뽀오얀 클렌징 폼] 정제수
536,다이소듐이디티에이 / 제2제 : 정제수
537,다이소듐이디티에이*
538,다이소듐코코암포다이아세테이트
539,다이소듐코코일글루타메이트
540,다이소듐포스페이트
541,다이스테아?┤┘이모늄헥토라이트
542,다이스테아다이모늄헥토라이트
543,다이실록세인
544,다이아몬드가루
545,다이아이소스테아로일폴리글리세릴-3다이머다이리놀리에이트
546,다이아이소스테아릴말레이트
547,다이아이소프로필세바케이트
548,다이에톡시에틸석시네이트
549,다이에틸헥실2
550,다이에틸헥실석시네이트
551,다이에틸헥실소듐설포석시네이트
552,다이올레오일에틸하이드록시에틸모늄메토설페이트
553,다이카프릴릴에터
554,다이카프릴릴카보네이트
555,다이칼슘포스페이트
556,다이팔미토일에틸하이드록시에틸모늄메토설페이트
557,다이팔미토일하이드록시프로린
558,다이팔미토일하이드록시프롤린
559,다이페닐다이메 티콘
560,다이페닐다이메티콘
561,다이페닐다이메티콘/비닐다이페닐다이메티콘/실세스퀴옥세인크로스폴리머
562,다이페닐실록시페닐트라이메티콘
563,다이펜타에리스리틸펜타아이소스테아레이트
564,다이펜타에리스리틸헥사하이드록시스테아레이트/헥사스테아레이트/헥사로지네이트
565,다이펩타이드-2
566,다이포타슘 글리시리제이트
567,다이포타슘글리시리제이트
568,다이포타슘포스페이트
569,다이프로필렌 글라이콜
570,다이프로필렌글라이콜
571,다추추출물
572,단백질 10g(18%)
573,단백질 14g(25%)
574,단백질 19g(35%)
575,단백질 1g 2% *1일 영양성분 기준치에 대한 비율(%)은 2
576,단백질 5g(9%)
577,단백질 6.6g(12%)
578,단백질 7g(13%)
579,단백질 7g(13%) [세작] 해당사항없음 [피치 파파야 블랙티] 해당사항없음 [시그니처 얼그레이] 해당사항없음 [삼다연 제주영귤] 해당사항없음
580,단백질 : 8g (15%)
581,단백질0g(0%)
582,단향오일
583,달맞이꽃오일
584,달맞이꽃추출물
585,달팽이점액여 과물
586,닭고기
587,당근씨오일
588,당근추출물
589,당느릅나무 뿌리추출물
590,당느릅나무뿌리추출물
591,당류 0g(0%)
592,당류 13g 13%
593,당류 17g(17%)
594,당류 19g(19%)
595,당류 24g(24%)
596,당류 25g(25%)
597,당류 30g(30%)
598,당류 43g(43%)
599,당류 48g(48%)
600,당류 9g 9%
601,당류 : 51g (51%)
602,당류가공품
603,당알코올 함유 제품으로 과량 섭취 시 설사를 일으킬 수 있습니다.
604,당잔대뿌리추출물
605,대두
606,대두레시틴
607,대두레시틴(고시형)
608,대두레시틴(인도산)
609,대두유(외국산: 아르헨티나
610,대왕소나무잎추출물
611,대왕송오일
612,대왕송잎추출물
613,대추추출물
614,더 보기
615,덩굴월귤씨오일
616,데실글 루코사이드
617,데실글루코사이드
618,데실코코에이트
619,데카펩타이드-4
620,데하이드로아세틱애씨드
621,덱스트린
622,덱스트린)
623,덱스트린}
624,덱스트린팔미테이트
625,덱스트린팔미테이트/에틸헥사노에이트
626,덴탈타입실리카
627,도데센
628,도둑놈의지팡이뿌리추출물
629,돌외잎/줄기추출물
630,돌콩스테롤
631,돌콩싹추출물
632,돌콩오일
633,돌콩지질
634,돌콩추출물
635,동백나무꽃추출물
636,동백나무꽃추출물(98ppm)
637,동백나무씨오일
638,동백나무씨오일(10ppm)
639,동백나무씨오일(2000ppm)
640,동백나무씨추출물
641,동백나무잎추출물
642,돼지고기
643,돼지고기 함유
644,두송열매오일
645,둥굴레뿌리줄기가루
646,둥굴레뿌리줄기추출물
647,드럼스틱 씨추출물
648,드럼스틱씨추출물
649,드로메트리졸트리실록산
650,들깨추출물
651,등색205호
652,디메치콘
653,디메치콘/비닐디메치콘크로스폴리머
654,디메치콘올
655,디소듐이디티에이
656,디소듐코코일글루타메이트
657,디스테아릴디모늄클로라이드
658,디에칠아미노하이드록시벤 조일헥실벤조에이트
659,디에칠아미노하이드록시벤조일헥실벤조 에이트
660,디에칠아미노하이드록시벤조일헥실벤조에이트
661,디에칠헥실부타미도트리아존
662,디에톡시에칠석시네이트
663,디엔에이
664,디카프릴릴에텔
665,디포타슘포스페이트
666,디프로필렌글라이콜
667,딸기향분말
668,땅콩
669,땅콩오일
670,띠뿌리추출물
671,라벤더꽃수
672,라벤더꽃추출물
673,라벤더오일
674,라우레스-2
675,라우레스-23
676,라우레스-3
677,라우레스-4
678,라우레스-6카복실릭애씨드
679,라우레스-7
680,라우로일라이신
681,라우릭 애씨드
682,라우릭애씨드
683,라우릴 하이드록시설테인
684,라우릴글루코사이드
685,라우릴글루코사이드*
686,라우릴메칠글루세스-10하이드록시프로필디모늄클로라이드
687,라우릴메틸글루세스-10하이드록시프로필다이모늄클로라이드
688,라우릴베타인
689,라우릴폴리글리세릴-3폴리다이메틸실록시에틸다이메티콘
690,라우릴피이지-10트리스(트라이메틸실록시) 실릴에틸다이메티콘
691,라우릴피이지-10트리스(트라이메틸실록시)실릴에틸다이메티콘
692,라우릴피이지-8다이메티콘
693,라우릴피이지-9폴리다이메틸실록시에틸다이메티콘
694,라우릴피이지/피피지-18/18메티콘
695,라우릴하이드록시설테인
696,라우릴황산나트륨
697,라이신
698,라이신에이치씨엘
699,라임오일
700,라임전초오일
701,라즈베리씨오일
702,라즈베리잎추출물
703,라즈베리추출물
704,라즈베리향(프로필렌글리콜
705,라피노오스
706,락토바실러 스발효용해물
707,락토바실러스 발효물
708,락토바실러스/부레옥잠발효물
709,락토바실러스/콩발효추출물
710,락토바실러스/콩추출물발효여과물
711,락토바실러스발효물
712,락토바실러스발효물(600 ppm)
713,락토바실러스발효용해물
714,락토바실러스발효용해물(1 PPM)
715,락토바실러스발효용해물(10 ppm)
716,락토바실러스발효용해물(1ppm)
717,락토바실러스발효용해물(36
718,락토바실러스발효용해물(56.88%)
719,락토바이오닉애씨드
720,락토바이탈 PDRN
721,락토오스
722,락토코쿠스발효물
723,락토코쿠스발효용해물
724,락티톨 29%
725,락틱애씨드
726,락틱애씨드 / [크림] 정제수
727,락틱애씨드/글라 이클릭애씨드코폴리머
728,락틱애씨드/글라이콜릭애씨드코폴리머
729,레드초크베리추출물
730,레몬과즙분말(레몬과즙
731,레몬과즙분말(레몬과즙(이탈리아산))
732,레몬껍질오일
733,레몬농축분말
734,레몬농축분말(레몬농축액: 이탈리아산)
735,레몬농축액(이스라엘산)
736,레몬라임향
737,레몬밤잎추출물
738,레몬오일
739,레몬추출물
740,레몬향혼합제제(덱스트린
741,레스베라트롤
742,레스베라트롤 [탄력크림] 정제수
743,레시 틴
744,레시틴
745,레시틴*
746,레조시놀
747,레티 놀(100IU/g)
748,레티놀
749,레티놀(0.1%)
750,레티놀(1
751,레티놀(1ppm)
752,레티놀(200IU/g)
753,레티놀(30ppm）
754,레티놀(33IU/g)
755,레티놀(5 ppm)
756,레티놀(500IU/G)
757,레티놀(500IU/g)
758,레틴알 [리프팅 액티베이터] 정제수
759,레틴알(50ppm)
760,로부르참나무목부추출
761,로부르참나무목부추출물
762,로얄젤리추출물
763,로우스위트블루베리추출물
764,로즈 마리잎추출물
765,로즈마리잎오일
766,로즈마리잎추출물
767,로즈마리잎추출물 / / [루트젠 남성 맞춤 탈모증상전문케어 샴푸] 정제수
768,로즈마리잎추출물 / 2제:정제수
769,로즈마리잎추출물 / [레드이치 고보습 워시] 글리세린
770,로즈마리잎추출물 / [루트젠 여성 탈모전문케어 트리트먼트] 정제수
771,로즈마리잎추출물 / [루트젠 탈모증상전문케어 두피에센스] 정제수
772,로즈마리잎추출물 / [에멀전] 정제수
773,로즈마리잎추출물 2제(산화제): 정제수
774,로즈마리잎추출물 [워시] 정제수
775,로즈마리잎추출물 [크림] 정제수
776,로즈힙꽃오일
777,로즈힙열매오일
778,로즈힙열매추출물
779,류신
780,리 날룰
781,리날룰
782,리놀레닉애씨드
783,리놀레익애씨드
784,리놀레익애씨드(0.00001 ppm)
785,리모넨
786,리보플라빈
787,리보플라빈(0.00001 ppm)
788,리치향
789,리튬마그네슘소듐실리케이트
790,리파아제
791,리포좀 레티놀+비타민C(비타민C
792,리포좀 시카 B5(판토텐산)(밀크세라마이드(버터유분말(독일산))
793,립마스크 : 폴리부텐
794,마그네슘/포타슘/실리콘/플루오라이드/하이드록사이드/옥사이드
795,마그네슘글루코네이트
796,마그네슘미리스테이트
797,마그네슘설페이트
798,마그네슘스테아레이트
799,마그네슘아스코빌포스페이트(0.1 ppm)
800,마그네슘아스코빌포스페이트(1
801,마그네슘아스코빌포스페이트(10 ppm)
802,마그네슘아스코빌포스페이트(98.85ppm)
803,마그네슘알루미늄실리케이트
804,마그네슘클로라이드
805,마그네슘포타슘플루오로실리케이트
806,마데카소사이드
807,마데카소사이드(0.01%)
808,마데카소사이드(10ppm)
809,마데카식애씨드
810,마데카식애씨드(30 ppb)
811,마돈나백합꽃추출물
812,마돈나백합비늘줄기추출물
813,마로니에씨추출물
814,마룰라씨오일
815,마리골드꽃추출물(마리골드꽃추출물
816,마리골드꽃추출물(인도산)
817,마스킹향(프로필렌글리콜
818,마시멜로뿌리추출물
819,마이카
820,마이크로크리스탈린셀룰로오스
821,마이크로크리스탈린왁스
822,마치현추출물
823,마카다미아씨오일
824,마카다미아씨오일폴리글리세릴-6에스터스베헤네이트
825,마테잎추출물
826,마트리카리아꽃수
827,마트리카리아꽃오일
828,마트리카리아꽃추출물
829,만난
830,만노오스
831,만니톨
832,만다린껍질추출물
833,말라카이트추출물
834,말레이시아산
835,말레익애씨드
836,말토덱스 트린
837,말토덱스트 린
838,말토덱스트린
839,말토덱스트린 혼합제제(말토덱스트린
840,말토덱스트린)(스페인산)
841,말토덱스트린혼합제제(말토덱스트린
842,말토올리고당
843,말티톨
844,말티톨시럽
845,말티톨시럽 1.03%)
846,말티톨시럽(감미료)
847,망가니즈바이올렛
848,망가니즈설페이트
849,망고과즙분말
850,망고과즙분말(망고퓌레(필리핀산))
851,망고씨드버터
852,망고씨버터
853,망고패션프루츠향(프로필렌글리콜
854,망고향(정제수
855,매실나무꽃추출물
856,매실나무씨추출물
857,매실추출물
858,맥아추출물
859,맥아추출물분말
860,맥아추출분말
861,맥아추출분말(영국산)
862,맥주효모추출물
863,머스크씨드씨추출물
864,머스크씨드추출물
865,메도우폼델타-락톤
866,메도우폼씨 오일
867,메도우폼씨오일
868,메밀
869,메칠글루세스-20
870,메칠렌비스-벤조트리아졸릴테트라메칠부틸페놀
871,메칠메타크릴레이트크로스폴리머
872,메타크릴로일에틸베타인/아크릴레이트코폴리머
873,메타프로효소포뮬라{노란콩(국산)
874,메톡시페닐에테닐t-부틸벤조에이트
875,메톡시피이지-114/폴리엡실 론카프로락톤
876,메톡시피이지-114/폴리엡실론카로락톤
877,메톡시피이지-114/폴리엡실론카프로락톤
878,메톡시피이지/피피지-25/4다이메티콘
879,메티오닌
880,메티콘
881,메티콘 #3 큐앤에이 탤크
882,메티콘 #7. 어섬션 마이카
883,메티콘 / [갓 캔 감자] 탤크
884,메티콘 / [더스티 캣] 탤크
885,메티콘 / [큐티가 배로] 탤크
886,메틸 프로판다이올
887,메틸글루세스-20
888,메틸글루카민
889,메틸글루코오스세스퀴스테아레이트
890,메틸니코티네이트
891,메틸다이아이소프로필프로피온아마이드
892,메틸메타크릴레이트/아크릴로나이트릴코폴리머
893,메틸메타크릴레이트크로스폴리머
894,메틸트라 이메티콘
895,메틸트라이메티콘
896,메틸프로판다이올
897,메틸하이드로제네이티드로지네이트
898,멘톡시프로판다이올
899,멘톤글리세린아세탈
900,멘톨
901,멘톨(0.9%)
902,멘톨(3
903,멘틸락테이트
904,멘틸피씨에이
905,멜라토닌
906,멜론추출물
907,모과추출물
908,모나스커스/쌀발효물
909,모란꽃추출물
910,모란뿌리추출물
911,모란추출물
912,모링가추출물 (레티놀 5%)
913,목서꽃추출물
914,목화씨유분말(경화유)
915,목화씨유분말(경화유)(미국산)
916,몬모릴로나이트
917,무궁화나무껍질추출물
918,무궁화나무껍질추출물(30 ppm)
919,무수구연산
920,무수포도당
921,무지방우유]
922,무화과추출물
923,미국
924,미네랄솔트
925,미네랄솔트 (유황소금 500ppm)
926,미네랄오일
927,미리스틱 애씨드
928,미리스틱애씨드
929,미리스틱애씨드 [choose] 폴리프로필렌
930,미리스틸글루코사이드
931,미리스틸글루코사이드*
932,미리스틸미리스테이트
933,미리스틸알코올
934,미역추출물
935,미역추출물 [2제 파우더] 밀가루
936,믹스베리농축액 (포도농축액(칠레산)
937,밀
938,밀가루추출물 / [2제 세럼] 규조토
939,밀겨추출물
940,밀납
941,밀크세라마이드
942,밀크세라마이드(뉴질랜드산)
943,밀크세라마이드(유청분말(미국산))
944,밀크씨슬추출물분말(이탈리아산)
945,바나나추출물
946,바나바잎추출물(인도산)
947,바닐라열매추출물
948,바닐릴부틸에터
949,바륨설페이트
950,바실러스/소이빈발효추출물
951,바오밥나무씨추출물
952,바오밥나무열매추출물
953,바위손추출물
954,바이오사카라이드검-1
955,바이오틴
956,바이오틴 (0.001 ppm)
957,바이오플라보노
958,바이오플라보노이드
959,바질오일
960,바쿠치올
961,바쿠치올(100 ppm)
962,바쿠치올(100ppm）
963,발린
964,발효추차추출분말
965,밤껍질가루(10
966,밤껍질가루(1ppm)
967,밤껍질가루(20
968,밤껍질추출물
969,밤껍질추출물(100 ppm)
970,밤부사 불가리스추출물 600 ppb
971,밤부사 불가리스추출물(600ppb)
972,방울양 배추추출물
973,백미
974,백선뿌리추출물
975,백화사설초추출물
976,버독뿌리추출물
977,버지니아풍년화껍질/잎/잔가지추출물
978,버지니아풍년화수
979,버지니아풍년화잎수
980,버지니아풍년화추출물
981,벌꿀(아카시아꿀)(국산)
982,베르가모트껍질오일
983,베르가모트오일
984,베르가모트추출물
985,베타 글루칸
986,베타-글루칸
987,베타-카로틴
988,베타-카로틴(0.00001 ppm)
989,베타인
990,베타카로틴혼합제제(베타카로틴
991,베헤네스-30
992,베헤닉애씨드
993,베헤닐알코올
994,베헨트라이모늄메토설페이트
995,베헨트라이모늄클로라이드
996,벤조익애씨드
997,벤조트라이아졸릴도데실P-크레솔
998,벤질벤조에이트
999,벤질살리실레 이트
1000,벤질살리실레이트
1001,벤질신나메이트
1002,벤질알코올
1003,벤토나이트
1004,벼에 스에이치-올리고펩타이드-1
1005,벼에스에이치-올리고펩타이드-1
1006,벼에스에이치-올리고펩타이드-1 * 레티놀 함량 509 IU/g (0.015%)
1007,변성알코올
1008,변성전분
1009,별꽃추출물
1010,병풀꽃/잎/줄기추출물
1011,병풀꽃/잎/줄기추출물 [플루이드] 정제수
1012,병풀꽃/잎/줄기추출물(25 ppm)
1013,병풀꽃/잎/줄기추출물(3.125 ppm)
1014,병풀꽃/잎/줄기추출물(3.125ppm)
1015,병풀잎추출물
1016,병풀잎추출물(5
1017,병풀잎추출물분말
1018,병풀추출물
1019,병풀추출물(10
1020,병풀추출물(10ppm)
1021,보라지유(영국산)
1022,보론나이트라이드
1023,보리
1024,보리씨추출물
1025,보리잎가루
1026,보리지추출물
1027,보스웰리아검
1028,복령균핵추출물
1029,복령추출물
1030,복사나무잎추출물
1031,부테스-3
1032,부틸 메톡시디벤조일메탄
1033,부틸렌/에틸렌/스타이렌코폴리머
1034,부틸렌글라 이콜
1035,부틸렌글라이 콜
1036,부틸렌글라이콜
1037,부틸렌글라이콜*
1038,부틸렌글라이콜다이카프릴레이트/다이카프레이트
1039,부틸메톡시디벤조일메탄
1040,부틸아크릴레이트/하이드록시프로필다이메티콘아크릴레이트코폴리머
1041,부틸옥틸살리실레이트
1042,분리대두단백
1043,분말 말티톨시럽
1044,불가리스쑥오일
1045,불가리스쑥오일(10ppm)
1046,불가리스쑥추출물
1047,브라질 등)
1048,브라질넛씨오일
1049,브로콜리추출물
1050,브루셀스프라 우트추출물
1051,브이피/메타크릴아마이드/비닐이미다졸코폴리머
1052,브이피/브이에이코폴리머
1053,브이피/에이코신코폴리머
1054,브이피/헥사데센코폴리머
1055,블루베리농축액(미국산))
1056,블루아가베잎추출물
1057,비누풀뿌리추출물
1058,비니거
1059,비니거(10ppm)
1060,비닐다이메티콘
1061,비닐다이메티콘/라우릴다이메티콘크로스폴리머
1062,비닐다이메티콘/메티콘실세스퀴옥세 인크로스폴리머
1063,비닐다이메티콘/메티콘실세스퀴옥세인크로스폴리머
1064,비사보롤
1065,비스 피이지-18메틸에터다이메틸실레인
1066,비스-다이글리세릴폴리아실아디페이트-2
1067,비스-베헤닐/ 아이소스테아릴/피토스테릴다이머다이리놀레일다이머다이리놀리에이트
1068,비스-베헤닐/아이소스테아릴/피토스테릴다이머다이리놀레일다이머다이리놀리에이트
1069,비스-비닐다이메티콘/다이메티콘코폴리머
1070,비스-에칠헥실옥시페놀메톡시페닐트리아진
1071,비스-에톡시다이글라이콜사이클로헥산1
1072,비스-피이지-15다이메티콘/아이피디아이코폴리머
1073,비스-피이지-18메칠에텔디메칠실란
1074,비스-피이지-18메틸에터다이메틸실레인
1075,비스-피이지/피피지-20/5피이지/피피지-20/5 다이메티콘
1076,비스-하이 드록시에톡시프로필다이메티콘
1077,비스-하이드록시에톡시프로필다이 메티콘
1078,비스-하이드록시에톡시프로필다이메티콘
1079,비스머스옥시클로라이드
1080,비에이치티
1081,비에이치티 [champagne beam-3mm] 티타늄디옥사이드 (CI 77891)
1082,비에이치티 [닥터 마스카라픽서 포 퍼펙트래쉬] 아이소도데케인
1083,비에이치티 [뽀오얀 립앤아이리무버] 정제수
1084,비에이치티. -립밤스틱 : 스쿠알란
1085,비오 틴}
1086,비오틴
1087,비오틴)
1088,비오틴혼합분말(비오틴
1089,비오틴혼합제제(비오틴
1090,비오틴혼합제제(제이인산칼슘
1091,비자나무씨오일
1092,비자나무씨오일(1
1093,비자나무씨오일(5
1094,비자나무씨오일(500ppm)
1095,비즈왁스
1096,비치스트로베리추출물
1097,비타 민B6염산염
1098,비타 민K1혼합제제(비타민K1
1099,비타민 D3혼합제제 (비타민D3
1100,비타민 나무열매추출물
1101,비타민A 아세테이트
1102,비타민A아세테이트
1103,비타민A아세테이트(비타민A아세테이트
1104,비타민A초산염
1105,비타민A혼합제제(말토덱스트린
1106,비타민A혼합제제(유성비타민A지방산에스테르
1107,비타민A혼합제제(포도당시럽고형분
1108,비타민A혼합제제(포도당시럽분말
1109,비타민B12)
1110,비타민B12혼합분말(비타민B12
1111,비타민B12혼합제제(비타민B12
1112,비타민B12혼합제제분말 (덱스트린
1113,비타민B1염산염
1114,비타민B2
1115,비타민B6염산염
1116,비타민C
1117,비타민C혼합제제(비타민C
1118,비타민C혼합제제(아스코르빈산칼슘
1119,비타민D2)
1120,비타민D3
1121,비타민D3)
1122,비타민D3혼합제제(비타민D3
1123,비타민D3혼합제제(아라비아검
1124,비타민D3혼합제제분말(변성전분
1125,비타민D혼합제제 (변성전분
1126,비타민E
1127,비타민E)
1128,비타민E) 대두 함유
1129,비타민E)(칠레산)
1130,비타민E혼합제제(dl α-토코페릴아세테이트
1131,비타민E혼합제제(dl-α-토코페릴아 세테이트
1132,비타민E혼합제제(dl-α-토코페릴아세테이트
1133,비타민E혼합제제(dl-α-토코페릴초산염
1134,비타민E혼합제제분말(dl-α-토코페릴아세테이트
1135,비타민K1) 대두
1136,비타민K1혼합제제(아라비아검
1137,비타민k2혼합분말
1138,비타민나무열매오일
1139,비타민나무열매추출물
1140,비타민무기질혼합제제{제이인산칼슘
1141,비타민미네랄혼합분말(비타민C
1142,비터오렌지꽃추출물
1143,비피다발효용해물
1144,빌베리열매추출물
1145,뽕나무뿌리추출물
1146,뽕나무열매추출물
1147,뽕나무잎추출물
1148,사과씨오일
1149,사과씨오일(40ppm)
1150,사과추출물
1151,사과추출물(20ppm)
1152,사이 아노코발아민
1153,사이아노코발아민
1154,사이아노코발아민 2제: 정제수
1155,사이아노코발아민(20.0001 ppm)
1156,사이클로덱스 트린
1157,사이클로덱스트린
1158,사이클로메티콘
1159,사이클로펜타실록산
1160,사이클로펜타실록세인
1161,사이클로헥사실록산
1162,사이클로헥사실록세인
1163,사철쑥추출물
1164,사카라이드아이소머레이트
1165,사카라이드하이드롤리세이트
1166,사카린 나트륨
1167,사카린나트륨
1168,사탕수수추출물
1169,사포닌
1170,사프란암술머리추출물
1171,사핀두스트리폴리아투스푸룻추출물
1172,산수유열매추출물
1173,산양삼추출물
1174,산자나무열매추출물
1175,산화마그네슘
1176,산화아연
1177,산화티탄
1178,살구씨가루
1179,살구씨오일
1180,살구씨추출물
1181,살레이트
1182,살리 실릭애씨드
1183,살리실릭애씨드
1184,살리실릭애씨드(0.5%)
1185,살리실릭애씨드(2%)
1186,살리실릭애씨드(4000ppm)
1187,살리실릭애씨드(5
1188,살비아수
1189,살비아잎추출물
1190,삼나무잎추출물
1191,삼백초추출물
1192,상세 참조
1193,상세참조
1194,상세페이지참고
1195,생강뿌리줄기추출물
1196,생강오일
1197,생강추출물
1198,생강추출물 [로션] 정제수
1199,샤프란꽃추출물
1200,샴푸 정제수
1201,서양고추나물추출물
1202,서양민들레뿌리줄기/뿌리추출물
1203,서양배추출물
1204,서양산딸기추출물
1205,서양산딸기추출물(40ppm)
1206,서양송악잎/줄기추출물
1207,서양유채씨오일
1208,서양유채씨오일(1ppm)
1209,서양톱풀추출물
1210,석류나무꽃추출물
1211,석류농축액분말
1212,석류씨오일
1213,석류추출물
1214,석류추출물/부틸렌글리콜
1215,석시닉애씨드
1216,설탕
1217,설탕)
1218,설탕단풍추출물
1219,설퍼콜로이드
1220,세 라마이드엔피
1221,세라마이드에이에스
1222,세라마이드에이에스(0.05 ppm)
1223,세라마이드에이피
1224,세라마이드에이피(0.05 ppm)
1225,세라마이드엔에스
1226,세라마이드엔에스(0.1 ppm)
1227,세라마이드엔피
1228,세라마이드엔피 (111.2 ppm)
1229,세라마이드엔피 (45 ppm)
1230,세라마이드엔피 / 마그네슘포타슘플루오로실리케이트
1231,세라마이드엔피 / 마이카
1232,세라마이드엔피 / 탤크
1233,세라마이드엔피 [크림] 정제수
1234,세라마이드엔피 [포어 슈링커 바쿠치올 크림] 정제수
1235,세라마이드엔피(0.5 ppm)
1236,세라마이드엔피(0.75 ppm)
1237,세라마이드엔피(10 ppm)
1238,세라마이드엔피(100PPM)
1239,세라마이드엔피(100ppm)
1240,세라마이드엔피(104ppm)
1241,세라마이드엔피(10ppb)
1242,세라마이드엔피(10ppm)
1243,세라마이드엔피(111.2 ppm)
1244,세라마이드엔피(21.2 ppm)
1245,세라마이드엔피(4.04ppm)
1246,세라마이드엔피(4ppm)
1247,세라마이드엔피(504 ppm)
1248,세라마이드이오피
1249,세라마이드이오피(0.0001 ppm)
1250,세레신
1251,세르비아 등))
1252,세린
1253,세븐베리농축액(블랙베리농축액(미국산)
1254,세테 아릴알코올
1255,세테스-40
1256,세테아레스-20
1257,세테아레스-30
1258,세테아릴 알코올
1259,세테아릴글루코사이드
1260,세테아릴다이메티콘크로스폴리머
1261,세테아릴알코올
1262,세테아릴알코올 [2] 탤크
1263,세테아릴올리베이트
1264,세트리모늄클로라이드
1265,세틸-피지하이드록시에틸팔미타마이드
1266,세틸-피지하이드록시에틸팔미타마이드(세라마이드 CPP-40 65.5ppm)
1267,세틸-피지하이드록시에틸팔미타마이드(세라마이드 CPP-40 7622ppm)
1268,세틸다이메티콘
1269,세틸알코올
1270,세틸에스터
1271,세틸에칠헥사노에이트
1272,세틸에틸헥사노에이트
1273,세틸피이지/피피지-10/1다이메티콘
1274,센타우리추출물
1275,센텔라정량추출물
1276,센티드제라늄꽃오일
1277,센티드제라늄추출물
1278,셀레늄혼합제제(아셀렌산나트륨
1279,셀룰로 오스
1280,셀룰로오스
1281,셀룰로오스검
1282,소 듐하이알루로네이트크로스폴리머(4 ppm)
1283,소나무잎추출물
1284,소두구씨오일
1285,소두구씨추출물
1286,소듐 디엔에이
1287,소듐 메타포스페이트
1288,소듐 폴리아크릴레이트
1289,소듐 하이드록사이드
1290,소듐 하이알루로네이트크로스폴리머
1291,소듐C14-16올레핀설포네이트
1292,소듐글루코네이트
1293,소듐글리세로포스페이트
1294,소듐다이라우미도글루타미드라이신
1295,소듐데하이드로아세테이트
1296,소듐도독시놀-40설페이트
1297,소듐디엔에이
1298,소듐라우레스설페이트
1299,소듐라우로일글루타메이트
1300,소듐라우로일메틸이세티오네이트
1301,소듐라우로일사코시네이트
1302,소듐라우릴설페이트
1303,소듐락테이트
1304,소듐마그네슘실리케이트
1305,소듐메 타포스페이트
1306,소듐메타 포스페이트
1307,소듐메타포스페이 트
1308,소듐메타포스페이트
1309,소듐메타포스페이트*
1310,소듐메틸스테아로일타우레이트
1311,소듐메틸코코일타우레이트
1312,소듐미리스토일글루타메이트
1313,소듐바이카보네이트
1314,소듐바이카보네이트(0.1%)
1315,소듐벤조에이트
1316,소듐벤조에이트 / 3제: 라우레스-2
1317,소듐벤조에이트(0.003%)
1318,소듐벤조에이트(0.499%)
1319,소듐벤조트라이아졸릴부틸페놀설포네이트
1320,소듐살리실레이트
1321,소듐서팩틴
1322,소듐설파이트
1323,소듐설페이트
1324,소듐스타네이트
1325,소듐스테아로일글루타메이트
1326,소듐스테아로일락틸레이트
1327,소듐시트레이트
1328,소듐아세테이트
1329,소듐아세틸레이티드하이알루로네이
1330,소듐아세틸레이티드하이알루로네이트
1331,소듐아세틸레이티드하이알루로네이트 * 레티놀 함량 4
1332,소듐아세틸레이티드하이알루로네이트 / [모이스춰라이저] 정제수
1333,소듐아세틸레이티드하이알루로네이트 [Step2. 링클 리설페이싱 코렉터] 정제수
1334,소듐아세틸레이티드하이알루로네이트 [로션] 정제수
1335,소듐아세틸레이티드하이알루로네이트 [에멀젼] 정제수
1336,소듐아세틸레이티드하이알루로네이트 [오일 투 폼] 정제수
1337,소듐아세틸레이티드하이알루로네이트(0.01 ppm)
1338,소듐아세틸레이티드하이알루로네이트(0.01ppm)
1339,소듐아세틸레이티드하이알루로네이트(0.1 ppm)
1340,소듐아세틸레이티드하이알루로네이트(0.2 ppm)
1341,소듐아세틸레이티드하이알루로네이트(2ppb)
1342,소듐아스코빌 포스페이트(10.05 ppm)
1343,소듐아스코빌포스페이트
1344,소듐아스코빌포스페이트(0.1001 ppm)
1345,소듐아스코빌포스페이트(0.4ppm)
1346,소듐아스코빌포스페이트(1 ppb)
1347,소듐아크릴레이트/소듐아크릴로일다이메틸타우레이 트코폴리머
1348,소듐아크릴레이트코폴리머
1349,소듐아크릴레이트크로스폴리머-2
1350,소듐아크릴릭애씨드/엠에이코폴리머
1351,소듐알엔에이
1352,소듐엔-라우로일-엘-글루타메이트
1353,소듐올리에이트
1354,소듐카보머
1355,소듐카복시메틸스타치
1356,소듐코코암포아세테이트
1357,소듐코코일글라이시네이트
1358,소듐코코일글루타메이트
1359,소듐코코일알라니네이트
1360,소듐코코일이세티오네이트
1361,소듐클로라이드
1362,소듐클로라이드(1.125%)
1363,소듐트라이메타포스페이트
1364,소듐트라이메타포스페이트 [토너]정제수
1365,소듐파이루베이트
1366,소듐파이테이트
1367,소듐팔메이트
1368,소듐팜커넬레이트
1369,소듐포스페이트
1370,소듐포타슘알루미늄실리케이트
1371,소듐폴리아스파테이트
1372,소듐폴리아크릴 레이트
1373,소듐폴리아크릴레이트
1374,소듐폴리아크릴로 일다이메틸타우레이트
1375,소듐폴리아크릴로일다이메틸타우레이트
1376,소듐피씨에이
1377,소듐하 이알루로네이트
1378,소듐하이 알루로네이트
1379,소듐하이드록사이드
1380,소듐하이알 루로네이트
1381,소듐하이알루로네 이트
1382,소듐하이알루로네이트
1383,소듐하이알루로네이트 / [02 내추럴 생기] [보습] 스쿠알란
1384,소듐하이알루로네이트 [코어 02 Natural] 스쿠알란
1385,소듐하이알루로네이트 [코어: 01 Lively] 스쿠알란
1386,소듐하이알루로네이트(1.5 ppm)
1387,소듐하이알루로네이트(1001 ppm)
1388,소듐하이알루로네이트(103 ppm)
1389,소듐하이알루로네이트(260 ppm)
1390,소듐하이알루로네이트(3 ppm)
1391,소듐하이알루로네이트(30 ppm)
1392,소듐하이알루로네이트(3ppm)
1393,소듐하이알루로네이트(600ppb)
1394,소듐하이알루로네이트다이메틸실란올
1395,소듐하이알루로네이트크로스 폴리머
1396,소듐하이알루로네이트크로스폴리머
1397,소듐하이알루로네이트크로스폴리머(0.2 ppm)
1398,소듐하이알루로네이트크로스폴리머(0.2ppm)
1399,소듐하이알루로네이트크로스폴리머(2 ppm)
1400,소듐하이알루로네이트크로스폴리머(40ppb)
1401,소듐하이알루로네이트크로스폴리머-6
1402,소르비탄세스퀴올리에이트
1403,소르비탄이소스테아레이트
1404,소르비톨
1405,소르비톨액
1406,소르비톨액(비결정성)
1407,소르빅애씨드
1408,소목껍질추출물
1409,소목줄기가루
1410,소싯적 핑크 : 칼슘알루미늄보로실리케이트
1411,소엽맥문동뿌리추출물
1412,소이아미도프로필아민옥사이드
1413,솔베스-30테트라올리에이트
1414,솔비탄세스퀴올리에이트
1415,솔비탄스테아레이트
1416,솔비탄아이소스테아레이트
1417,솔비탄올리베이트
1418,솔비탄올리에이트
1419,솔비탄카프릴레이트
1420,솔비탄트라이스테아레이트
1421,솔비톨
1422,솔잣나무잎/너트/줄기오일
1423,송이버섯추출물
1424,쇠고기
1425,쇠고기 함유
1426,쇠비름추출물
1427,수국잎추출물
1428,수레국화꽃추출물
1429,수산화칼슘)
1430,수선화비늘줄기추출물
1431,수수
1432,수용성콜라겐
1433,수용성콜라겐 / [헤라 옴므 블루 에센스 인 에멀전] 정제수
1434,수용성콜라겐(0.1PPM)
1435,수크랄로스
1436,수크랄로스(감미료)
1437,수크랄로스(감미료) 우유함유 당알코올(자일리톨 36.25%
1438,수크로오스
1439,수크로오스라우레이트
1440,수크로오스스테아레이트
1441,수크로오스테트라스테아레이트트라이아세테이트
1442,수크로오스폴리스테아레이트
1443,숯가루
1444,숯가루(10
1445,숯가루(3163ppm)
1446,쉐어버터
1447,슈도알테로모나스발효추출물
1448,스 위트아몬드오일
1449,스 테아릭애씨드
1450,스위트아몬드오일
1451,스쿠알란
1452,스크로폴라리아 노도사추출물
1453,스클레로튬검
1454,스타아니스열매/씨오일
1455,스타이렌/브이피코폴리머
1456,스타이렌/아크릴레이트코폴리머
1457,스테비올배당체
1458,스테비올배당체(감미료)
1459,스테아라미도프로필다이메틸아민
1460,스테아랄코늄헥토라이트
1461,스테아레스-2
1462,스테아레스-21
1463,스테아로일글루타믹애씨드
1464,스테아로일이눌린
1465,스테아릭애 씨드
1466,스테아릭애씨드
1467,스테아린산
1468,스테아린산)
1469,스테아린산마그네슘
1470,스테아릴글리시레티네이트
1471,스테아릴다이메티콘
1472,스테아릴베헤네이트
1473,스테아릴알코올
1474,스테아트라이모늄클로라이드
1475,스테아트리모늄메토설페이트
1476,스펀지
1477,스페인감초뿌리가루
1478,스페인감초뿌리추출물
1479,스피어민트잎오일
1480,스핑고리피드
1481,스핑고모 나스발효추출물
1482,스핑고모나스발효추출물
1483,시메티콘
1484,시스테인
1485,시스테인에이치씨엘
1486,시스틴
1487,시어버터
1488,시어버터불검화물
1489,시클로덱스트린시럽
1490,시트 로넬올
1491,시트 릭애씨드
1492,시트랄
1493,시트러스농축액(시트러스혼합액(풋귤착즙액 국산)))
1494,시트러스추출분말(중국산)
1495,시트로넬라오일
1496,시트로넬올
1497,시트룰린
1498,시트르산
1499,시트르산나트륨
1500,시트릭 애씨드
1501,시트릭애씨드
1502,시트릭애씨드 [06 블러쉬 로즈] 정제수
1503,시트릭애씨드 [본윤유액] 정제수
1504,시트릭애씨드 [자음수] 정제수
1505,시호뿌리추출물
1506,식물성DHA유지분말(네델란드산)
1507,식물성경화유지{코코넛오일 (외국산 : 인도네시아산
1508,식물성스쿠알란
1509,식물성오일
1510,식물성크림(야자경화유(외국산)))
1511,식물성크림[물엿
1512,식물성크림혼합분말(말토덱스트린
1513,식물혼합추출물분말
1514,신나밀알코올
1515,신남알
1516,신선초추출물
1517,실리카
1518,실리카 [무드온] 탤크
1519,실리카 [재창조 #웜쉐딩] 에틸헥실팔미테이트
1520,실리카다이메티콘실릴레이트
1521,실리카다이메틸실릴레이트
1522,실리카실릴레이트
1523,실버
1524,쌀겨
1525,쌀겨오일
1526,쌀겨오일(100ppm)
1527,쌀겨왁스
1528,쌀겨왁스)
1529,쌀겨추출물
1530,쌀발효여과물
1531,쌀발효여과물 (1
1532,쌀발효여과물 (3
1533,쌀배아추출물
1534,쌀추출물
1535,쑥잎가루
1536,쑥잎가루(2000ppm)
1537,쑥잎수(10
1538,쑥잎추출물
1539,씨솔트
1540,씨솔트(100 ppm)
1541,씨솔트(100ppm)
1542,씨실트(30
1543,아 데노신
1544,아 스파틱애씨드
1545,아 이소스테아릭애씨드
1546,아가
1547,아데 노신
1548,아데노신
1549,아데노신(400ppm)
1550,아라비아검
1551,아라비아검)
1552,아라비아검) 대두
1553,아라비아고무나무검
1554,아라비안자스민꽃추출물
1555,아라키딕애씨드
1556,아라키딜글루코사이드
1557,아라키딜알코올
1558,아르간커넬오일
1559,아르간커넬오일(5
1560,아르기닌
1561,아르트로스피라 플라텐시스추출물
1562,아마씨오일
1563,아마씨추출물
1564,아마인추출물
1565,아모다이메티콘
1566,아미노메틸프로판다이올
1567,아미노메틸프로판올
1568,아미노산혼합분말(L-페닐알라닌
1569,아미노프로필다이메티콘
1570,아미노프로필트라이에톡시실레인
1571,아미드펙틴
1572,아보카도오일
1573,아보카도오일(멕시코산)
1574,아사이팜열매추출물
1575,아세로라추출물
1576,아세설팜칼륨
1577,아세설팜칼륨(감미료)
1578,아세틱애씨드
1579,아세틸글루코사민
1580,아세틸옥타펩타이드-3
1581,아세틸옥타펩타이드-3 / [진설유액] 정제수
1582,아세틸옥타펩타이드-3 [자음생유액] 정제수
1583,아세틸옥타펩타이드-3*
1584,아세틸테트라펩타이드-11
1585,아세틸테트라펩타이드-11 [크림] 정제수
1586,아세틸테트라펩타이드-11*
1587,아세틸테트라펩타이드-2
1588,아세틸테트라펩타이드-2(0.45ppm)
1589,아세틸테트라펩타이드-5
1590,아세틸헥사펩타이 드-8
1591,아세틸헥사펩타이드-8
1592,아세틸헥사펩타이드-8*
1593,아세틸헵 타펩타이드-4
1594,아세틸헵타펩타이드-4
1595,아세틸헵타펩타이드-4*
1596,아스코빅애씨드
1597,아스코빅애씨드(0.001 ppb)
1598,아스코빅애씨드(0.01 ppb)
1599,아스코빅애씨드(0.1 PPM)
1600,아스코빅애씨드(10 ppm)
1601,아스코빅애씨드(10.5ppm)
1602,아스코빌글루코사이드
1603,아스코빌글루코사이드(10 ppm)
1604,아스코빌테 트라이소팔미테이트
1605,아스코빌테트라이소팔미테이트
1606,아스코빌테트라이소팔미테이트(10 ppm)
1607,아스코빌테트라이소팔미테이트(10.3 ppm)
1608,아스코빌테트라이소팔미테이트(100 ppm)
1609,아스코빌테트라이소팔미테이트(100ppm)
1610,아스코빌팔미테이트
1611,아스파틱 애씨드
1612,아스파틱애씨드
1613,아스파틱애씨드(100ppm)
1614,아스파틱애씨드*
1615,아스퍼질러스발효물
1616,아스퍼질러스발효물 / [한율 극진 에멀젼] 정제수
1617,아시아티코사이드
1618,아시아티코사이드(40 ppb)
1619,아시아틱애씨드
1620,아시아틱애씨드(30 ppb)
1621,아이리쉬모스 추출물
1622,아이리쉬모스가루
1623,아이리쉬모스추출물
1624,아이소노닐아이소노나노에이트
1625,아이소데실네오펜타노에이트
1626,아이소데실아이소노나노에이트
1627,아이소도데케인
1628,아이소류신
1629,아이소부틸메타크릴레이트/비스-하이드록시프로필다이메티콘아크릴레이트코폴리머
1630,아이소세틸미리스테이트
1631,아이소스테아릭애씨드
1632,아이소스테아릴네오펜타노에이트
1633,아이소스테아릴알코올
1634,아이소아밀라우레이트
1635,아이소에이코산
1636,아이소유제놀
1637,아이소트라이데실아이소노나노에이트
1638,아이소펜틸다이올
1639,아이소프로필미리스테이트
1640,아이소프로필알코올
1641,아이소프로필알코올 / 제 3제: 정제수
1642,아이소프로필티타늄트라이아이소스테아레이트
1643,아이소프로필티타늄트라이아이소스테아레이트 [01 Medium Cover] 티타늄디옥사이드 (CI 77891)
1644,아이소프로필티타늄트라이아이소스테아레이트 [01 Powder] 탤크
1645,아이소프로필팔미테이트
1646,아이소헥사데칸
1647,아크릴 레이트/다이메티콘코폴리머
1648,아크릴레이트/ C10-30알킬아크릴레이트크로스폴리머
1649,아크릴레이트/C10-30 알킬아크릴레이트크로스폴리머
1650,아크릴레이트/C10-30알킬아크릴레이 트크로스폴리머
1651,아크릴레이트/C10-30알킬아크릴레이트크로스폴리머
1652,아크릴레이트/c10-30 알킬아크릴레이트크로스폴리머
1653,아크릴레이트/다이메티콘코폴리머
1654,아크릴레이트/베헤네스-25메타크릴레이트코폴리머
1655,아크릴레이트/브이피코폴리머
1656,아크릴레이트/스테아레스-20이타코네이트코폴리머
1657,아크릴레이트/스테아릴메타크 릴레이트코폴리머
1658,아크릴레이트/스테아릴메타크릴레이트코폴리머
1659,아크릴레이트/스테아릴아크릴레이트/다이메티콘메타크릴레이트코폴리머
1660,아크릴레이트/암모늄메타크릴레이트코폴리머
1661,아크릴레이트/에틸헥실아크릴레이트/다이메티콘메타크릴레이트코폴리머
1662,아크릴레이트/옥틸아크릴아마이드코폴리머
1663,아크릴레이트/폴리트라이메틸실록시메타크릴레이트코폴리머
1664,아크릴레이트코폴리머
1665,아티초크잎추출물
1666,안나토색소
1667,안나토색소 대두
1668,안하이드로자일리톨
1669,알긴산나트륨
1670,알라닌
1671,알란 토인
1672,알란토인
1673,알로 에베라잎추출물
1674,알로에베라겔동결건조분말
1675,알로에베라잎즙(7
1676,알로에베라잎추출물
1677,알로에베라잎추출물(13.75ppm)
1678,알로에베라잎추출물(990ppm)
1679,알로에추출물(2)
1680,알루미 늄하이드룩사이드
1681,알루미나
1682,알루미늄
1683,알루미늄다이스테아레이트
1684,알루미늄미리스테이트
1685,알루미늄스테아레이트
1686,알루미늄전분옥테닐석시네이트
1687,알루미늄하 이드록사이드
1688,알루미늄하이드록사이드
1689,알루미늄하이드록사이드 [10] 탤크
1690,알루미늄하이드록사이드 [11] 칼슘티타늄보로실리케이트
1691,알루미늄하이드록사이드 [5] 탤크
1692,알루미늄하이드록사이드 [7] 탤크
1693,알루미늄하이드록사이드 [9] 탤크
1694,알부민
1695,알부틴
1696,알지 닌
1697,알지닌
1698,알지닌(100ppm)
1699,알지닌(50ppm)
1700,알지닌*
1701,알지닌/라이신폴리펩타이드
1702,알지닌/라이신폴리펩타이드*
1703,알진
1704,알파-비사보롤
1705,알파-아이소메틸아이오논
1706,알파아이소메틸아이오논
1707,암모늄글리시리제이트
1708,암모늄라우릴설페이트
1709,암모늄스타이렌/아크릴레이트코폴리머
1710,암모늄아크릴레이트/메틸스타이렌/스타이렌코폴리머
1711,암모늄아크릴레이트코폴리머
1712,암모늄아크릴로일다이메틸타우레이트/베헤네스-25메타크라일레이트 크로스폴리머
1713,암모늄아크릴로일다이메틸타우레이트/베헤네스-25메타크라일레이트크로스폴리머
1714,암모늄아크릴로일다이메틸타우레이트/브이피코폴리머
1715,암모늄아크릴로일디메칠타우레이트/베헤네스-25메타크릴레이트크로스폴리머
1716,암모늄폴리아크릴레이트
1717,암모늄폴리아크릴로일다이메틸타우레이트
1718,암모늄하이드록사이드
1719,암브레트씨추출물
1720,암브레트추출물
1721,압착올리브유
1722,애엽수(4
1723,야생딸기잎추출물
1724,야생딸기잎추출물(5ppm)
1725,야자씨버터
1726,야채혼합농축분말
1727,약모밀가루
1728,약모밀추출물
1729,약용탄
1730,양파추출물
1731,어성초추출분말
1732,얼룩파인애플추출물
1733,에 틸헥실글리세린
1734,에난티아 클로란타껍질추출물
1735,에델바이스추출물
1736,에델바이스캘러스배양추출물
1737,에리 스리톨
1738,에리소빅애씨드
1739,에리스리톨
1740,에리스리톨 7%
1741,에리스리톨(감미료)
1742,에스에이치-펜타펩타이드-12에스피
1743,에스에이치-폴리펩타이드-121
1744,에이치디아이/트라이메틸 올헥실락톤크로스폴리머
1745,에이치디아이/트라이메틸올헥실락톤크로스폴리머
1746,에이치디아이/트라이메틸헥실락톤크로스폴리머
1747,에이치디아이/피피지/폴리카프로락톤크로스폴리머
1748,에칠 헥실살리실레이트
1749,에칠아스코빌에텔
1750,에칠헥실 트리아존
1751,에칠헥실글리세린
1752,에칠헥실메톡시신나메이트
1753,에칠헥실살리실레이트
1754,에칠헥실트리아 존
1755,에칠헥실트리아존
1756,에칠헥실팔미테이트
1757,에키움 플란타기네움씨오일
1758,에탄올
1759,에탄올*박하추출물
1760,에탄올아민
1761,에톡시다이글라이콜
1762,에티드 로닉애씨드
1763,에티드로닉 애씨드
1764,에티드로닉애씨드
1765,에틸 헥실글리세린
1766,에틸렌/브이에이코폴리머
1767,에틸렌/아크릴릭애씨드코폴리머
1768,에틸렌/프로필렌/스타이렌코폴리머
1769,에틸렌/프로필렌코폴리머
1770,에틸셀룰 로스
1771,에틸셀룰로스
1772,에틸셀룰로오스
1773,에틸올리베이트
1774,에틸헥산다이올
1775,에틸헥실 글리세린
1776,에틸헥실글리 세린
1777,에틸헥실글리세 (2제) 정제수
1778,에틸헥실글리세린
1779,에틸헥실글리세린 / [2제 세럼] 규조토
1780,에틸헥실글리세린*
1781,에틸헥실메톡시크릴렌
1782,에틸헥실스테아레이트
1783,에틸헥실아이소노나노에이트
1784,에틸헥실아크릴레이트/메틸메타크릴레이트코폴리머
1785,에틸헥실올리베이트
1786,에틸헥실팔미테 이트
1787,에틸헥실팔미테이트
1788,에틸헥실하이드록시스테아레이트
1789,에피갈로카테킨갈레이트
1790,에필로비움 플레이스케리추출물
1791,엑토인
1792,엘라스틴펩타이드
1793,연꽃꽃추출물
1794,연꽃씨추출물
1795,연꽃추출물
1796,연어추출물
1797,연어추출물(DNA-Na)
1798,연어코연골분말
1799,연필향나무오일
1800,염기성적색51호
1801,염기성청색99호
1802,염산2
1803,염화나트륨
1804,염화칼슘 대두
1805,엽산
1806,엽산 대두함유
1807,엽산)
1808,영지버섯추출물
1809,오곡분말{현미
1810,오레가노잎추출물
1811,오렌지과즙분말
1812,오렌지껍질 추출물
1813,오렌지껍질오일
1814,오렌지껍질추출물
1815,오렌지꽃오일
1816,오렌지농축액
1817,오렌지오일
1818,오렌지오일 대두
1819,오렌지추출물
1820,오렌지추출물(1.3ppm)
1821,오렌지향
1822,오르니틴
1823,오리스뿌리추출물
1824,오미자추출농축액(국산)
1825,오미자추출물
1826,오일팜오일
1827,오조케라이트
1828,오징어
1829,오징어 먹물색소 대두
1830,옥수수말토덱스트린)
1831,옥수수불검화정량추출물
1832,옥수수전분
1833,옥수수전분(미국산)
1834,옥수수전분) 대두
1835,옥수수커넬추출물
1836,옥타데센
1837,옥테닐호박산나트륨전분
1838,옥토크릴렌
1839,옥틸도데세스-16
1840,옥틸도데실네오펜타노에이트
1841,옥틸도데실미리스테이트
1842,옥틸도데실스테아로일스테아레이트
1843,옥틸도데칸올
1844,온천수
1845,올레스-2
1846,올레아놀릭애씨드
1847,올레익/리놀레익/리놀레닉폴리글리세라이즈
1848,올레익애씨드
1849,올레익애씨드 [앰플] 정제수
1850,올리고당혼합분말(비타민D3혼합제제(비타민D3
1851,올리고펩타이드-1
1852,올리브나무잎추출물
1853,올리브오일
1854,올리브오일(10
1855,올리브오일(100 ppm)
1856,올리브오일(100ppm)
1857,올리브오일(5
1858,올리브오일(50
1859,올리브오일(500 ppm)
1860,올리브오일피이지-8에스터
1861,올리브잎추출물(올리브잎추출물
1862,와일드제라늄오일
1863,완두단백(프랑스산)
1864,왕귤껍질오일
1865,왕대수액
1866,왕벚나무잎추출물(120 ppm)
1867,왕벚나무잎추출물(80 ppm)
1868,왜광대수염꽃추출물
1869,왜당귀뿌리수
1870,왜당귀뿌리추출물
1871,요거트분말(요구르트향(이탈리아산)
1872,요거트분말(이탈리아산))
1873,요거트분말(이탈리아산)))
1874,요거트향혼합분말
1875,요거트혼합분말(요구르트향(이탈리아산)
1876,요거트혼합분말)
1877,요구르트분말(요구르트향(이탈리아산)
1878,요구르트향분말(요구르트향(이탈리아산)
1879,용성비타민P
1880,우레아
1881,우릭애씨드
1882,우유
1883,우유 함유
1884,우유 함유]
1885,우유함유
1886,울금뿌리추출물
1887,울금추출물
1888,울금추출물분말
1889,울트라마린
1890,울트라마린 [with] 탤크
1891,워터민트추출물(50ppm)
1892,원추리꽃추출물
1893,유 당혼합분말(유당(미국산)
1894,유당
1895,유당혼합분말(유당(미국산)
1896,유비퀴논
1897,유산균발효액*부틸렌글리콜혼합액
1898,유자껍질오일
1899,유자껍질오일 (5000ppm)
1900,유자껍질오일(5000ppm)
1901,유자껍질추출물
1902,유자수
1903,유자수 (0.009ppm)
1904,유자수(0.8ppm)
1905,유자씨가루(5000ppm)
1906,유자씨오일
1907,유자씨오일 (0.01ppm)
1908,유자추출물
1909,유자향
1910,유자후레바베이스
1911,유제놀
1912,유채스테롤
1913,유칼립투스잎오일
1914,유향나무검추출물
1915,육계나무껍질추출물
1916,율무씨가루
1917,율무씨추출물
1918,은행나무잎 추출물(40ppm)
1919,은행나무잎추출물
1920,은행나무잎추출물(40ppm)
1921,은행잎추출물
1922,은행잎추출물(인도산)
1923,음나무껍질추출물
1924,이노시톨
1925,이눌린/치 커리추출물(벨기에산)
1926,이눌린라우릴카바메이트
1927,이눌린치커리추출물
1928,이산화규소
1929,이산화규소)
1930,이소노닐이소노나노에이트
1931,이소도데칸
1932,이소말토
1933,이소말트
1934,이소말트(감미료)
1935,이소스테아릭애씨드
1936,이소프로필미리스테이트
1937,이소프로필알코올
1938,인도멀구슬나무추출물
1939,인돌아세틱애씨드
1940,인동덩굴꽃추출물
1941,인디고잎추출물
1942,인디언구스베리추출물
1943,인산
1944,인산화규소/인도산)
1945,인삼가루
1946,인삼꽃추출물
1947,인삼뿌리세포추출물
1948,인삼뿌리프로토플라스트
1949,인삼수
1950,인삼씨오일
1951,인삼열매농축액(국산)
1952,인삼열매추출물
1953,인삼잎/줄기추출물
1954,인삼전초추출물
1955,인삼추출물
1956,인조모
1957,인카르나타시계꽃씨오일
1958,일당귀추출물
1959,일라이트
1960,일본목련나무껍질추출물
1961,일불소인산나트륨
1962,일불소인산나트륨 / [기타 첨가제] 글리세린
1963,일불소인산나트륨 [기타 첨가제] 글리세린
1964,일불소인산나트륨 [기타첨가제] 글리세린
1965,잇꽃꽃추출물
1966,잇꽃씨오일
1967,잇사멜
1968,자당
1969,자란뿌리가루
1970,자몽추출물
1971,자몽추출물(0.16ppm)
1972,자색401호
1973,자일로오스
1974,자일리톨
1975,자일리톨 9%
1976,자일리톨(감미료)
1977,자일리톨혼합분말(자일리톨
1978,자일리틸글루코사이드
1979,작약꽃추출물
1980,작약꽃추출물(2ppb)
1981,작약뿌리추출물
1982,작약뿌리추출물(98ppb)
1983,잔탄검
1984,잔탄검 [선 세럼] 정제수
1985,잔탄검 [선세럼] 정제수
1986,잔탄검*
1987,잣나무씨오일
1988,잣나무씨추출물
1989,저분자콜라 겐펩타이드 타입 1
1990,저분자콜라겐펩타이드-타입Ⅰ
1991,저분자피쉬콜라겐(베트남산)
1992,저분자피쉬콜라겐펩타이드
1993,저분자피쉬콜라겐펩타이드(베트남산)
1994,적색103호의(1)
1995,적색104호의(1)
1996,적색201호
1997,적색202호
1998,적색202호 #5. 원더윙크 칼슘티타늄보로실리케이트
1999,적색202호 #6. 더블샷 탤크
2000,적색218호
2001,적색223호
2002,적색226호
2003,적색226호 / [조심해! 냥냥펀치] 탤크
2004,적색226호 [2] 탤크
2005,적색226호 [8] 탤크
2006,적색227호
2007,적색40호
2008,적색504호
2009,적색산화철
2010,적색산화철 (CI 77491) [전성분] 정제수
2011,적색산화철 (CI 77491)[전성분] 정제수
2012,적색산화철 / [파우더] 탤크
2013,전성분 정제수
2014,정제소금
2015,정제수
2016,정제수 글리세린 소듐코코일이세티오네이트 글리세릴스테아레이트 세테아릴알코올 코코넛애씨드 프로판다이올 스테아릭애씨드 라우라미도프로필베타인 소듐이세티오네이트 하이드록시프로필스타치포스페이트 팔미틱애씨드 소듐메틸코코일타우레이트 살리실릭애씨드 솔비톨 부틸렌글라이콜 향료 포타슘벤조에이트 소듐클로라이드 다이소듐이디티에이 아라키딕애씨드 티트리잎수 미리스틱애씨드 올레익애씨드 쇠비름추출물 약모밀추출물 티트리잎오일 1
2017,정제수*
2018,정제어유(정제어유
2019,젖산)
2020,젖산칼슘
2021,제 1제 : 정제수
2022,제 1제: 정제수
2023,제 삼인산칼슘
2024,제라니올
2025,제비꽃꽃추출물
2026,제삼인산 칼슘
2027,제삼인산칼슘
2028,제삼인산칼슘)
2029,제삼인삼칼슘
2030,제올라이트*실리카
2031,제이인산칼륨
2032,제이인산칼슘
2033,제이인산칼슘)
2034,제인
2035,젤라틴
2036,젤란검
2037,조
2038,조추출물
2039,주정
2040,중쇄중성지방
2041,중쇄중성지방)
2042,중쇄중성지방유)
2043,중질탄산칼슘
2044,지방 1
2045,지방 13g(24%)
2046,지방 22g(41%)
2047,지방 23g(43%)
2048,지방 26g(48%)
2049,지방 2g 4%
2050,지방 33g(61%)
2051,지방 48g(89%)
2052,지방0g(0%)
2053,지방: 33g (61%)
2054,지치뿌리추출물
2055,지황뿌리추출물
2056,진주층
2057,질산칼륨
2058,징크글루코네이트
2059,징크디엔에이
2060,징크미리스테이트
2061,징크설페이트
2062,징크스테아레이트
2063,징크스테아레이트 / [냥이의 속마음] 칼슘알루미늄보로실리케이트
2064,징크스테아레이트 / [턱선에 베이지] 탤크
2065,징크옥사이드
2066,징크클로라이드
2067,징크피씨에이
2068,찔레꽃열매추출물
2069,찔레꽃열매추출물 [자음유액] 정제수
2070,차나무잎식이섬유
2071,찰현미 국산}
2072,참깨싹추출물
2073,참깨오일
2074,참깨추출물
2075,참나리비늘 줄기추출물
2076,참나리비늘줄기추출물
2077,참마뿌리추출물
2078,창포뿌리추출물
2079,창포뿌리추출물 * 아미노산 콤플렉스 300ppm 함유
2080,천궁뿌리추출물
2081,천궁수
2082,천궁추출물
2083,천당삼추출물
2084,청색1호
2085,청색404호
2086,청포도농축액(미국산)
2087,청포도향혼합제제(덱스트린
2088,체리라임향혼합제제(프로필렌글리콜
2089,초산
2090,초피나무열매오일
2091,초피나무열매추출물
2092,총 내용량 100 g (535 ㎉) 나트륨140 ㎎(7 %) 탄수화물48 g(15 %) 당류34 g(34 %) 지방34 g(63 %) 트랜스지방0 g 포화지방19 g( 127 %) 콜레스테롤15 mg( 5 %) 단백질9 g(16 %)
2093,총 내용량 100g(520kcal)
2094,총 내용량 120g(575kcal)
2095,총 내용량 120g(705kcal)
2096,총 내용량 220g (1
2097,총 내용량 40g (2 g x 20EA) 1개 티백(2g) 당 3.8 kcal 1티백 당 1일 영양성분 기준치에 대한 비율 나트륨 0 mg 0% 탄수화물 1 g 미만 0% 당류 0mg 0% 지방 0 g 0% 트랜스지방 0 g 포화지방 0 g 0% 콜레스테롤 0 mg 0% 단백질 0.36 g 1% 1일 영양성분 기준치에 대한 비율(%)은 2
2098,총 내용량 40g (2 g x 20EA) 1개 티백(2g) 당 6.7 kcal 1티백 당 1일 영양성분 기준치에 대한 비율 나트륨 0 mg 0% 탄수화물 1.3 g 0% 당류 0mg 0% 지방 0 g 0% 트랜스지방 0 g 포화지방 0 g 0% 콜레스테롤 0 mg 0% 단백질 0.38 g 1% 1일 영양성분 기준치에 대한 비율(%)은 2
2099,총 내용량 70g(330kcal)
2100,총 내용량 72 g 350 ㎉ 나트륨 180 ㎎ 9 % 탄수화물 50 g 15 % 당류 21 g 21 % 지방 15 g 28 % 트랜스지방 0 g 포화지방 8 g 53 % 콜레스테롤 15 mg 5 % 단백질 4 g 7 %
2101,총 내용량 80 g 440 ㎉ 나트륨 55 ㎎ 3% 지방 31 g 57% 트랜스지방 0 g 탄수화물 31 g 10% 포화지방 14 g 93% 당류 28 g 28% 단백질 10 g 18% 콜레스테롤 10 ㎎ 3%
2102,총 내용량 80g(420kcal)
2103,총 내용량 90g(515kcal)
2104,총 내용량:100 g(495 kcal) 나트륨 435mg(22%)
2105,측백나무씨추출물
2106,층층갈고리둥굴레뿌리/뿌리줄기가루
2107,치자꽃추출물
2108,치자적색소
2109,치자청색소
2110,치자청색소 캡슐기제 - 젤라틴
2111,치자추출물
2112,치자황색소
2113,치커리뿌리추출물
2114,치커리뿌리추출물(벨기에산)
2115,치커리뿌리추출물(칠레산)
2116,치커리뿌리추출분말(벨기에산)
2117,치커리추출물
2118,칡뿌리추출물
2119,카 프릴릴글라이콜
2120,카나우바왁스
2121,카나우바왁스추출물
2122,카놀라오일
2123,카놀라오일 / [블랙티앤피그 소프트닝 바디로션] 정제수
2124,카놀라오일 / [블랙티앤피그 소프트닝 트리트먼트] 정제수
2125,카놀라오일 / [샌달우드 인텐시브 바디로션] 정제수
2126,카놀라오일 / [샌달우드 인텐시브 트리트먼트] 정제수
2127,카놀라오일 / [샌달우드 인텐시브 헤어 오일] 다이메티콘
2128,카라 기난
2129,카라기난
2130,카르노신
2131,카르노신(700ppm)
2132,카르복시메틸셀룰로오스칼슘
2133,카멜그라스오일
2134,카민
2135,카민 / [쿨쿨~ 굿 나잇] 탤크
2136,카보머
2137,카본블랙
2138,카올린
2139,카올린(150
2140,카올린(80000ppm)
2141,카제인나트륨)(말레이시 아산)
2142,카카두플럼추출물
2143,카카오색소
2144,카카오색소 *캡슐기제- 젤라틴
2145,카카오씨드버터
2146,카카오씨버터
2147,카카오씨추출물
2148,카카오추출물
2149,카퍼트라이펩타이드-0
2150,카퍼트라이펩타이드-1
2151,카퍼트라이펩타이드-1 / [에멀젼] 정제수
2152,카퍼트라이펩타이드-1*
2153,카페익애씨드
2154,카페인
2155,카페인(10 ppm)
2156,카프릴로알살리실릭애씨드
2157,카프릴로일 살리실릭애씨드
2158,카프릴로일살리실릭애씨드
2159,카프릴릭/ 카프릭/미리스틱/스테아릭트라이글리세라이드
2160,카프릴릭/카프릭 트라이글리세라이드
2161,카프릴릭/카프릭/미리스틱/스테 아릭트라이글리세라이드
2162,카프릴릭/카프릭/미리스틱/스테아릭트라이글리세라이드
2163,카프릴릭/카프릭/석시닉트라이글리세라이드
2164,카프릴릭/카프릭글리세라이즈
2165,카프릴릭/카프릭트라 이글리세라이드
2166,카프릴릭/카프릭트라이 글리세라이드
2167,카프릴릭/카프릭트라이글리 세라이드
2168,카프릴릭/카프릭트라이글리세라이드
2169,카프릴릭/카프릭트리 이글리세라이드
2170,카프릴릭/카프릭트리글리세라이드
2171,카프릴릴/카프릴글루코사이드
2172,카프릴릴글라이콜
2173,카프릴릴메티콘
2174,칸데릴라왁스
2175,칸데릴라왁스에스터
2176,칼라민
2177,칼슘 카보네이트
2178,칼슘글루코네이트
2179,칼슘설페이트
2180,칼슘소듐보로실리케이트
2181,칼슘알루미늄보로실리케이트
2182,칼슘클로라이
2183,칼슘클로라이드
2184,칼슘클로라이드 [세럼] 정제수
2185,칼슘클로라이드 [에멀젼] 정제수
2186,칼슘클로라이드 [워터] 정제수
2187,칼슘클로라이드 [플루이드] 정제수
2188,칼슘티타늄보로실리케이트
2189,칼슘판테테인설포네이트
2190,칼슘포스페이트하이드록사이드
2191,캐롭검
2192,캐모마일꽃수
2193,캐모마일꽃오일
2194,캐모마일꽃추출물
2195,캐스터오일/아이피디아이코폴리머
2196,캠페롤
2197,커먼자스민꽃추출물
2198,코엔자임Q10
2199,코질메틸렌다이옥시신 나메이트
2200,코질메틸렌다이옥시신나메이트
2201,코카마이드메틸엠이에이
2202,코카마이드미파
2203,코카마이드엠이에이
2204,코카미도메틸MEA
2205,코카미도프로필베타인
2206,코카미도프로필하이드록시설테인
2207,코카이드프로필베타인
2208,코코-글루코사이드
2209,코코-카프릴레이트/카프레이트
2210,코코글리세라이즈
2211,코코넛밀크분말(말레이시아산)
2212,코코넛분말(말레이시아산)
2213,코코넛분말(코코넛 밀크
2214,코코넛야자오일
2215,코코넛오일
2216,코코알킬디메틸글리신액
2217,코튼 추출물
2218,코튼추출물
2219,콘민트오일
2220,콘민트잎추출물
2221,콘민트추출물(0.2 ppm)*
2222,콜라겐
2223,콜라겐추출물
2224,콜라겐펩타이드-SP
2225,콜라겐펩타이드-type II
2226,콜라겐펩타이드-타입Ⅱ
2227,콜레스테롤
2228,콜레스테롤 0mg (0%)
2229,콜레스테롤 0mg 0%
2230,콜레스테롤 0mg(0%)
2231,콜레스테롤 15mg(5%)
2232,콜레스테롤 2.9mg(1%)
2233,콜레스테롤 25mg(8%)
2234,콜레스테롤 5mg 미만 (1%)
2235,콜레스테롤 5mg 미만 1% 단백질 1g 2% *1일 영양성분 기준치에 대한 비율(%)은 2
2236,콜레스테롤 7mg(2%)
2237,콜레스테롤 : 10mg (3%)
2238,콜레스테롤0mg(0%)
2239,콜레스테릴아이소스테아레이트
2240,콜레스테릴하이드록시스테아레이트
2241,콜레스테릴헥실다이카바메이트풀루란
2242,콜레칼시페롤-2 트라이아이소스테아레이트
2243,콜로이달오트밀
2244,콜로이드성이산화규소 / [기타첨가제] 글리세린
2245,콥티스뿌리추출물
2246,콩싹추출물
2247,콩오일
2248,콩폴리 펩타이드
2249,콩폴리펩타이드
2250,콩폴리펩타이드*
2251,쿠마린
2252,퀴노아껍질추출물
2253,퀴노아씨추출물
2254,퀸즈랜드넛오일
2255,크랜베리씨오일
2256,크랜베리추출물
2257,크레아틴
2258,크로뮴옥사이드그린
2259,크로뮴하이드록사이드그린
2260,크산토필
2261,클레이 포뮬러: 정제수
2262,클로 로필린-카퍼컴플렉스
2263,클로렐라 미누티시마추출물
2264,클로렐라 프로토테코이데스추출물
2265,클로로필린-카퍼컴플렉스
2266,클림바졸
2267,키위추출물
2268,키토산
2269,키토올리고당분말(게(베트남산))
2270,타마린드강황주정추출복합물(Tamaflexⓡ)(타마린드추출물
2271,타마린드검)
2272,타우린
2273,타우린(100ppm)
2274,타이로신
2275,타트체리농축분말(타트체리농축액(폴란드산))
2276,탄산수
2277,탄산수소나트륨
2278,탄산칼슘
2279,탄산칼슘 / [기타첨가제] 글리세린
2280,탄산칼슘 [기타첨가제] DL-사과산
2281,탄산칼슘 [기타첨가제]글리세린
2282,탄수화물 16g 5%
2283,탄수화물 47g(15%)
2284,탄수화물 48g(15%)
2285,탄수화물 4g(1%)
2286,탄수화물 58g(18%)
2287,탄수화물 60g(19%)
2288,탄수화물 65g(20%)
2289,탄수화물 75g(23%)
2290,탄수화물 : 56g (17%)
2291,탄제린추출물
2292,탈지 대두(인도산)
2293,탤크
2294,탱자추출물
2295,테레프탈릴리덴디캠퍼설포닉 애씨드
2296,테레프탈릴리덴디캠퍼설포닉애씨드
2297,테아닌
2298,테트라 소듐이디티에이
2299,테트라소듐 에티드로네이트
2300,테트라소듐에티드로 네이트
2301,테트라소듐에티드로네이트
2302,테트라소듐이디티에이
2303,테트라소듐파이로포스페이트
2304,토마토
2305,토마토 함유
2306,토코트라이엔올
2307,토코페롤
2308,토코페롤 #렛츠 베이스 마이카
2309,토코페롤 #트윙클 마이카
2310,토코페롤 (에멀젼) 정제수
2311,토코페롤 * 아미노산 콤플렉스 300ppm 함유
2312,토코페롤 / (STEP 2) 정제수
2313,토코페롤 / 2제: 정제수
2314,토코페롤 / [고백장인] 마이카
2315,토코페롤 / [모이스처라이저] 정제수
2316,토코페롤 / [바디로션] 정제수
2317,토코페롤 / [사회생활 만렙] 마그네슘/포타슘/실리콘/플루오라이드/하이드록사이드/옥사이드
2318,토코페롤 / [에멀젼] 정제수
2319,토코페롤 / [자유로운 영혼] 마이카
2320,토코페롤 / [집 밖 스모키] 메틸메타크릴레이트크로스폴리머
2321,토코페롤 / [첫사랑 코랄] 마그네슘/포타슘/실리콘/플루오라이드/하이드록사이드/옥사이드
2322,토코페롤 / [크림] 편백수
2323,토코페롤 / [필쏘굿 풋샴푸] 정제수
2324,토코페롤 / [핸드크림] 정제수
2325,토코페롤 [2] 탤크
2326,토코페롤 [3] 칼슘티타늄보로실리케이트
2327,토코페롤 [4] 탤크
2328,토코페롤 [5] 합성플루오르플로고파이트
2329,토코페롤 [6] 탤크
2330,토코페롤 [7] 마이카
2331,토코페롤 [꿀광치트키] 칼슘알루미늄보로실리케이트
2332,토코페롤 [로션] 정제수
2333,토코페롤 [말랑말랑살구야] 마이카
2334,토코페롤 [모먼트] 폴리메틸실세스퀴옥세인
2335,토코페롤 [쉐이빙&폼] 정제수
2336,토코페롤 [스위티] 마이카
2337,토코페롤 [스포트라이트 빔] 칼슘티타늄보로실리케이트
2338,토코페롤 [에멀전] 정제수
2339,토코페롤 [에멀젼] 정제수
2340,토코페롤 [우] 마이카
2341,토코페롤 [울트라 너리싱 어드밴스드 에멀전] 정제수
2342,토코페롤 [음영의 깊이] 탤크
2343,토코페롤 [카카오브라운] 탤크
2344,토코페롤 [크림] 정제수
2345,토코페롤 [파우더] 탤크
2346,토코페롤 [플럼핑에멀전] 정제수
2347,토코페롤 [피치나는피치] 탤크
2348,토코페롤 [하이드로 볼륨 부스터] 정제수
2349,토코페롤 ∙ 에뛰드 수분가득 콜라겐 에멀전 : 정제수
2350,토코페롤 수분팩 포뮬러: 정제수
2351,토코페롤(100 ppm)
2352,토코페롤(100.1001 ppm)
2353,토코페롤(100PPM)
2354,토코페롤(101.5 ppm)
2355,토코페롤(103.5 ppm)
2356,토코페롤(110ppm)
2357,토코페롤(1ppm)
2358,토코페롤(50ppm)
2359,토코페롤*
2360,토코페롤아세테이트
2361,토코페릴리놀리에이트
2362,토코페릴아세테이트
2363,토코페릴아세테이트 / [애교살글리터] 합성플루오르플로고파이트
2364,토코페릴아세테이트(1
2365,토코페릴아세테이트(100 ppm)
2366,토코페릴아세테이트(100ppm)
2367,토코페릴아세테이트(10ppm)
2368,토코페솔란
2369,톳추출물
2370,통통마디추출액)
2371,퉁퉁마디추출물
2372,퉁퉁마디추출액(국내산))
2373,퉁퉁마디추출액(국산))
2374,퉁퉁마디추출액)
2375,트라넥사믹애씨드
2376,트라이데세 스-6
2377,트라이데세스-10
2378,트라이데세스-6포스페이트
2379,트라이데실트라이멜리테이트
2380,트라이메틸실록시실리케이트
2381,트라이메틸실록시실리케이트/다이메티콘올크로스폴리머
2382,트라이메틸실록시페닐다이메티콘
2383,트라이베헤닌
2384,트라이부틸시트레이트
2385,트라이소듐에이치이디티에이
2386,트라이소듐에이치이디티에이 / 제 2제: 정제수
2387,트라이소듐에틸렌다이아민다이석시네이트
2388,트라이실록세인
2389,트라이에톡시카프릴릴실레인
2390,트라이에톡시카프릴릴실레인 [12] 탤크
2391,트라이에톡시카프릴릴실레인 [3] 탤크
2392,트라이에톡시카프릴릴실레인 [danced] 탤크
2393,트라이에톡시카프릴릴실레인 [she] 칼슘알루미늄보로실리케이트
2394,트라이에톡시카프릴릴실레인 엎어져도 라벤더 : 마그네슘/포타슘/실리콘/플루오라이드/하이드록사이드/옥사이드
2395,트라이에틸시트레이트
2396,트라이에틸헥사노인
2397,트라이옥틸도데실시트레이트
2398,트라이올레인
2399,트라이칼슘포스페이트
2400,트라이펩타이드-1
2401,트라이프로필렌글라이콜
2402,트라이하이드록시스테아린
2403,트라이헵타노인
2404,트랜스지방 0.5g 미만
2405,트랜스지방 0g
2406,트랜스지방 : 0g
2407,트랜스지방0g(0%)
2408,트레 할로오스
2409,트레오닌
2410,트레할로오스
2411,트로메타민
2412,트로메타민. 잔탄검
2413,트리리프솝베리열매추출물 (0.45 ppm)
2414,트리리프솝베리열매추출물(0.45ppm)
2415,트리메칠실록시실리케이트
2416,트리아세틴
2417,트리아세틴)
2418,트립토판
2419,트립토판 / 트리트먼트 정제수
2420,트립토판 / 헤어오일 다이메티콘
2421,티몰트라이메톡시신나메이트
2422,티비에이치큐
2423,티아민에이치씨엘
2424,티아민에이치씨엘 [스텝2] 정제수
2425,티아민에이치씨엘(0.00001 ppm)
2426,티이에이-도데실벤젠설포네이트
2427,티타늄디옥사 이드 (CI 77891)
2428,티타늄디옥사이드
2429,티타늄디옥사이드 (C 77891)
2430,티타늄디옥사이드 (CI 77891)
2431,티타늄디옥사이드(CI 77891)
2432,티트리잎수
2433,티트리잎오일
2434,티트리잎오일 (100ppm)
2435,틴옥사이드
2436,틴옥사이드 #4. 데일리룩 탤크
2437,틴옥사이드 / [2호] 마이카
2438,틴옥사이드 / [발랄코랄] 마그네슘/포타슘/실리콘/플루오라이드/하이드록사이드/옥사이드
2439,틴옥사이드 [Liner] 정제수
2440,틴옥사이드 [feel.] 탤크
2441,틴옥사이드 [hip] 마이카
2442,틴옥사이드 [track] 티타늄디옥사이드 (CI 77891)
2443,파네솔
2444,파라핀
2445,파이틱애씨드
2446,파인애플추출분말(인도산)
2447,파파야열매추출물
2448,파파인
2449,판테놀
2450,판테놀(0.5%)
2451,판테놀(13
2452,판테놀(49
2453,판테틴
2454,판토락톤
2455,판토텐산칼슘
2456,팔라티노스
2457,팔마로사 오일
2458,팔마로사오일
2459,팔미토일테트라펩타이드-7
2460,팔미토일트라이펩타이드-1
2461,팔미토일트라이펩타이드-5
2462,팔미토일펜타펩타이드-4
2463,팔미토일헥사펩타이드-12
2464,팔미토일헥사펩타이드-12 / [헤라 옴므 블랙 액티브 어드밴스드 에멀전] 정제수
2465,팔미틱 애씨드
2466,팔미틱애씨드
2467,팜올레인
2468,팜올레인유
2469,팜커넬애씨드
2470,펄라이트
2471,펄스에너지처리녹차분말
2472,펄스에너지처리녹차분말(국산)
2473,페녹시 에탄올
2474,페녹시에탄올
2475,페닐 알라닌
2476,페닐메티콘
2477,페닐벤즈이미다졸설포닉애씨드
2478,페닐알라닌
2479,페닐트라 이메티콘
2480,페닐트라이메티콘
2481,페닐트리메치콘
2482,페룰릭애씨드
2483,페릭페로시아나이드
2484,페트롤라툼
2485,페퍼민트오일
2486,페퍼민트추출물
2487,페퍼민트추출물 / [맨안티에이징에멀젼] 정제수
2488,펙틴
2489,펜타 에리스리틸테트라에틸헥사노에이트
2490,펜타에리스리틸다이스테아레이트
2491,펜타에리스리틸테트 라아이소스테아레이트
2492,펜타에리스리틸테트라-다이-T-부틸하이드록시하이 드로신나메이트
2493,펜타에리스리틸테트라-다이-T-부틸하이드록시하이드로신나메이트
2494,펜타에리스리틸테트라-다이-T-부틸하이드록시하이드로신나메이트 / [쿨럭 쿨럭] 탤크
2495,펜타에리스리틸테트라-다이-t-부틸하이드록시하이드로신나메이트
2496,펜타에리스리틸테트라다이-t-부틸하이드록시하이드로신나메이트
2497,펜타에리스리틸테트라아이소스테아레이트
2498,펜타에리스리틸테트라에틸헥사 노에이트
2499,펜타에리스리틸테트라에틸헥사노에이트
2500,펜타에리스리틸테트라이소스테아레이트
2501,펜틸 렌글라이콜
2502,펜틸렌글라이콜
2503,편백수
2504,편백잎추출물
2505,편백잎추출물 / [모이스처라이저] 정제수
2506,편백잎추출물 [바질] 사이클로펜타실록세인
2507,편백잎추출물 [블랙티] 사이클로펜타실록세인
2508,포도농축액(미국산)
2509,포도당
2510,포도당시럽고형분
2511,포도당시럽분말
2512,포도씨가루
2513,포도씨오일
2514,포도잎추출물
2515,포스포릭애씨드
2516,포스포릭애씨드(0.65ppm)
2517,포타슘라우레이트
2518,포타슘마그네슘아스파테이트
2519,포타슘마네슘아스파테이트
2520,포타슘미리스테이트
2521,포타슘세틸포 스페이트
2522,포타슘세틸포스페이트
2523,포타슘솔베이트
2524,포타슘스테아레이트
2525,포타슘코코에이트
2526,포타슘코코일글리시네이트
2527,포타슘클로라이드
2528,포타슘팔미테이트
2529,포타슘포스페이트
2530,포타슘하이드록사이드
2531,포타슘하이알루로네이트
2532,포트마리골드꽃추출물
2533,포화지방 1.5g 10%
2534,포화지방 1.8g 12%
2535,포화지방 10g(67%)
2536,포화지방 13g(87%)
2537,포화지방 15g(100%)
2538,포화지방 17g(113%)
2539,포화지방 20.2g(135%)
2540,포화지방 30g(200%)
2541,포화지방 : 8g (53%)
2542,포화지방0g(0%)
2543,폴록사머188
2544,폴록사머235
2545,폴록사머338
2546,폴록사머407
2547,폴리 글리세릴-10미리스테이트
2548,폴리 글리세릴-10펜타스테아레이트
2549,폴리 쿼터늄-10
2550,폴리 쿼터늄-7
2551,폴리C10-30알킬아크릴레이트
2552,폴리글루타믹애씨드
2553,폴리글리세린-3
2554,폴리글리세린-6
2555,폴리글리세린지방산에스테르
2556,폴리글리세릴 -10라우레이트
2557,폴리글리세릴-10 올리에이트
2558,폴리글리세릴-10 펜타스테아레이트
2559,폴리글리세릴-10다이아이소스테아레이트
2560,폴리글리세릴-10다이올리에이트
2561,폴리글리세릴-10데카아이소스테아레이트
2562,폴리글리세릴-10라우레이트
2563,폴리글리세릴-10미리스테이트
2564,폴리글리세릴-10베헤네이트/에이코사디오에이트
2565,폴리글리세릴-10스테아레이트
2566,폴리글리세릴-10올리에이트
2567,폴리글리세릴-10펜타스테아레이트
2568,폴리글리세릴-2다이아이소스테아레이트
2569,폴리글리세릴-2다이폴리하이드록시스테아레이트
2570,폴리글리세릴-2아이소스테아레이트
2571,폴리글리세릴-2아이소스테아레이트/다이머다이리놀리에이트코폴리머
2572,폴리글리세릴-2카프레이트
2573,폴리글리세릴-2테트라아이소스테아레이트
2574,폴리글리세릴-2트라이아이소스테아레이트
2575,폴리글리세릴-2트라이아이소스테아레이트 합성왁스 다이아이소스테아릴말레이트 폴리글리세릴-10데카아이소스테아레이트 호호바에스터 에틸렌/프로필렌코폴리머 펜타에리스리틸테트라아이소스테아레이트 적색202호 다이메티콘 다이스테아다이모늄헥토라이트 C30-45알킬다이메틸실릴폴리프로필실세스퀴옥세인 알루미나 프로필렌카보네이트 흑색산화철 토코페릴아세테이트 토코페롤
2576,폴리글리세릴-3 메틸글루코로스다이스테아레이트
2577,폴리글리세릴-3다이스테아레이트
2578,폴리글리세릴-3다이실록세인다이메티콘
2579,폴리글리세릴-3다이아이소스테아레이트
2580,폴리글리세릴-3메틸 글루코오스다이스테아레이트
2581,폴리글리세릴-3메틸글루코 오스다이스테아레이트
2582,폴리글리세릴-3메틸글루코오스 다이스테아레이트
2583,폴리글리세릴-3메틸글루코오스다이스테 아레이트
2584,폴리글리세릴-3메틸글루코오스다이스테아레이트
2585,폴리글리세릴-3비즈왁스
2586,폴리글리세릴-3폴리다이메틸실록시에틸다이메티콘
2587,폴리글리세릴-3폴리리시놀리에이트
2588,폴리글리세릴-3폴리리시놀리에이트 2. 쉐이딩: 실리카
2589,폴리글리세릴-4다이아이소스테아레이트/폴리하이드록시스테아레이트/세바케이트
2590,폴리글리세릴-4아이소스테아레이트
2591,폴리글리세릴-4올리에이트
2592,폴리글리세릴-4카프레이트
2593,폴리글리세릴-5올리에이트
2594,폴리글리세릴-5폴리리시놀리에이트
2595,폴리글리세릴-6다이카프레이트
2596,폴리글리세릴-6라우레이 트
2597,폴리글리세릴-6라우레이트
2598,폴리글리세릴-6라우레이트*
2599,폴리글리세릴-6베헤네이트
2600,폴리글리세릴-6스테아레이트
2601,폴리글리세릴-6카프릴레이트
2602,폴리글리세릴-6폴리리시놀리에이트
2603,폴리글리세릴-6폴리하이드록시스테아레이트
2604,폴리덱스트로스
2605,폴리메칠실세스퀴옥산
2606,폴리메틸메타크릴레이트
2607,폴리메틸실세스 퀴옥세인
2608,폴리메틸실세스퀴옥세인
2609,폴리부텐
2610,폴리부틸렌테레프탈레이트
2611,폴리비닐알코올
2612,폴리소르베이트20
2613,폴리소르베이트60
2614,폴리솔베이트20
2615,폴리솔베이트40
2616,폴리솔베이트60
2617,폴리솔베이트80
2618,폴리솔베이트80. 틴옥사이드
2619,폴리시포니아 라노사추출물
2620,폴리실리콘-11
2621,폴리실리콘-15
2622,폴리아마이드-8
2623,폴리아이소부텐
2624,폴리아크릴레이트 크로스폴리머-6
2625,폴리아크릴레이트-13
2626,폴리아크릴레이트크로 스폴리머-6
2627,폴리아크릴레이트크로스폴리머-6
2628,폴리아크릴릭애씨드
2629,폴리아크릴아마이드
2630,폴리에스터-1
2631,폴리에스터-5
2632,폴리에칠렌
2633,폴리에터-1
2634,폴리에틸렌
2635,폴리에틸렌글리콜 1500
2636,폴리옥시에틸렌경화피마자유
2637,폴리우레탄-11
2638,폴리우레탄-15
2639,폴리이소부텐
2640,폴리카프로락톤
2641,폴리쿼터늄-10
2642,폴리쿼터늄-11
2643,폴리쿼터늄-22
2644,폴리쿼터늄-4
2645,폴리쿼터늄-47
2646,폴리쿼터늄-51
2647,폴리쿼터늄-53
2648,폴리쿼터늄-55
2649,폴리쿼터늄-6
2650,폴리쿼터늄-67
2651,폴리쿼터늄-7
2652,폴리페닐실세스퀴옥세인
2653,폴리프로필렌
2654,폴리프로필실세스퀴옥세인
2655,폴리하이드록시스테아릭애씨드
2656,폴릭애씨드
2657,폴릭애씨드(0.001 ppm)
2658,표고버섯추출물
2659,표고버섯추출물(50ppm)
2660,푸니카그라나툼프룻추출물
2661,푸룬과즙분말
2662,푸룬농축액
2663,푸룬농축액(미국산)
2664,푸른연꽃수
2665,푸마르산제일철
2666,푸코오스
2667,풀루란
2668,풍선덩굴꽃/잎/덩굴추출물
2669,프락토올리고당
2670,프락토올리고당)
2671,프로바이오틱스(Lactiplantibacillus plantarum APsulloc331261
2672,프로바이오틱스분말
2673,프로방스장미꽃추출물
2674,프로방스장미꽃추출물(5 ppm)
2675,프로테 아제
2676,프로테아제
2677,프로테아제(0.5 ppm)*
2678,프로테아제(10 ppm)
2679,프로테아제(100 ppm)*
2680,프로테아제(150 ppm)
2681,프로판 다이올
2682,프로판다이올
2683,프로판다이올*
2684,프로판디올
2685,프로폴리스추출물
2686,프로폴리스추출물*부틸렌글리콜
2687,프로필렌글라이콜
2688,프로필렌글라이콜다이벤조에이트
2689,프로필렌글라이콜다이카프릴레이트/다이카프레이트
2690,프로필렌글라이콜알지네이트
2691,프로필렌글라이콜알지네이트 (순수레티놀 함량 880IU)
2692,프로필렌글라이콜알지네이트(순수 레티놀 23ppm)
2693,프로필렌글리콜
2694,프로필렌카보네이트
2695,프로필헵틸카프릴레이트
2696,프롤린
2697,프룩탄
2698,프룩토올리고사카라이드
2699,프리지아추출물
2700,프리지어추출물
2701,프탈산히드 록시프로필메틸셀룰로오스
2702,프탈산히드록시프로필메틸셀룰로오스
2703,피로인산나트륨 [기타 첨가제] I-멘톨
2704,피로인산나트륨 [기타첨가제]글리세린
2705,피록톤올아민
2706,피리독신
2707,피리독신(0.001 ppm)
2708,피마자씨오일
2709,피브이엠/엠에이코폴리머
2710,피브이피
2711,피씨 에이다이메티콘
2712,피씨에 이다이메티콘
2713,피씨에이
2714,피씨에이다이메티콘
2715,피이지 -32
2716,피이지-100스테아레이트
2717,피이지-10다이메 티콘
2718,피이지-10다이메티콘
2719,피이지-14M
2720,피이지-15/라우릴다이메티콘크로스폴리머
2721,피이지-150다이스테아레이트
2722,피이지-150펜타에리스리틸테트라스테아레이트
2723,피이지-15글리세릴아이소스테아레이트
2724,피이지-200하이드로제네이티드글리세릴팔메이트
2725,피이지-20글리세릴아이소스테아레이트
2726,피이지-20글리세릴트라이아이소스테아레 이트
2727,피이지-20글리세릴트라이아이소스테아레이트
2728,피이지-2소이아민
2729,피이지-30다이폴리하이드록시스테아레이트
2730,피이지-32
2731,피이지-40스테아레이트
2732,피이지-40하이드로제네이티드캐스터오일
2733,피이지-45M
2734,피이지-45스테아레이트
2735,피이지-5레이프씨드스테롤
2736,피이지-5피토스테롤
2737,피이지-6
2738,피이지-60 하이드로제네이티드캐스터오일
2739,피이지-60글리세릴아이소스테아레이트
2740,피이지-60하이드로제네이티드캐스터오일
2741,피이지-6카프릴릭/카프릭글리세라이즈
2742,피이지-75
2743,피이지-7글리세릴코코에이트
2744,피이지-8
2745,피이지-8글리세릴아이소스테아레이트
2746,피이지-8아이소스테아레이트
2747,피이지-9폴리다이메틸실록시에틸다이메티콘
2748,피이지/피피지-17/6코폴리머
2749,피이지/피피지-18/18다이메티콘
2750,피이지/피피지-19/19다이메티콘
2751,피이지/피피지-20/15다이메티콘
2752,피탄트라이올
2753,피토 스핑고신
2754,피토스 핑고신
2755,피토스테롤
2756,피토스테릴/베헤닐/옥틸도데실라우로일글루타메이트
2757,피토스테릴/옥틸도데실라우로일글루타메이트
2758,피토스테릴/이소스테아릴/세틸/스테아릴/베헤닐다이머디리놀리에이트
2759,피토스테릴이소스테아릴다이머디리놀리에이트
2760,피토스테릴하이드록시스테아레이트
2761,피토스핑고신
2762,피피지-13 -데실테트라데세스-24
2763,피피지-13-데실테트라데세스-24
2764,피피지-2하이드록시에틸코카마이드
2765,피피지-3카프릴릴에터
2766,피피지-5-라우레스-5
2767,피피지-7
2768,필리핀 오렌지껍질오일
2769,필리핀산 등)}
2770,필리핀오렌지껍질오일
2771,필리핀오렌지전초오일
2772,필발열매추출분말
2773,필발추출물
2774,하벌레아 로도펜시스잎추출물
2775,하수오뿌리추출물
2776,하이 드로제네이티드레시틴
2777,하이 드로제네이티드폴리(C6-14올레핀)
2778,하이 드록시에틸아크릴레이트/소듐아크릴로일다이메틸타우레이트코폴리머
2779,하이 드록시프로필스타치포스페이트
2780,하이드 록시시트로넬알
2781,하이드 록시프로필사이클로덱스트린
2782,하이드 롤라이즈드기장
2783,하이드레이티드실리카
2784,하이드로 제네이티드레시틴
2785,하이드로제 네이티드레시틴
2786,하이드로제네 이티드레시틴
2787,하이드로제네이 티드식물성오일
2788,하이드로제네이 티드폴리아이소부텐
2789,하이드로제네이티 드폴리데센
2790,하이드로제네이티드 레시틴
2791,하이드로제네이티드돌콩오일
2792,하이드로제네이티드레시틴
2793,하이드로제네이티드레시틴 [리제덤365 밀도탄력 캡슐크림] 정제수
2794,하이드로제네이티드레시틴 [크림] [아토베리어365 크림] 정제수
2795,하이드로제네이티드로진
2796,하이드로제네이티드스타이렌/메틸스타이렌/인덴코폴리머
2797,하이드로제네이티드식물성글리세라이즈시트레이트
2798,하이드로제네이티드식물성오일
2799,하이드로제네이티드쌀겨오일
2800,하이드로제네이티드올리브오일데실에스터
2801,하이드로제네이티드유채씨오일
2802,하이드로제네이티드캐스터오일
2803,하이드로제네이티드캐스터오일다이머다이리놀레에이트
2804,하이드로제네이티드캐스터오일아이소스테아레이트
2805,하이드로제네이티드코코-글리세라이즈
2806,하이드로제네이티드코코넛오일
2807,하이드로제네이티드팜글리세라이즈시트레이트
2808,하이드로제네이티드팜오일
2809,하이드로제네이티드팜커넬오일
2810,하이드로제네이티드포스파티딜콜린
2811,하이드로제네이티드폴리 (C6-14올레핀)
2812,하이드로제네이티드폴리(C6-14올레 핀)
2813,하이드로제네이티드폴리(C6-14올레핀)
2814,하이드로제네이티드폴리(C6-20올레핀)
2815,하이드로제네이티드폴리(c6-14올레핀)
2816,하이드로제네이티드폴리데센
2817,하이드로제네이티드폴리데센 / [꽤 주관적] 마그네슘/포타슘/실리콘/플루오라이드/하이드록사이드/옥사이드
2818,하이드로제네이티드폴리데센 / [분위기 메이커] 마이카
2819,하이드로제네이티드폴리데센 / [요즘 인싸] 마그네슘/포타슘/실리콘/플루오라이드/하이드록사이드/옥사이드
2820,하이드로제네이티드폴리아이소부텐
2821,하이드로젠다이메티콘
2822,하이드로젠퍼옥사이드
2823,하이드록 시프로필비스팔미타마이드엠이에이(10 ppm)
2824,하이드록시메틸아크릴레이트/소듐아크릴로일다이메탈타우레이트코폴리머
2825,하이드록시스테아릭애씨드
2826,하이드록시시트 로넬알
2827,하이드록시시트로넬알
2828,하이드록시아세토페논
2829,하이드록시아파타이트
2830,하이드록시에칠아크릴레이트/소듐아크릴로일디메칠타우레이트코폴리머
2831,하이드록시에틸셀룰로오스
2832,하이드록시에틸아크릴 레이트/소듐아크릴로일다이메틸타우레이트코폴리머
2833,하이드록시에틸아크릴레이트/소듐아 크릴로일다이메틸타우레이트코폴리머
2834,하이드록시에틸아크릴레이트/소듐아크릴로 일다이메틸타우레이트코폴리머
2835,하이드록시에틸아크릴레이트/소듐아크릴로일다이메틸타우레이트코폴리머
2836,하이드록시에틸우레아
2837,하이드록시프로필구아
2838,하이드록시프로필구아하이드록시 프로필트라이모늄클로라이드
2839,하이드록시프로필구아하이드록시프로필트라이모늄클로라이드
2840,하이드록시프로필메틸셀룰로오스
2841,하이드록시프로필메틸셀룰로오스스테아록 시에터
2842,하이드록시프로필메틸셀룰로오스스테아록시에터
2843,하이드록시프로필비스라우라 마이드엠이에이(10 ppm)
2844,하이드록시프로필비스라우라마이드엠이에이
2845,하이드록시프로필비스라우라마이드엠이에이(10 ppm)
2846,하이드록시프로필비스라우라마이드엠이에이(14
2847,하이드록시프로필비스팔미타마이드엠이에이
2848,하이드록시프로필비스팔미타마이드엠이에이(10 ppm)
2849,하이드록시프로필비스팔미타마이드엠이에이(16
2850,하이드록시프로필비스팔미타마이드엠이에이(210 ppm)
2851,하이드록시프로필비스팔미타마이드엠이에이(세라마이드 PC-104 3ppb)
2852,하이드록시프로필사이클로덱스트린
2853,하이드록시프로필스 타치포스페이트
2854,하이드록시프로필스타치포스페이트
2855,하이드록시프로필트라이 모늄하이알루로네이트
2856,하이드록시프로필트라이모늄하이알루로네이트
2857,하이드록시피나 콜론레티노에이트
2858,하이드록시피나콜론레티노에이트
2859,하이드록시피나콜론레티노에이트(50 ppm)
2860,하이드롤 라이즈드치자추출물
2861,하이드롤라이 즈드디엔에이
2862,하이드롤라이 즈드콜라겐
2863,하이드롤라이즈 드옥수수전분
2864,하이드롤라이즈드기장
2865,하이드롤라이즈드기장 / [UV프로텍터 익스트림포스 레포츠]정제수
2866,하이드롤라이즈드기장 / [에멀젼] 정제수
2867,하이드롤라이즈드기장 [에멀젼] 정제수
2868,하이드롤라이즈드기장 [크림] 정제수
2869,하이드롤라이즈드디엔에이
2870,하이드롤라이즈드루핀단백질
2871,하이드롤라이즈드맥아추출물
2872,하이드롤라이즈드삼색제비꽃추출물
2873,하이드롤라이즈드소듐하이알루로네이트
2874,하이드롤라이즈드식물성 단백질(6.5 ppm)
2875,하이드롤라이즈드식물성단백질
2876,하이드롤라이즈드식물성단백질(100 ppm)
2877,하이드롤라이즈드식물성단백질(2.5 ppm)
2878,하이드롤라이즈드식물성단백질(200 ppm)
2879,하이드롤라이즈드식물성단백질(207 ppm)
2880,하이드롤라이즈드식물성단백질(210 ppm)
2881,하이드롤라이즈드식물성단백질(6.5 ppm)
2882,하이드롤라이즈드식물성단백질(7.5 ppm)
2883,하이드롤라이즈드아카시아마크로스타키아씨 추출물
2884,하이드롤라이즈드오크라추출물
2885,하이드롤라이즈드옥수수전분
2886,하이드롤라이즈드익스텐신
2887,하이드롤라이즈드익스텐신(1
2888,하이드롤라이즈드인삼사포닌
2889,하이드롤라이즈드진주
2890,하이드롤라이즈드치자추출물
2891,하이드롤라이즈드콜라겐
2892,하이드롤라이즈드콜라겐 (9
2893,하이드롤라이즈드콜라겐 / 2제: 정제수
2894,하이드롤라이즈드콜라겐(0.01 ppm)
2895,하이드롤라이즈드콜라겐(186
2896,하이드롤라이즈드콜라겐(205
2897,하이드롤라이즈드콜라겐(60
2898,하이드롤라이즈드콜라겐(652
2899,하이드롤라이즈드콜라겐(653
2900,하이드롤라이즈드콩추출물
2901,하이드롤라이즈드프로안토시아니딘
2902,하이드롤라이즈드하이 알루로닉애씨드
2903,하이드롤라이즈드하이 알루로닉애씨드(10 ppm)
2904,하이드롤라이즈드하이알루 로닉애씨드
2905,하이드롤라이즈드하이알루로닉애씨드
2906,하이드롤라이즈드하이알루로닉애씨드 / 정제수
2907,하이드롤라이즈드하이알루로닉애씨드(0.5 ppm)
2908,하이드롤라이즈드하이알루로닉애씨드(0.5ppm)
2909,하이드롤라이즈드하이알루로닉애씨드(100ppb)
2910,하이드롤라이즈드하이알루로닉애씨드(5 ppm)
2911,하이드롤라이즈드호밀피토플라센타추출물
2912,하이드롤라이즈드홍삼사포닌
2913,하이알루로닉 애씨드
2914,하이알루로닉 애씨드(100 ppm)
2915,하이알루로닉애씨 드
2916,하이알루로닉애씨드
2917,하이알루로닉애씨드 (2
2918,하이알루로닉애씨드(0.1 ppm)
2919,하이알루로닉애씨드(0.1ppm)
2920,하이알루로닉애씨드(1 ppm)
2921,하이알루로닉애씨드(100 ppm)
2922,하이알루로닉애씨드(100 ppm)*
2923,하이알루로닉애씨드(20ppb)
2924,한천
2925,함수규산(점증용)
2926,함수이산화규소 / [기타 첨가제] 글리세린
2927,함수포도당
2928,함초소금
2929,함초소금(천일염
2930,함초소금(천일염(국내산)
2931,함초소금(천일염(국산)
2932,합 성왁스
2933,합성비즈왁스
2934,합성왁스
2935,합성칸데릴라왁스
2936,합성플루오르플로고파이트
2937,합성플루오르플로고파이트 [and] 탤크
2938,합성향료
2939,합성향료 (청포도향)
2940,합성향료(딸기향)
2941,합성향료(딸기향))
2942,합성향료(청포도향)
2943,합성향료(포도향)
2944,합성향료)
2945,해당 사항 없음.
2946,해당사항 없음
2947,해당사항없음
2948,해당없음
2949,해바 라기씨오일
2950,해바라기 레시틴
2951,해바라기레시틴
2952,해바라기씨 오일
2953,해바라기씨오일
2954,해바라기씨오일불검화물
2955,해바라기씨왁스
2956,해바라기유
2957,해바라기추출물
2958,해수
2959,향기제비꽃잎추출물
2960,향로
2961,향료
2962,향료 (*프로폴리스추출물:그린프로폴리스 사용)
2963,향료 (블랙티앤피그향 0.5%)
2964,향료 (블랙티앤피그향 0.8%)
2965,향료 (샌달우드향 0.5%)
2966,향료 (샌달우드향 0.8%)
2967,향료 (샌달우드향 1.0 %)
2968,향료 (애플바나나 향 0.3%)
2969,향료(과채클렌즈향)
2970,향료(그린탠저린향 2.5%)
2971,향료(그린탠저린향2%)
2972,향료(대나무향 0.4%)
2973,향료(대나무향 1%)
2974,향료(대나무향1%)
2975,향료(딥머스크향 0.3%)
2976,향료(딥머스크향 0.5%)
2977,향료(딥머스크향 1.0%)
2978,향료(딥머스크향0.4%)
2979,향료(딥머스크향2%)
2980,향료(라플레르향1%)
2981,향료(레몬라임향)
2982,향료(레몬향)
2983,향료(로즈블러쉬향 0.4%)
2984,향료(마스킹향)
2985,향료(믹스베리향)
2986,향료(백합향1%)
2987,향료(베이비파우더향
2988,향료(베이비파우더향 0.3%)
2989,향료(복숭아향분말)
2990,향료(블랑쉬앤우디향 1.3%)
2991,향료(블랙티앤피그향 2.2%)
2992,향료(샌달우드향 2.2%)
2993,향료(샌달우드향 2.5%)
2994,향료(솝 라벤더향 1.56%)
2995,향료(오렌지향)
2996,향료(오리지널향 0.25%)
2997,향료(오리지널향 0.3%)
2998,향료(오리지널향 0.98%)
2999,향료(올리브향 2.0%)
3000,향료(워터릴리향 2.5%)
3001,향료(자몽분말향)
3002,향료(자몽향)
3003,향료(장미향1.2%)
3004,향료(천연티분말향) 우유
3005,향료(체리블로섬향 2.0%)
3006,향료(컴포트우디향 1.5%)
3007,향료(코튼플라워향 1%)
3008,향료(코튼플라워향 2.0%)
3009,향료(클린코튼향 2.0%)
3010,향료(테트라메틸아세틸옥타하이드로나프탈렌 등) [알레르기물질]리나로올
3011,향료(페어앤프리지아향 1.3%)
3012,향료(피오니 블로썸향 1%)
3013,향료(헤디오네 등) [알레르기물질] 리날로올
3014,향료(화이트 머스크향 0.9%)
3015,향료(화이트머스크향 0.7%)
3016,향료(화이트머스크향 1%)
3017,향료(후리지아향1%)
3018,향부자 추출물
3019,허브로버트추출물
3020,헝가리
3021,헤마토코쿠스추출물(헤마토코쿠스추출물
3022,헥사다이메트린클로라이드
3023,헥사펩타이드-9
3024,헥사펩타이드-9*
3025,헥실라우 레이트
3026,헥실라우레이트
3027,헥실렌글라이콜
3028,헥실신남알
3029,헥실신남알 [기타물질] 리모넨
3030,호두나무열매껍질가루
3031,호두추출물
3032,호모
3033,호모살레이트
3034,호박씨앗추출분말
3035,호프추출물
3036,호호 바씨오일
3037,호호바씨 오일
3038,호호바씨오일
3039,호호바에스터
3040,혼합글리세릴스테아레이트
3041,혼합제제(덱스트린
3042,혼합제제(로커스트콩검
3043,혼합제제(말토덱스트린
3044,혼합제제(아셀렌산나트륨
3045,혼합제제(정제수
3046,혼합제제(히드록시프로필메틸셀룰로스
3047,혼합제제(히드록시프로필셀룰로스
3048,혼합제제(히드록시프로필셀룰로오스
3049,홍미삼30%)
3050,홍삼농축액(국산)(원료삼배합비율:홍삼근70%
3051,홍삼추출물
3052,홍차추출물 (100 ppm)
3053,홍차추출물(10 ppm)
3054,홍차추출물(100 ppm)
3055,홍차추출물(4
3056,홍콩추출물
3057,홍화황색소
3058,홍화황색소(홍화황색소
3059,홍화황색소)
3060,홍화황색소용액(정제수
3061,화산재
3062,화산재(1
3063,화산재(10
3064,화산재(1154ppm)
3065,화산재(20
3066,화산재(21085ppm)
3067,화이트루핀씨추출물
3068,화장품법에 따른 기능성 화장품 심사를 필함
3069,황금추출물
3070,황련뿌리추출물
3071,황벽나무껍질추출물
3072,황산망간
3073,황산톨루엔-2
3074,황색 204호
3075,황색4호
3076,황색4호 #아이시 합성플루오르플로고파이트
3077,황색5호
3078,황색5호 / [내 말이 맞지?] 칼슘알루미늄보로실리케이트
3079,황색산화철
3080,황색산화철 (CI 77492)
3081,황색산화철 [super hype] 탤크
3082,황수선추출물
3083,황해쑥잎수
3084,황해쑥잎수(10
3085,황해쑥잎수(10554ppm)
3086,황해쑥잎수(17
3087,황해쑥잎수(41.95ppm)
3088,황해쑥잎수(8.7ppm)
3089,황해쑥잎수(8390ppm)
3090,황해쑥잎오일
3091,황해쑥잎추출물
3092,황해쑥잎추출물(10ppm)
3093,회향씨추출물
3094,효모/보리씨발효여과물
3095,효모/보리씨발효여과물(9
3096,효모발효물
3097,효모발효여과물
3098,효모추출물 GT
3099,효모추출물GT(중국산)
3100,효모폴리펩타이드
3101,효소식품
3102,효소식품 1
3103,효소식품 2
3104,효소처리스테비아
3105,효소처리스테비아(감미료)
3106,효소처리스테비아1(감미료)
3107,효소처리스테비아2(감미료)
3108,효소처리저분자오크라뮤신(오크라분말(중국산))
3109,후추추출물
3110,흑당밀가루
3111,흑미추출물
3112,흑색 산화철
3113,흑색산화철
3114,흑색산화철 / [현실주의] 칼슘티타늄보로실리케이트
3115,흑색산화철 [01 Light Cover] 티타늄디옥사이드 (CI 77891)
3116,흑색산화철 [4] 합성플루오르플로고파이트
3117,흑색산화철 [6] 폴리메틸실세스퀴옥세인
3118,흑색산화철 [could] 탤크
3119,흑색산화철 [groove] 탤크
3120,흑색산화철 [코 쉐딩 Grayish Brown] 탤크
3121,흑차추출물
3122,흑효모발효물
3123,흑효모발효물*
3124,흰강낭콩추출물분말
3125,흰목이버섯 포자낭과추출물
3126,흰목이버섯포자낭과추출물
3127,흰버드나무껍질추출물
3128,흰버드나무추출분말(인도산)
3129,흰소나무껍질추출물
3130,히드로라이즈드콜라겐액(4)/부틸렌글리콜
3131,히드록 시프로필메틸셀룰로오스혼합제제(히드록시프로필메틸셀룰로스
3132,히드록시에틸셀룰로오스
3133,히드록시프로필메틸셀룰로스
3134,히드록시프로필메틸셀룰로스 혼합제제(히드록시프로필메틸셀룰로스
3135,히드록시프로필메틸셀룰로스)
3136,히드록시프로필메틸셀룰로오스)
3137,히드록시프로필메틸셀룰로오스혼합제제(히드록시프로필메틸셀룰로스
3138,히드록시프로필메틸셀룰로오스혼합제제(히드록시프로필셀룰로스
3139,히드록시프로필셀룰로스 혼합제제(히드록시프로필셀룰로스
3140,히드록시프로필셀룰로스혼합제제1(히드록시프로필셀룰로스
3141,히드록시프로필셀룰로스혼합제제2(히드록시프로필 셀룰로스
3142,히비스커스추출혼합분말)
3143,히스티딘
3144,히스티딘에이치씨엘
3145,히알루론산
3146,히알루론산)
3147,히알루론산) 난류(가금류)
3148,히알루론산혼합제제(덱스트린
