persona_id,rank,similarity,sim_brand,sim_ingredient,product_index,brand,상품명,category,subcategory,전성분
persona_1,1,0.6515840291976929,0.8637511730194092,0.3333333432674408,337,에스쁘아,이지 블렌딩 컨실러 10g,건기식,기능성식품,"정제수, 티타늄디옥사이드 (CI 77891), 카프릴릴메티콘, 코코-카프릴레이트/카프레이트, 다이부틸아디페이트, 다이아이소스테아로일폴리글리세릴-3다이머다이리놀리에이트, 아이소도데케인, 폴리하이드록시스테아릭애씨드, 폴리글리세릴-5폴리리시놀리에이트, 다이스테아다이모늄헥토라이트, 합성왁스, 1,2-헥산다이올, 비닐다이메티콘/메티콘실세스퀴옥세인크로스폴리머, 다이페닐실록시페닐트라이메티콘, 황색산화철, 글리세린, 소듐클로라이드, 실리카, 피이지-30다이폴리하이드록시스테아레이트, 알루미늄하이드록사이드, 트라이에톡시카프릴릴실레인, 적색산화철, 카프릴릴글라이콜, 트라이하이드록시스테아린, 흑색산화철, 비스-다이글리세릴폴리아실아디페이트-2, 글리세릴카프릴레이트, 에틸헥실글리세린, 토코페릴리놀리에이트, 토코페롤, 쌀겨오일"
persona_1,2,0.6515840291976929,0.8637511730194092,0.3333333432674408,313,에스쁘아,아이 코어 팔레트 기획세트,기타,미분류,"""[Minnie] 탤크, 티타늄디옥사이드 (CI 77891), 마이카, 메틸메타크릴레이트크로스폴리머, 에이치디아이/트라이메틸올헥실락톤크로스폴리머, 알루미늄전분옥테닐석시네이트, 폴리프로필렌, 하이드록시아파타이트, 다이메티콘, 헥실라우레이트, 페닐트라이메티콘, 다이아이소스테아릴말레이트, 1,2-헥산다이올, 알루미늄미리스테이트, 하이드로제네이티드폴리아이소부텐, 알루미늄하이드록사이드, 트라이에톡시카프릴릴실레인, 다이펜타에리스리틸헥사하이드록시스테아레이트/헥사스테아레이트/헥사로지네이트, 에틸헥실글리세린, 글리세릴카프릴레이트, 실리카, 황색산화철, 적색산화철, 아이소프로필티타늄트라이아이소스테아레이트, 적색226호, 미리스틱애씨드 [choose] 폴리프로필렌, 칼슘티타늄보로실리케이트, 칼슘알루미늄보로실리케이트, 알루미늄전분옥테닐석시네이트, 페닐트라이메티콘, 다이아이소스테아릴말레이트, 비스-다이글리세릴폴리아실아디페이트-2, 비스-베헤닐/아이소스테아릴/피토스테릴다이머다이리놀레일다이머다이리놀리에이트, 징크스테아레이트, 헥실라우레이트, 카프릴릭/카프릭트라이글리세라이드, 폴리부틸렌테레프탈레이트, 티타늄디옥사이드 (CI 77891), 아크릴레이트코폴리머, 에틸렌/브이에이코폴리머, 하이드로제네이티드유채씨오일, 1,2-헥산다이올, 실리카, 에틸헥실글리세린, 글리세릴카프릴레이트, 틴옥사이드, 황색4호, 황색산화철 [super hype] 탤크, 마이카, 티타늄디옥사이드 (CI 77891), 메틸메타크릴레이트크로스폴리머, 에이치디아이/트라이메틸올헥실락톤크로스폴리머, 알루미늄전분옥테닐석시네이트, 칼슘티타늄보로실리케이트, 폴리프로필렌, 다이메티콘, 헥실라우레이트, 페닐트라이메티콘, 다이아이소스테아릴말레이트, 알루미늄하이드록사이드, 1,2-헥산다이올, 알루미늄미리스테이트, 황색산화철, 하이드로제네이티드폴리아이소부텐, 적색산화철, 황색4호, 다이펜타에리스리틸헥사하이드록시스테아레이트/헥사스테아레이트/헥사로지네이트, 에틸헥실글리세린, 적색226호, 트라이에톡시카프릴릴실레인, 울트라마린, 글리세릴카프릴레이트, 실리카, 틴옥사이드 [track] 티타늄디옥사이드 (CI 77891), 마이카, 칼슘알루미늄보로실리케이트, 탤크, 페닐트라이메티콘, 트라이에틸헥사노인, 다이아이소스테아릴말레이트, 메틸메타크릴레이트크로스폴리머, 징크스테아레이트, 비스-베헤닐/아이소스테아릴/피토스테릴다이머다이리놀레일다이머다이리놀리에이트, 하이드로제네이티드폴리아이소부텐, 칼슘티타늄보로실리케이트, 1,2-헥산다이올, 틴옥사이드, 에틸헥실글리세린, 글리세릴카프릴레이트, 황색산화철, 울트라마린, 알루미늄하이드록사이드, 적색산화철, 적색226호, 트라이에톡시카프릴릴실레인, 합성플루오르플로고파이트 [and] 탤크, 마이카, 메틸메타크릴레이트크로스폴리머, 에이치디아이/트라이메틸올헥실락톤크로스폴리머, 알루미늄전분옥테닐석시네이트, 다이메티콘, 폴리프로필렌, 알루미늄하이드록사이드, 헥실라우레이트, 적색226호, 티타늄디옥사이드 (CI 77891), 울트라마린, 페닐트라이메티콘, 다이아이소스테아릴말레이트, 적색산화철, 1,2-헥산다이올, 알루미늄미리스테이트, 하이드로제네이티드폴리아이소부텐, 에틸헥실글리세린, 다이펜타에리스리틸헥사하이드록시스테아레이트/헥사스테아레이트/헥사로지네이트, 글리세릴카프릴레이트, 실리카, 황색산화철, 트라이에톡시카프릴릴실레인 [danced] 탤크, 마이카, 티타늄디옥사이드 (CI 77891), 메틸메타크릴레이트크로스폴리머, 에이치디아이/트라이메틸올헥실락톤크로스폴리머, 알루미늄전분옥테닐석시네이트, 폴리프로필렌, 다이메티콘, 헥실라우레이트, 페닐트라이메티콘, 다이아이소스테아릴말레이트, 황색4호, 적색산화철, 하이드로제네이티드폴리아이소부텐, 1,2-헥산다이올, 알루미늄미리스테이트, 알루미늄하이드록사이드, 트라이에톡시카프릴릴실레인, 다이펜타에리스리틸헥사하이드록시스테아레이트/헥사스테아레이트/헥사로지네이트, 에틸헥실글리세린, 글리세릴카프릴레이트, 실리카, 흑색산화철, 적색226호, 황색산화철, 울트라마린 [with] 탤크, 마이카, 메틸메타크릴레이트크로스폴리머, 에이치디아이/트라이메틸올헥실락톤크로스폴리머, 알루미늄전분옥테닐석시네이트, 티타늄디옥사이드 (CI 77891), 다이메티콘, 폴리프로필렌, 합성플루오르플로고파이트, 헥실라우레이트, 페닐트라이메티콘, 다이아이소스테아릴말레이트, 알루미늄하이드록사이드, 1,2-헥산다이올, 알루미늄미리스테이트, 적색산화철, 하이드로제네이티드폴리아이소부텐, 적색226호, 울트라마린, 다이펜타에리스리틸헥사하이드록시스테아레이트/헥사스테아레이트/헥사로지네이트, 에틸헥실글리세린, 글리세릴카프릴레이트, 실리카, 황색산화철, 흑색산화철, 틴옥사이드 [hip] 마이카, 탤크, 헥실라우레이트, 다이메티콘/비닐다이메티콘크로스폴리머, 티타늄디옥사이드 (CI 77891), 다이메티콘, 다이아이소스테아릴말레이트, 페닐트라이메티콘, 실리카, 폴리메틸실세스퀴옥세인, 다이메티콘크로스폴리머, 1,2-헥산다이올, 카프릴릭/카프릭트라이글리세라이드, 알루미늄하이드록사이드, 황색산화철, 적색산화철, 메티콘, 에틸헥실글리세린, 트라이에톡시카프릴릴실레인, 글리세릴카프릴레이트, 적색226호, 흑색산화철 [groove] 탤크, 마이카, 메틸메타크릴레이트크로스폴리머, 에이치디아이/트라이메틸올헥실락톤크로스폴리머, 알루미늄전분옥테닐석시네이트, 티타늄디옥사이드 (CI 77891), 적색산화철, 다이메티콘, 폴리프로필렌, 울트라마린, 헥실라우레이트, 페닐트라이메티콘, 다이아이소스테아릴말레이트, 흑색산화철, 1,2-헥산다이올, 알루미늄미리스테이트, 하이드로제네이티드폴리아이소부텐, 다이펜타에리스리틸헥사하이드록시스테아레이트/헥사스테아레이트/헥사로지네이트, 에틸헥실글리세린, 황색산화철, 글리세릴카프릴레이트, 알루미늄하이드록사이드, 실리카, 적색226호, 트라이에톡시카프릴릴실레인 [she] 칼슘알루미늄보로실리케이트, 칼슘티타늄보로실리케이트, 폴리프로필렌, 비스-베헤닐/아이소스테아릴/피토스테릴다이머다이리놀레일다이머다이리놀리에이트, 티타늄디옥사이드 (CI 77891), 다이아이소스테아릴말레이트, 프로필렌글라이콜다이벤조에이트, 아이소노닐아이소노나노에이트, 카프릴릭/카프릭트라이글리세라이드, 징크스테아레이트, 하이드로제네이티드캐스터오일아이소스테아레이트, 마이카, 탤크, 라우로일라이신, 실리카, 1,2-헥산다이올, 하이드로제네이티드유채씨오일, 적색산화철, 에틸헥실글리세린, 틴옥사이드, 글리세릴카프릴레이트, 알루미늄하이드록사이드, 적색226호, 트라이에톡시카프릴릴실레인, 흑색산화철 [could] 탤크, 마이카, 메틸메타크릴레이트크로스폴리머, 에이치디아이/트라이메틸올헥실락톤크로스폴리머, 알루미늄전분옥테닐석시네이트, 티타늄디옥사이드 (CI 77891), 적색산화철, 폴리프로필렌, 다이메티콘, 흑색산화철, 울트라마린, 황색산화철, 헥실라우레이트, 다이아이소스테아릴말레이트, 페닐트라이메티콘, 1,2-헥산다이올, 알루미늄미리스테이트, 하이드로제네이티드폴리아이소부텐, 에틸헥실글리세린, 황색4호, 다이펜타에리스리틸헥사하이드록시스테아레이트/헥사스테아레이트/헥사로지네이트, 글리세릴카프릴레이트, 실리카, 트라이에톡시카프릴릴실레인, 알루미늄하이드록사이드, 아이소도데케인, 틴옥사이드 [feel.] 탤크, 흑색산화철, 마이카, 메틸메타크릴레이트크로스폴리머, 폴리프로필렌, 다이메티콘, 울트라마린, 헥실라우레이트, 페닐트라이메티콘, 다이아이소스테아릴말레이트, 1,2-헥산다이올, 알루미늄미리스테이트, 하이드로제네이티드폴리아이소부텐, 에틸헥실글리세린, 다이펜타에리스리틸헥사하이드록시스테아레이트/헥사스테아레이트/헥사로지네이트, 글리세릴카프릴레이트, 황색산화철, 적색산화철, 티타늄디옥사이드 (CI 77891), 트라이에톡시카프릴릴실레인, 알루미늄하이드록사이드"""
persona_1,3,0.6382390856742859,0.9155836701393127,0.2222222238779068,1180,이니스프리,국화 여성 청결제 200ml,기타,미분류,"정제수, 부틸렌글라이콜, 하이드록시프로필메틸셀룰로오스, 라우릴베타인, 에탄올, 국화추출물(900 ppm), 에틸헥실글리세린, 다이소듐이디티에이, 1,2-헥산다이올, 시트릭애씨드, 토코페롤, 녹차추출물"
persona_1,4,0.6382390856742859,0.9155836701393127,0.2222222238779068,787,비레디,블루 수분 선크림 1+1 기획세트 SPF50+PA++++,선케어,선크림,"정제수, 부틸렌글라이콜, 호모살레이트, 에칠헥실살리실레이트, 변성알코올, 비스-에칠헥실옥시페놀메톡시페닐트리아진, 디에칠아미노하이드록시벤조일헥실벤조에이트, 실리카, 세틸에틸헥사노에이트, 에칠헥실트리아존, 테레프탈릴리덴디캠퍼설포닉애씨드, 트로메타민, 메틸트라이메티콘, 다이아이소프로필세바케이트, 세테아릴알코올, 하이드록시에틸아크릴레이트/소듐아크릴로일다이메틸타우레이트코폴리머, 포타슘세틸포스페이트, 1,2-헥산다이올, 하이드록시프로필스타치포스페이트, 아크릴레이트/C10-30알킬아크릴레이트크로스폴리머, 글리세릴스테아레이트, 하이드로제네이티드레시틴, 향료, 에틸헥실글리세린, 스테아릭애씨드, 폴리글리세릴-3메틸글루코오스다이스테아레이트, 팔미틱애씨드, 다이소듐이디티에이, 솔비탄아이소스테아레이트, 티타늄디옥사이드 (CI 77891), 마이카, 징크옥사이드, 에탄올, 인디고잎추출물, 마트리카리아꽃추출물, 미리스틱애씨드, 프로판다이올, 라우릭애씨드, 말라카이트추출물, 소듐하이알루로네이트, 틴옥사이드, 토코페롤, 소듐라우로일글루타메이트, 하이드롤라이즈드하이알루로닉애씨드, 라이신, 소듐하이알루로네이트크로스폴리머, 마그네슘클로라이드, 하이알루로닉애씨드, 소듐아세틸레이티드하이알루로네이트"
persona_1,5,0.6382390856742859,0.9155836701393127,0.2222222238779068,789,라네즈,블루 수분 선크림 1+1 기획세트 SPF50+PA++++,선케어,선크림,"정제수, 부틸렌글라이콜, 호모살레이트, 에칠헥실살리실레이트, 변성알코올, 비스-에칠헥실옥시페놀메톡시페닐트리아진, 디에칠아미노하이드록시벤조일헥실벤조에이트, 실리카, 세틸에틸헥사노에이트, 에칠헥실트리아존, 테레프탈릴리덴디캠퍼설포닉애씨드, 트로메타민, 메틸트라이메티콘, 다이아이소프로필세바케이트, 세테아릴알코올, 하이드록시에틸아크릴레이트/소듐아크릴로일다이메틸타우레이트코폴리머, 포타슘세틸포스페이트, 1,2-헥산다이올, 하이드록시프로필스타치포스페이트, 아크릴레이트/C10-30알킬아크릴레이트크로스폴리머, 글리세릴스테아레이트, 하이드로제네이티드레시틴, 향료, 에틸헥실글리세린, 스테아릭애씨드, 폴리글리세릴-3메틸글루코오스다이스테아레이트, 팔미틱애씨드, 다이소듐이디티에이, 솔비탄아이소스테아레이트, 티타늄디옥사이드 (CI 77891), 마이카, 징크옥사이드, 에탄올, 인디고잎추출물, 마트리카리아꽃추출물, 미리스틱애씨드, 프로판다이올, 라우릭애씨드, 말라카이트추출물, 소듐하이알루로네이트, 틴옥사이드, 토코페롤, 소듐라우로일글루타메이트, 하이드롤라이즈드하이알루로닉애씨드, 라이신, 소듐하이알루로네이트크로스폴리머, 마그네슘클로라이드, 하이알루로닉애씨드, 소듐아세틸레이티드하이알루로네이트"
persona_1,6,0.6382390856742859,0.9155836701393127,0.2222222238779068,783,비레디,트루톤 로션  40ml,기타,미분류,"정제수, 호모살레이트, 글리세린, 디에칠아미노하이드록시벤조일헥실벤조에이트, 에칠헥실살리실레이트, 부틸렌글라이콜, 티타늄디옥사이드 (CI 77891), C12-15알킬벤조에이트, 비스-에칠헥실옥시페놀메톡시페닐트리아진, 다이아이소프로필세바케이트, 테레프탈릴리덴디캠퍼설포닉애씨드, 1,2-헥산다이올, 포타슘세틸포스페이트, 세테아릴알코올, 트로메타민, 글리세릴스테아레이트, 황색산화철, 베헤닐알코올, 트라이메틸실록시실리케이트, 폴리아크릴레이트크로스폴리머-6, 잔탄검, 소듐폴리아크릴로일다이메틸타우레이트, 마이카, 적색산화철, 하이드로제네이티드레시틴, 카프릴릴글라이콜, 폴리C10-30알킬아크릴레이트, 글리세릴운데실다이메티콘, 에틸헥실글리세린, 알루미늄하이드록사이드, 폴리에스터-1, 향료, 스테아릭애씨드, 실리카다이메틸실릴레이트, 트라이에톡시카프릴릴실레인, 폴리글리세릴-3메틸글루코오스다이스테아레이트, 팔미틱애씨드, 다이소듐이디티에이, 아데노신, 흑색산화철, 에탄올, 마트리카리아꽃추출물, 미리스틱애씨드, 시트릭애씨드, 프로판다이올, 락틱애씨드, 글라이콜릭애씨드, 라우릭애씨드, 말라카이트추출물, 소듐하이알루로네이트, 토코페롤, 하이드롤라이즈드하이알루로닉애씨드, 소듐하이알루로네이트크로스폴리머, 하이알루로닉애씨드, 소듐아세틸레이티드하이알루로네이트"
persona_1,7,0.6382390856742859,0.9155836701393127,0.2222222238779068,785,라네즈,트루톤 로션  40ml,기타,미분류,"정제수, 호모살레이트, 글리세린, 디에칠아미노하이드록시벤조일헥실벤조에이트, 에칠헥실살리실레이트, 부틸렌글라이콜, 티타늄디옥사이드 (CI 77891), C12-15알킬벤조에이트, 비스-에칠헥실옥시페놀메톡시페닐트리아진, 다이아이소프로필세바케이트, 테레프탈릴리덴디캠퍼설포닉애씨드, 1,2-헥산다이올, 포타슘세틸포스페이트, 세테아릴알코올, 트로메타민, 글리세릴스테아레이트, 황색산화철, 베헤닐알코올, 트라이메틸실록시실리케이트, 폴리아크릴레이트크로스폴리머-6, 잔탄검, 소듐폴리아크릴로일다이메틸타우레이트, 마이카, 적색산화철, 하이드로제네이티드레시틴, 카프릴릴글라이콜, 폴리C10-30알킬아크릴레이트, 글리세릴운데실다이메티콘, 에틸헥실글리세린, 알루미늄하이드록사이드, 폴리에스터-1, 향료, 스테아릭애씨드, 실리카다이메틸실릴레이트, 트라이에톡시카프릴릴실레인, 폴리글리세릴-3메틸글루코오스다이스테아레이트, 팔미틱애씨드, 다이소듐이디티에이, 아데노신, 흑색산화철, 에탄올, 마트리카리아꽃추출물, 미리스틱애씨드, 시트릭애씨드, 프로판다이올, 락틱애씨드, 글라이콜릭애씨드, 라우릭애씨드, 말라카이트추출물, 소듐하이알루로네이트, 토코페롤, 하이드롤라이즈드하이알루로닉애씨드, 소듐하이알루로네이트크로스폴리머, 하이알루로닉애씨드, 소듐아세틸레이티드하이알루로네이트"
persona_1,8,0.6382390856742859,0.9155836701393127,0.2222222238779068,1222,이니스프리,하우스 스펀지 6p,기타,미분류,상세 참조
persona_1,9,0.6382390856742859,0.9155836701393127,0.2222222238779068,1228,이니스프리,인텐시브 롱래스팅 선스크린 EX SPF50+/PA++++ 60ml,선케어,선크림,"정제수, 징크옥사이드, 프로필헵틸카프릴레이트, 다이부틸아디페이트, 부틸렌글라이콜, 다이실록세인, 사이클로헥사실록세인, 폴리글리세릴-5폴리리시놀리에이트, 폴리메틸실세스퀴옥세인, 글리세린, 비스-에칠헥실옥시페놀메톡시페닐트리아진, 카프릴릴메티콘, 다이카프릴릴에터, 디에칠아미노하이드록시벤조일헥실벤조에이트, 에칠헥실트리아존, 티타늄디옥사이드, 다이스테아다이모늄헥토라이트, 마그네슘설페이트, 칼슘알루미늄보로실리케이트, 트라이에톡시카프릴릴실레인, 1,2-헥산다이올, 폴리글리세릴-3폴리다이메틸실록시에틸다이메티콘, 향료, 비닐다이메티콘/메티콘실세스퀴옥세인크로스폴리머, 카프릴릴글라이콜, 글리세릴카프릴레이트, 에틸헥실글리세린, 토코페롤, 바이오사카라이드검-1, 쌀겨오일, 베타-글루칸"
persona_1,10,0.6382390856742859,0.9155836701393127,0.2222222238779068,1226,이니스프리,라이트 피팅 파운데이션 SPF20/PA++ 30ml,선케어,선크림,"정제수, 티타늄디옥사이드 (CI 77891), 다이부틸아디페이트, 카프릴릴메티콘, 페닐트라이메티콘, 메틸트라이메티콘, 부틸옥틸살리실레이트, 폴리하이드록시스테아릭애씨드, 트라이메틸실록시실리케이트, 라우릴폴리글리세릴-3폴리다이메틸실록시에틸다이메티콘, 글리세린, 티타늄디옥사이드, 에이치디아이/트라이메틸올헥실락톤크로스폴리머, 1,2-헥산다이올, 실리카, 자일리톨, 다이스테아다이모늄헥토라이트, 아이소도데케인, 황색산화철, 소듐클로라이드, 알루미늄하이드록사이드, 트라이에톡시카프릴릴실레인, 적색산화철, 향료, 알루미나, 카프릴릴글라이콜, 소듐메타포스페이트, 글리세릴카프릴레이트, 에틸헥실글리세린, 토코페릴리놀리에이트, 흑색산화철, 메티콘, 시메티콘, 아르간커넬오일, 올리브오일, 호호바씨오일, 비스머스옥시클로라이드, 에틸헥실하이드록시스테아레이트, 토코페롤"
persona_1,11,0.6382390856742859,0.9155836701393127,0.2222222238779068,745,헤라,벨벳 나이트 퍼퓸드 샤워젤 250g,건기식,기능성식품,"정제수, 소듐라우레스설페이트, 향료, 코카미도프로필베타인, 소듐클로라이드, 소듐벤조에이트, 폴리솔베이트60, 코카마이드엠이에이, 변성알코올, 부테스-3, 카프릴릴글라이콜, 폴리쿼터늄-10, 페녹시에탄올, 소듐벤조트라이아졸릴부틸페놀설포네이트, 시트릭애씨드, 소듐메타포스페이트, 글리세릴카프릴레이트, 폴리쿼터늄-7, 2,3-부탄다이올, 리날룰, 다이소듐이디티에이, 리모넨, 트라이부틸시트레이트, 카프릴릭/카프릭트라이글리세라이드, 부틸렌글라이콜, 자색401호, 황색4호, 적색227호, 청색1호, 석류추출물, 로즈힙꽃오일, 라벤더오일, 라임전초오일, 라즈베리씨오일, 크랜베리씨오일, 석류나무꽃추출물"
persona_1,12,0.6382390856742859,0.9155836701393127,0.2222222238779068,1184,이니스프리,레티놀 시카 흔적 패드 60매/170ml,기타,미분류,"정제수, 글리세레스-26, 글리세린, 나이아신아마이드, 다이프로필렌글라이콜, 1,2-헥산다이올, 병풀추출물, 부틸렌글라이콜, 하이드록시에틸우레아, 폴리글리세릴-10라우레이트, 락토바실러스발효용해물, 알란토인, 에리스리톨, 하이드록시에틸아크릴레이트/소듐아크릴로일다이메틸타우레이트코폴리머, 다이포타슘글리시리제이트, 에틸헥실글리세린, 시어버터, 아데노신, 올리브오일, 카프릴릭/카프릭트라이글리세라이드, 하이드로제네이티드레시틴, 스쿠알란, 아크릴레이트/C10-30 알킬아크릴레이트크로스폴리머, 알지닌, 소듐파이테이트, 암모늄아크릴로일다이메틸타우레이트/브이피코폴리머, 하이드록시에틸셀룰로오스, 폴리글루타믹애씨드, 돌콩오일, 솔비탄아이소스테아레이트, 메틸다이아이소프로필프로피온아마이드, 녹차씨추출물, 레티놀(33IU/g), 세라마이드엔피, 콜레스테롤, 피토스핑고신, 살리실릭애씨드"
persona_1,13,0.6382390856742859,0.9155836701393127,0.2222222238779068,1186,이니스프리,그린티 씨드 히알루론산 크림  50ml,스킨케어,크림,"정제수, 프로판다이올, 글리세린, 스테아릴다이메티콘, 메틸트라이메티콘, 부틸렌글라이콜다이카프릴레이트/다이카프레이트, 펜타에리스리틸테트라에틸헥사노에이트, 녹차씨오일, 1,2-헥산다이올, 글리세릴폴리메타크릴레이트, 폴리메틸실세스퀴옥세인, 스쿠알란, 하이드록시에틸아크릴레이트/소듐아크릴로일다이메틸타우레이트코폴리머, 폴리글리세릴-3메틸글루코오스다이스테아레이트, 카보머, 트라이에틸시트레이트, 하이드로제네이티드레시틴, 콜레스테롤, 글리세릴스테아레이트, 트로메타민, 리모넨, 락토바실러스발효용해물, 하이알루로닉애씨드, 판테놀, 알란토인, 세테아릴알코올, 잔탄검, 글리세릴카프릴레이트, 소듐스테아로일글루타메이트, 부틸렌글라이콜, 에틸헥실글리세린, 다이소듐이디티에이, 레몬껍질오일, 솔비탄아이소스테아레이트, 녹차추출물, 마테잎추출물, 소듐하이알루로네이트, 마데카소사이드, 락틱애씨드, 시트랄, 덱스트린, 카카오추출물, 소두구씨오일, 스피어민트잎오일, 리날룰, 시트로넬라오일, 하이드롤라이즈드하이알루로닉애씨드, 갈바눔수지오일, 소듐하이알루로네이트크로스폴리머, 녹차씨추출물, 세라마이드엔피, 토코페롤, 피토스핑고신, 소듐아세틸레이티드하이알루로네이트"
persona_1,14,0.6382390856742859,0.9155836701393127,0.2222222238779068,1224,이니스프리,포어 블러 파우더 11g,건기식,기능성식품,"실리카, 폴리메틸실세스퀴옥세인, 에틸헥실글리세린, 글리세릴카프릴레이트, 토코페롤"
persona_1,15,0.6382390856742859,0.9155836701393127,0.2222222238779068,741,헤라,시그니아 에센셜 밸런싱 에멀젼 150ml,기타,미분류,"정제수, 부틸렌글라이콜, 글리세린, 다이메티콘, 펜타에리스리틸테트라에틸헥사노에이트, 나이아신아마이드, 하이드로제네이티드폴리(C6-14올레핀), 다이아이소스테아릴말레이트, 합성왁스, 1,2-헥산다이올, C14-22알코올, 식물성스쿠알란, 시어버터, 비스-다이글리세릴폴리아실아디페이트-2, 폴리글리세릴-10스테아레이트, 하이드록시프로필스타치포스페이트, 글리세릴스테아레이트, 세테아릴알코올, 글리세릴스테아레이트시트레이트, 폴리메틸실세스퀴옥세인, 하이드로제네이티드식물성오일, 하이드로제네이티드레시틴, C12-20알킬글루코사이드, 스테아릭애씨드, 판테놀, 카프릴릴글라이콜, 카보머, 글리세릴카프릴레이트, 팔미틱애씨드, 페녹시에탄올, 트로메타민, 향료, 다이소듐이디티에이, 아데노신, 에틸헥실글리세린, 수선화비늘줄기추출물, 콜레스테롤, 세라마이드엔피, 황수선추출물, 벤질살리실레이트, 덱스트린, 하이드롤라이즈드루핀단백질, 카카오추출물, 프로판다이올, 하이드록시시트로넬알, 글루코오스, 글라이코프로테인, 메톡시피이지-114/폴리엡실론카프로락톤, 하이드록시에틸아크릴레이트/소듐아크릴로일다이메틸타우레이트코폴리머, 복사나무잎추출물, 라이신, 알지닌, 히스티딘, 자일로오스, 토코페롤, 만노오스, 소듐클로라이드, 레시틴, 펜틸렌글라이콜, 하이드로제네이티드포스파티딜콜린, 카퍼트라이펩타이드-0, 소듐포스페이트, 하이드롤라이즈드오크라추출물, 푸코오스, 다이팔미토일하이드록시프롤린, 아크릴레이트/스테아릴메타크릴레이트코폴리머, 포타슘클로라이드, 포타슘포스페이트, 마그네슘클로라이드, 하이드롤라이즈드기장, 칼슘클로라이드"
persona_1,16,0.6382390856742859,0.9155836701393127,0.2222222238779068,1190,이니스프리,청보리 마일드 필링젤 120ml,기타,미분류,"정제수, 셀룰로오스, 부틸렌글라이콜, 다이프로필렌글라이콜, 변성알코올, 글리세린, 베타인, 효모/보리씨발효여과물(9,175 ppm), 만난, 마이크로크리스탈린셀룰로오스, 아크릴레이트/C10-30알킬아크릴레이트크로스폴리머, 트로메타민, 피피지-13-데실테트라데세스-24, 알란토인, 나이아신아마이드, 흰버드나무껍질추출물, 글리세릴카프릴레이트, 글루코노락톤, 프로판다이올, 에틸헥실글리세린, 소듐메타포스페이트, 1,2-헥산다이올, 하이알루로닉애씨드, 토코페롤"
persona_1,17,0.6382390856742859,0.9155836701393127,0.2222222238779068,751,헤라,NEW 부스팅 베이스 UV 프로텍터 SPF15 35ml,선케어,선크림,"정제수, 에칠헥실메톡시신나메이트, 프로판다이올, 나이아신아마이드, 1,2-헥산다이올, 비스-에칠헥실옥시페놀메톡시페닐트리아진, 디에칠아미노하이드록시벤조일헥실벤조에이트, 베헤닐알코올, 페닐트라이메티콘, 카프릴릴메티콘, 아라키딜알코올, 카프릴릴글라이콜, 글리세릴카프릴레이트, 소듐폴리아크릴로일다이메틸타우레이트, 에틸헥실글리세린, 아라키딜글루코사이드, 폴리아크릴레이트크로스폴리머-6, 향료, 아데노신, 타우린, 소듐메타포스페이트, 하이드롤라이즈드옥수수전분, 소나무잎추출물, 비에이치티, 프로필렌글라이콜, 리모넨, 소듐하이알루로네이트, 리날룰, 토코페롤"
persona_1,18,0.6382390856742859,0.9155836701393127,0.2222222238779068,747,헤라,NEW 헬씨 글로우 듀이 밤 10g,스킨케어,크림,"폴리글리세릴-2트라이아이소스테아레이트, 옥틸도데칸올, 다이아이소스테아릴말레이트, 다이카프릴릴카보네이트, 펜타에리스리틸테트라아이소스테아레이트, 합성왁스, 카프릴릭/카프릭트라이글리세라이드, 토코페릴아세테이트, 피토스테릴/이소스테아릴/세틸/스테아릴/베헤닐다이머디리놀리에이트, 피마자씨오일, 마카다미아씨오일폴리글리세릴-6에스터스베헤네이트, 마이카, 에틸렌/프로필렌코폴리머, 티타늄디옥사이드 (CI 77891), 합성플루오르플로고파이트, 오조케라이트, 실리카, 실리카실릴레이트, 스테아랄코늄헥토라이트, 시어버터, 알파-비사보롤, 향료, 프로필렌카보네이트, 토코페롤, 글리세릴베헤네이트/에이코사디오에이트, 데하이드로아세틱애씨드, 적색산화철, 정제수, 부틸렌글라이콜, 1,2-헥산다이올, 에스에이치-폴리펩타이드-121, 카프릴릴글라이콜, 아세틸헵타펩타이드-4, 아세틸헥사펩타이드-8, 소듐하이드록사이드, 아세틸옥타펩타이드-3"
persona_1,19,0.634503185749054,0.9093571305274963,0.2222222238779068,1069,일리윤,데일리 무기자차 선스틱 SPF50+/PA++++ 20g,선케어,선크림,"징크옥사이드, 합성왁스, C12-15알킬벤조에이트, 티타늄디옥사이드, 코코-카프릴레이트/카프레이트, 폴리메틸실세스퀴옥세인, 에이치디아이/트라이메틸올헥실락톤크로스폴리머, 세틸에틸헥사노에이트, 실리카, 펜타에리스리틸테트라에틸헥사노에이트, 아크릴레이트코폴리머, 하이드로제네이티드폴리(C6-14올레핀), 폴리하이드록시스테아릭애씨드, 에틸헥실메톡시크릴렌, 알루미늄스테아레이트, 트라이에톡시카프릴릴실레인, 알루미나, 글리세릴카프릴레이트, 부틸렌글라이콜, 정제수, 인삼수, 황금추출물, 소듐하이알루로네이트, 매실추출물, 토코페롤"
persona_1,20,0.634503185749054,0.9093571305274963,0.2222222238779068,1056,일리윤,레드이치 케어오일 200ml,기타,미분류,"카프릴릭/카프릭트라이글리세라이드, 해바라기씨오일, 에틸헥실스테아레이트, 옥틸도데실미리스테이트, 다이카프릴릴카보네이트, 스쿠알란, 데실코코에이트, 호호바씨오일, 불가리스쑥오일, 올리브오일, 달맞이꽃오일, 스위트아몬드오일, 토코페롤, 부틸렌글라이콜, 인삼수, 정제수, 글리세린, 시호뿌리추출물, 왜당귀뿌리추출물, 소엽맥문동뿌리추출물, 검정콩오일, 세라마이드엔피, 피토스핑고신, 들깨추출물, 하이드로제네이티드레시틴, 로즈마리잎추출물, 카놀라오일"
persona_1,21,0.634503185749054,0.9093571305274963,0.2222222238779068,971,아이오페,하이드로 리프트 2종 세트,기타,미분류,"(소프너) 정제수, 부틸렌글라이콜, 변성알코올, 나이아신아마이드, 1,2-헥산다이올, 피피지-13-데실테트라데세스-24, 하이드록시에틸아크릴레이트/소듐아크릴로일다이메틸타우레이트코폴리머, 아크릴레이트/C10-30알킬아크릴레이트크로스폴리머, 향료, 에틸헥실글리세린, 트로메타민, 아데노신, 프로필렌글라이콜, 다이소듐이디티에이, 소듐하이알루로네이트, 솔비탄아이소스테아레이트, 폴리솔베이트60, 하이드롤라이즈드콜라겐, 토코페롤 (에멀젼) 정제수, 부틸렌글라이콜, 글리세린, 펜타에리스리틸테트라에틸헥사노에이트, 나이아신아마이드, 하이드로제네이티드폴리(C6-14올레핀), 다이메티콘, 1,2-헥산다이올, 시어버터, 폴리글리세릴-3메틸글루코오스다이스테아레이트, 글리세릴폴리메타크릴레이트, 비스-하이드록시에톡시프로필다이메티콘, 다이메티콘/비닐다이메티콘크로스폴리머, 카보머, 글리세릴스테아레이트, 세테아릴알코올, 글리세릴스테아레이트시트레이트, 하이드로제네이티드식물성오일, 하이드록시에틸아크릴레이트/소듐아크릴로일다이메틸타우레이트코폴리머, 트로메타민, 스테아릭애씨드, 향료, 잔탄검, 소듐스테아로일글루타메이트, 팔미틱애씨드, 에틸헥실글리세린, 다이소듐이디티에이, 아데노신, 프로필렌글라이콜, 소듐하이알루로네이트, 솔비탄아이소스테아레이트, 폴리솔베이트60, 덱스트린, 카카오추출물, 하이드롤라이즈드콜라겐, 토코페롤"
persona_1,22,0.634503185749054,0.9093571305274963,0.2222222238779068,975,아이오페,레티놀 레티젝션 세럼 30ml,스킨케어,세럼,"정제수, 부틸렌글라이콜, 글리세린, 카프릴릭/카프릭트라이글리세라이드, 칼슘알루미늄보로실리케이트, 다이메티콘, 나이아신아마이드, 시어버터, 판테놀, C14-22알코올, 세테아릴알코올, 토코페롤, 토코페릴아세테이트, 폴리글리세릴-3다이스테아레이트, 글리세릴스테아레이트, 해바라기씨오일, 팔미틱애씨드, 스테아릭애씨드, 돌콩오일, C12-20알킬글루코사이드, 다이메틸아이소소바이드, 카보머, 소듐설파이트, 당근추출물, 알란토인, 글리세릴카프릴레이트, 트로메타민, 펜틸렌글라이콜, 소듐메타포스페이트, 코질메틸렌다이옥시신나메이트, 에틸헥실글리세린, 아데노신, 레티놀, 글리세릴스테아레이트시트레이트, 하이드록시피나콜론레티노에이트, 베타-카로틴, 아라비아고무나무검, 비에이치티, 프로필렌글라이콜알지네이트 (순수레티놀 함량 880IU)"
persona_1,23,0.634503185749054,0.9093571305274963,0.2222222238779068,1009,에이피뷰티,에이피 프라임 리저브 리트리니티 세럼 30ml,스킨케어,세럼,"코코-카프릴레이트/카프레이트, 글리세린, 정제수, 호호바씨오일, 메틸트라이메티콘, 수크로오스스테아레이트, 페닐트라이메티콘, 수크로오스라우레이트, 카프릴릴메티콘, 향료, 피씨에이다이메티콘, 만니톨, 녹차수, 사이클로덱스트린, 다이소듐이디티에이, 부틸렌글라이콜, 아데노신, 카보머, 녹차추출물, 흑효모발효물, 프로판다이올, 에탄올, 리날룰, 1,2-헥산다이올, 제라니올, 알파-아이소메틸아이오논, 리모넨, 바이오플라보노이드, 시트로넬올, 소듐하이알루로네이트, 티타늄디옥사이드 (CI 77891), 마이카, 에틸헥실글리세린, 아세틸테트라펩타이드-11, 적색산화철, 소듐벤조에이트, 락틱애씨드, 피탄트라이올, 페릭페로시아나이드, 포타슘솔베이트, 폴록사머407, 다이아몬드가루, 잔탄검, 암모늄아크릴로일다이메틸타우레이트/브이피코폴리머, 글리세릴카프릴레이트, 카페인, 테아닌, 에피갈로카테킨갈레이트, 캠페롤, 녹차꽃추출물"
persona_1,24,0.634503185749054,0.9093571305274963,0.2222222238779068,993,아이오페,바이오 컨디셔닝 에센스 기획세트 84ml,스킨케어,에센스,"효모발효여과물, 부틸렌글라이콜, 프로판다이올, 글리세린, 나이아신아마이드, 1,2-헥산다이올, 다이에톡시에틸석시네이트, 소듐파이루베이트, 에틸헥실글리세린, 아데노신, 덱스트린, 다이소듐이디티에이, 맥주효모추출물"
persona_1,25,0.634503185749054,0.9093571305274963,0.2222222238779068,1126,이니스프리,노세범 모이스처 파우더 5g,건기식,기능성식품,"마이카, 알루미늄전분옥테닐석시네이트, 합성플루오르플로고파이트, 보론나이트라이드, 다이메티콘/비닐다이메티콘크로스폴리머, 메틸메타크릴레이트크로스폴리머, 비닐다이메티콘/메티콘실세스퀴옥세인크로스폴리머, 라우로일라이신, 실리카, 에틸헥실글리세린, 글리세릴카프릴레이트, 미네랄솔트, 토코페롤"
persona_1,26,0.634503185749054,0.9093571305274963,0.2222222238779068,1022,에이피뷰티,에이피 듀얼 리페어 리프트 리퀴드 크림 120ml,스킨케어,크림,"정제수, 락토바실러스발효용해물, 프로판다이올, 폴리실리콘-11, 글리세린, 부틸렌글라이콜, 세틸에틸헥사노에이트, 시어버터, 1,2-헥산다이올, 스쿠알란, 락토바실러스발효물, 메도우폼씨오일, 하이드로제네이티드레시틴, 판테놀, 펜타에리스리틸테트라에틸헥사노에이트, 프로필렌글라이콜, 피토스테릴/베헤닐/옥틸도데실라우로일글루타메이트, 소듐폴리아크릴레이트, 카보머, 하이드로제네이티드폴리데센, 트로메타민, 에틸헥실글리세린, 폴리메틸실세스퀴옥세인, 잔탄검, 에이치디아이/트라이메틸올헥실락톤크로스폴리머, 포타슘세틸포스페이트, 글리세릴카프릴레이트, 세라마이드엔피, 토코페롤, 콜레스테롤, 스테아릭애씨드, 다이소듐이디티에이, 소듐스테아로일글루타메이트, 피마자씨오일, 아데노신, 팔미틱애씨드, 피피지-5-라우레스-5, 소듐벤조에이트, 마데카소사이드, 광곽향오일, 바이오플라보노이드, 효모폴리펩타이드, 단향오일, 유향나무검추출물, 로즈마리잎오일, 아라비안자스민꽃추출물, 오렌지꽃오일, 카퍼트라이펩타이드-1, 소듐알엔에이, 마트리카리아꽃오일, 비터오렌지꽃추출물, 바닐라열매추출물, 스피어민트잎오일, 목서꽃추출물, 머스크씨드씨추출물"
persona_1,27,0.634503185749054,0.9093571305274963,0.2222222238779068,1045,일리윤,세라마이드 아토 6.0 탑투토워시 500ml,기타,미분류,"정제수, 코카미도프로필베타인, 솔비톨, 다이소듐라우레스설포석시네이트, 코카마이드메틸엠이에이, 소듐클로라이드, 다이소듐코코암포다이아세테이트, 코카마이드엠이에이, 1,2-헥산다이올, 소듐벤조에이트(0.499%), 시트릭애씨드, 다이소듐이디티에이, 부틸렌글라이콜, 인삼수, 시호뿌리추출물, 왜당귀뿌리추출물, 소엽맥문동뿌리추출물, 들깨추출물, 낫토검, 세라마이드엔피(10ppb), 에틸헥실글리세린, 스테아릭애씨드, 하이드록시프로필비스팔미타마이드엠이에이(세라마이드 PC-104 3ppb), 만니톨, 아크릴레이트/암모늄메타크릴레이트코폴리머, 실리카, 콜레스테롤"
persona_1,28,0.634503185749054,0.9093571305274963,0.2222222238779068,1001,에이피뷰티,에이오 트리플 디펜스 에어리 선 세럼 40ml,스킨케어,세럼,"정제수, 다이부틸아디페이트, 프로판다이올, 드로메트리졸트리실록산, 에칠헥실트리아존, 나이아신아마이드, 디에칠아미노하이드록시벤조일헥실벤조에이트, 테레프탈릴리덴디캠퍼설포닉애씨드, 1,2-헥산다이올, 베헤닐알코올, 소듐폴리아크릴로일다이메틸타우레이트, 트로메타민, 페닐트라이메티콘, 카프릴릴메티콘, 폴리아크릴레이트크로스폴리머-6, 아라키딜알코올, 포타슘세틸포스페이트, 글리세린, 에틸헥실글리세린, 카프릴릴글라이콜, 아라키딜글루코사이드, 폴리글리세린-3, 아데노신, 향료, 소듐메타포스페이트, 엑토인, 흑차추출물, 적색산화철, 판테놀, 글리세릴글루코사이드, 토코페롤"
persona_1,29,0.634503185749054,0.9093571305274963,0.2222222238779068,1057,일리윤,세라마이드 아토 여행용 키트,기타,미분류,"[로션] 정제수, 글리세린, 프로판다이올, 다이메티콘, 하이드로제네이티드쌀겨오일, 하이드로제네이티드폴리(C6-14올레핀), 세틸에틸헥사노에이트, 다이아이소스테아릴말레이트, 1,2-헥산다이올, 하이드록시에틸아크릴레이트/소듐아크릴로일다이메틸타우레이트코폴리머, C14-22알코올, 아라키딜알코올, 팔미틱애씨드, 글리세릴스테아레이트, 스테아릭애씨드, 베헤닐알코올, C12-20알킬글루코사이드, 글리세릴카프릴레이트, 아라키딜글루코사이드, 솔비탄아이소스테아레이트, 에틸헥실글리세린, 부틸렌글라이콜, 소듐메타포스페이트, 인삼수, 황금추출물, 세틸-피지하이드록시에틸팔미타마이드(세라마이드 CPP-40 65.5ppm), 만니톨, 매실추출물, 하이드로제네이티드레시틴, 검정콩오일, 스쿠알란, 마데카소사이드, 폴리글리세릴-10펜타스테아레이트, 아크릴레이트/암모늄메타크릴레이트코폴리머, 세라마이드엔피(4.04ppm), 토코페롤, 콜레스테롤, 피토스핑고신, 실리카, 펜틸렌글라이콜, 다이포타슘글리시리제이트, 아라키딕애씨드, 올레익애씨드, 카놀라오일, 로즈마리잎추출물 [크림] 정제수, 부틸렌글라이콜, 글리세린, 에틸헥실스테아레이트, 다이메티콘, 다이카프릴릴카보네이트, 베헤닐알코올, 스테아릭애씨드, 팔미틱애씨드, 세틸에틸헥사노에이트, 하이드로제네이티드폴리(C6-14올레핀), 1,2-헥산다이올, 아라키딜알코올, C14-22알코올, 세틸-피지하이드록시에틸팔미타마이드(세라마이드 CPP-40 7622ppm), 폴리아크릴레이트-13, 만니톨, 아라키딜글루코사이드, C12-20알킬글루코사이드, 하이드로제네이티드폴리아이소부텐, 글리세릴카프릴레이트, 에틸헥실글리세린, 폴리글리세릴-10라우레이트, 하이드로제네이티드레시틴, 에틸헥실팔미테이트, 다이메티콘올, 인삼수, 카보머, 솔비탄아이소스테아레이트, 아크릴레이트/암모늄메타크릴레이트코폴리머, 황금추출물, 프로판다이올, 콜레스테롤, 실리카, 매실추출물, 아라키딕애씨드, 검정콩오일, 스쿠알란, 마데카소사이드, 폴리글리세릴-10펜타스테아레이트, 토코페롤, 세라마이드엔피(4ppm), 올레익애씨드, 피토스핑고신, 펜틸렌글라이콜, 다이포타슘글리시리제이트, 카놀라오일, 로즈마리잎추출물 [워시] 정제수, 코카미도프로필베타인, 솔비톨, 다이소듐라우레스설포석시네이트, 코카마이드메틸엠이에이, 소듐클로라이드, 다이소듐코코암포다이아세테이트, 코카마이드엠이에이, 1,2-헥산다이올, 소듐벤조에이트(0.499%), 시트릭애씨드, 다이소듐이디티에이, 부틸렌글라이콜, 인삼수, 시호뿌리추출물, 왜당귀뿌리추출물, 소엽맥문동뿌리추출물, 들깨추출물, 낫토검, 세라마이드엔피(10ppb), 에틸헥실글리세린, 스테아릭애씨드, 하이드록시프로필비스팔미타마이드엠이에이(세라마이드 PC-104 3ppb), 만니톨, 아크릴레이트/암모늄메타크릴레이트코폴리머, 실리카, 콜레스테롤"
persona_1,30,0.634503185749054,0.9093571305274963,0.2222222238779068,1068,일리윤,무기자차 장벽 선크림 SPF50+/PA++++ 50ml,선케어,선크림,"정제수, 징크옥사이드, 사이클로헥사실록세인, 부틸옥틸살리실레이트, 프로필헵틸카프릴레이트, 아이소도데케인, 판테놀, 폴리글리세릴-3폴리다이메틸실록시에틸다이메티콘, 카프릴릴메티콘, 나이아신아마이드, 프로판다이올, 다이실록세인, 다이스테아다이모늄헥토라이트, 마그네슘설페이트, 트라이에톡시카프릴릴실레인, 폴리메틸실세스퀴옥세인, 폴리글리세릴-2다이폴리하이드록시스테아레이트, 1,2-헥산다이올, 라우릴폴리글리세릴-3폴리다이메틸실록시에틸다이메티콘, 카프릴릴글라이콜, 글리세릴카프릴레이트, 에틸헥실글리세린, 아데노신, 부틸렌글라이콜, 인삼수, 소듐하이알루로네이트, 황금추출물, 매실추출물, 토코페롤, 세라마이드엔피"
persona_2,1,0.6666664481163025,0.9999995827674866,0.3333333432674408,1566,퍼즐우드,NEW 슈퍼시카 B5,기타,미분류,"리포좀 시카 B5(판토텐산)(밀크세라마이드(버터유분말(독일산)), 자일리톨(감미료), 판토텐산칼슘, 비타민C, 시클로덱스트린시럽, 말티톨시럽(감미료), 니코틴산아미드, 건조효모(셀렌)(캐나다산), 비타민D3혼합제제(아라비아검, 설탕, 옥수수전분, 폴리글리세린지방산에스테르, 이산화규소, 비타민D3, 비타민E), 레시틴, 비오틴혼합제제(제이인산칼슘, 비오틴), 수크랄로스(감미료), 락토바이탈 PDRN, 병풀추출물, 어성초추출분말, 히비스커스추출혼합분말), 자일리톨(감미료), 에리스리톨(감미료), 효소처리스테비아1(감미료), 리치향, Lactiplantibacillus plantarum APSulloc 331261, 레몬과즙분말(레몬과즙(이탈리아산)), 요구르트향분말(요구르트향(이탈리아산), 요거트분말(이탈리아산)), 효소처리스테비아2(감미료), 글루코노-δ-락톤, 구연산, 탄산수소나트륨, 레몬향혼합제제(덱스트린, 레몬오일, 아라비아검, 구연산, 펙틴, 구연산삼나트륨), 제삼인삼칼슘, 수크랄로스(감미료) 우유함유 당알코올(자일리톨 36.25%, 에리스리톨 7%, 말티톨시럽 1.03%), 당알코올 함유 제품으로 과량 섭취 시 설사를 일으킬 수 있습니다."
persona_2,2,0.6666664481163025,0.9999995827674866,0.3333333432674408,1580,퍼즐우드,메타그린 부스터샷 7일,기타,미분류,"APIC대두배아열수추출물등복합물(대두배아추출물분말(대두(미국산)), L-카르니틴), 녹차추출물, 판토텐산칼슘, 비타민C, 정제수, 난소화성말토덱스트린(옥수수: 외국산(러시아, 헝가리, 세르비아 등)) ,시트러스농축액(시트러스혼합액(풋귤착즙액 국산))), 푸룬농축액, 구연산, 치커리뿌리추출물, 혼합제제(정제수, 덱스트린, 아라비아검, 유자후레바베이스, 유자향, 레몬라임향, 레몬오일, 합성향료), 구연산삼나트륨, 효소처리스테비아, 프탈산히드록시프로필메틸셀룰로오스, 목화씨유분말(경화유), 젖산칼슘, 펙틴, 함초소금, 제삼인산칼슘, 젤란검, 글리세린지방산에스테르, 구아검 대두함유"
persona_2,3,0.6666664481163025,0.9999995827674866,0.3333333432674408,1543,퍼즐우드,비타클렌즈,기타,미분류,"폴리덱스트로스, 치커리뿌리추출물, 난소화성말토덱스트린(옥수수: 외국산(러시아, 헝가리, 세르비아 등)), 구연산, 비타민미네랄혼합분말(비타민C, 덱스트린, 비타민E혼합제제분말(dl-α-토코페릴아세테이트, 포도당시럽고형분, 변성전분, 이산화규소), 니코틴산아미드 , 판토텐산칼슘, 비타민A혼합제제(포도당시럽고형분, 아라비아검, 옥수수전분, 비타민A초산염, 비타민E), 비오틴혼합분말(비오틴, 덱스트린), 산화아연, 비타민D3혼합제제분말(변성전분, 설탕, 비타민C, MCT 오일, 이산화규소, dl-α-토코페릴아세테이트, 비타민D3), 황산망간, 비타민B6염산염, 비타민B2, 비타민B1염산염, 비타민B12혼합제제분말 (덱스트린, 구연산삼나트륨, 구연산, 비타민B12), 엽산), 자일리톨(감미료), 향료(오렌지향), DL-사과산, L-아르지닌, 산화마그네슘, 스테비올배당체(감미료), 향료(과채클렌즈향), 식물성DHA유지분말(네델란드산), 함초소금(천일염(국산), 퉁퉁마디추출액(국산)), 오렌지과즙분말, 야채혼합농축분말, 울금추출물분말, 프로바이오틱스분말, 수크랄로스(감미료), 구연산삼나트륨, 알긴산나트륨, 해바라기레시틴, 엽산 대두함유"
persona_2,4,0.6666664481163025,0.9999995827674866,0.3333333432674408,1507,퍼즐우드,슈퍼콜라겐 골드,기타,미분류,"AP콜라겐효소분해펩타이드, N-아세틸글루코사민(홍게(국산)), 니코틴산아미드, 황산망간, 비오틴, 정제수, 저분자콜라겐펩타이드-타입Ⅰ, Ⅲ(베트남산), 저분자피쉬콜라겐(베트남산), 콜라겐펩타이드-SP, 구연산, 자일리톨(감미료), 콜라겐펩타이드-타입Ⅱ, 체리라임향혼합제제(프로필렌글리콜, 글리세린, 주정, 트리아세틴, 합성향료, 정제수, 초산, 레몬오일, 비타민E), 맥아추출분말, 비타민C, 함초소금(천일염, 통통마디추출액), 수크랄로스(감미료), 젤란검, 아세설팜칼륨(감미료), 스테비올배당체(감미료), 난각막콜라겐, 호박씨앗추출분말, 엘라스틴펩타이드, 녹차다당체분말, 밀크세라마이드, 히알루론산혼합제제(덱스트린, 히알루론산) 난류(가금류), 게, 닭고기, 우유 함유"
persona_2,5,0.6666664481163025,0.9999995827674866,0.3333333432674408,1509,퍼즐우드,굿슬립 가바 365  식약처 인정 수면기능성,건기식,기능성식품,"L-글루탐산발효 가바분말(국내산), 니코틴산아미드, 결정셀룰로오스, 제이인산칼슘, 히드록시프로필메틸셀룰로오스혼합제제(히드록시프로필셀룰로스, 히드록시프로필메틸셀룰로스), 목화씨유분말(경화유)(미국산), 제삼인산칼슘, L아르기닌, 타트체리농축분말(타트체리농축액(폴란드산)), 산화마그네슘, 말토덱스트린혼합제제(말토덱스트린, 해바라기레시틴, 팜올레인, 구아검)"
persona_2,6,0.6666664481163025,0.9999995827674866,0.3333333432674408,1521,퍼즐우드,메타그린 골드 플러스 패밀리 기획세트,기타,미분류,"녹차추출물(인도산), 은행잎추출물(인도산), 바나바잎추출물(인도산), 치커리추출물, 프탈산히드록시프로필메틸셀룰로오스, 비타민C, 발효추차추출분말, 혼합제제(히드록시프로필셀룰로오스, 히드록시프로필메틸셀룰로오스), 스테아린산마그네슘, 제삼인산칼슘, 양파추출물, 글리세린지방산에스테르, 건조효모(크롬), 코엔자임Q10, 구아검, 혼합제제(덱스트린, 에틸셀룰로스, d-토코페롤, 중쇄중성지방, 비타민D3)"
persona_2,7,0.6666664481163025,0.9999995827674866,0.3333333432674408,1551,퍼즐우드,메타그린 부스터샷 7일,기타,미분류,"APIC대두배아열수추출물등복합물(대두배아추출물분말(대두(미국산)), L-카르니틴), 녹차추출물, 판토텐산칼슘, 비타민C, 정제수, 난소화성말토덱스트린(옥수수: 외국산(러시아, 헝가리, 세르비아 등)) ,시트러스농축액(시트러스혼합액(풋귤착즙액 국산))), 푸룬농축액, 구연산, 치커리뿌리추출물, 혼합제제(정제수, 덱스트린, 아라비아검, 유자후레바베이스, 유자향, 레몬라임향, 레몬오일, 합성향료), 구연산삼나트륨, 효소처리스테비아, 프탈산히드록시프로필메틸셀룰로오스, 목화씨유분말(경화유), 젖산칼슘, 펙틴, 함초소금, 제삼인산칼슘, 젤란검, 글리세린지방산에스테르, 구아검 대두함유"
persona_2,8,0.6666664481163025,0.9999995827674866,0.3333333432674408,1547,퍼즐우드,슈퍼레티놀 30포,기타,미분류,"리포좀 레티놀+비타민C(비타민C, 자일리톨, L-시스틴, 효소처리저분자오크라뮤신(오크라분말(중국산)), L-트레오닌, 시트러스추출분말(중국산), 판토텐산칼슘, 모링가추출물 (레티놀 5%), 말티톨시럽, 니코틴산아미드, 비타민E혼합제제분말(dl-α-토코페릴아세테이트, 옥테닐호박산나트륨전분, 정제수, 이산화규소), 비타민D혼합제제 (변성전분, 설탕, L-아스코브산나트륨, 해바라기유, 비타민E, 비타민D2), 레몬과즙분말(레몬과즙, 덱스트린, 아라비아검), 레시틴, 펄스에너지처리녹차분말, 울금추출물분말, 히알루론산), 자일리톨, 비타민C, 효소처리스테비아, 망고과즙분말(망고퓌레(필리핀산)), 향료(레몬라임향), 함초소금(천일염(국내산), 퉁퉁마디추출액(국내산)), 제삼인산칼슘, 구연산, 향료(자몽분말향), 스테아린산마그네슘, 산화마그네슘, 당류가공품"
persona_2,9,0.6666664481163025,0.9999995827674866,0.3333333432674408,1526,퍼즐우드,NEW 슈퍼시카 B5,기타,미분류,"리포좀 시카 B5(판토텐산)(밀크세라마이드(버터유분말(독일산)), 자일리톨(감미료), 판토텐산칼슘, 비타민C, 시클로덱스트린시럽, 말티톨시럽(감미료), 니코틴산아미드, 건조효모(셀렌)(캐나다산), 비타민D3혼합제제(아라비아검, 설탕, 옥수수전분, 폴리글리세린지방산에스테르, 이산화규소, 비타민D3, 비타민E), 레시틴, 비오틴혼합제제(제이인산칼슘, 비오틴), 수크랄로스(감미료), 락토바이탈 PDRN, 병풀추출물, 어성초추출분말, 히비스커스추출혼합분말), 자일리톨(감미료), 에리스리톨(감미료), 효소처리스테비아1(감미료), 리치향, Lactiplantibacillus plantarum APSulloc 331261, 레몬과즙분말(레몬과즙(이탈리아산)), 요구르트향분말(요구르트향(이탈리아산), 요거트분말(이탈리아산)), 효소처리스테비아2(감미료), 글루코노-δ-락톤, 구연산, 탄산수소나트륨, 레몬향혼합제제(덱스트린, 레몬오일, 아라비아검, 구연산, 펙틴, 구연산삼나트륨), 제삼인삼칼슘, 수크랄로스(감미료) 우유함유 당알코올(자일리톨 36.25%, 에리스리톨 7%, 말티톨시럽 1.03%), 당알코올 함유 제품으로 과량 섭취 시 설사를 일으킬 수 있습니다."
persona_2,10,0.6666664481163025,0.9999995827674866,0.3333333432674408,1568,퍼즐우드,메타그린 슬림업,기타,미분류,"녹차추출물분말(인도산), 판토텐산칼슘, 비타민C, 치커리뿌리추출물(벨기에산), 프탈산히드록시프로필메틸셀룰로오스, 스테아린산마그네슘, 제삼인산칼슘, 글리세린초산지방산에스테르, 구아검"
persona_2,11,0.6666664481163025,0.9999995827674866,0.3333333432674408,1541,퍼즐우드,슈퍼콜라겐 골드,기타,미분류,"AP콜라겐효소분해펩타이드, N-아세틸글루코사민(홍게(국산)), 니코틴산아미드, 황산망간, 비오틴, 정제수, 저분자콜라겐펩타이드-타입Ⅰ, Ⅲ(베트남산), 저분자피쉬콜라겐(베트남산), 콜라겐펩타이드-SP, 구연산, 자일리톨(감미료), 콜라겐펩타이드-타입Ⅱ, 체리라임향혼합제제(프로필렌글리콜, 글리세린, 주정, 트리아세틴, 합성향료, 정제수, 초산, 레몬오일, 비타민E), 맥아추출분말, 비타민C, 함초소금(천일염, 통통마디추출액), 수크랄로스(감미료), 젤란검, 아세설팜칼륨(감미료), 스테비올배당체(감미료), 난각막콜라겐, 호박씨앗추출분말, 엘라스틴펩타이드, 녹차다당체분말, 밀크세라마이드, 히알루론산혼합제제(덱스트린, 히알루론산) 난류(가금류), 게, 닭고기, 우유 함유"
persona_2,12,0.6666664481163025,0.9999995827674866,0.3333333432674408,1537,퍼즐우드,슈퍼콜라겐 플래티넘,기타,미분류,"AP콜라겐효소분해펩타이드, 비타민C, 히알루론산, 셀레늄혼합제제(아셀렌산나트륨, 옥수수말토덱스트린), 비타민B6염산염, 비오틴, 정제수, 저분자피쉬콜라겐펩타이드(베트남산), 자일리톨(감미료), 글루코노-δ-락톤, 효모추출물GT(중국산), 결정셀룰로스, 구연산, 제삼인산칼슘, 밀크세라마이드(유청분말(미국산)), 히드록시프로필메틸셀룰로오스혼합제제(히드록시프로필메틸셀룰로스, 이소말트(감미료), 탄산칼슘, 스테아린산), 연어추출물, 망고패션프루츠향(프로필렌글리콜, 합성향료, 트리아세틴), 치커리뿌리추출물, 펙틴, 맥아추출물분말, 스테아린산마그네슘, 병풀잎추출물분말, 가교카복시메틸셀룰로스나트륨, 마스킹향(프로필렌글리콜, 합성향료), 히드록시프로필셀룰로스 혼합제제(히드록시프로필셀룰로스, 이산화규소), 스테아린산마그네슘, 효소처리스테비아(감미료), 말토덱스트린혼합제제(말토덱스트린, 해바라기레시틴, 팜올레인유, 구아검), 스테아린산, 젤란검, L-시스테인염산염, 홍화황색소(홍화황색소, 덱스트린), 엘라스틴펩타이드, 구아검, 홍화황색소용액(정제수, 프로필렌글리콜, 홍화황색소), 녹차다당분말 우유함유"
persona_2,13,0.6666664481163025,0.9999995827674866,0.3333333432674408,1539,퍼즐우드,슈퍼콜라겐 플래티넘,기타,미분류,"AP콜라겐효소분해펩타이드, 비타민C, 히알루론산, 셀레늄혼합제제(아셀렌산나트륨, 옥수수말토덱스트린), 비타민B6염산염, 비오틴, 정제수, 저분자피쉬콜라겐펩타이드(베트남산), 자일리톨(감미료), 글루코노-δ-락톤, 효모추출물GT(중국산), 결정셀룰로스, 구연산, 제삼인산칼슘, 밀크세라마이드(유청분말(미국산)), 히드록시프로필메틸셀룰로오스혼합제제(히드록시프로필메틸셀룰로스, 이소말트(감미료), 탄산칼슘, 스테아린산), 연어추출물, 망고패션프루츠향(프로필렌글리콜, 합성향료, 트리아세틴), 치커리뿌리추출물, 펙틴, 맥아추출물분말, 스테아린산마그네슘, 병풀잎추출물분말, 가교카복시메틸셀룰로스나트륨, 마스킹향(프로필렌글리콜, 합성향료), 히드록시프로필셀룰로스 혼합제제(히드록시프로필셀룰로스, 이산화규소), 스테아린산마그네슘, 효소처리스테비아(감미료), 말토덱스트린혼합제제(말토덱스트린, 해바라기레시틴, 팜올레인유, 구아검), 스테아린산, 젤란검, L-시스테인염산염, 홍화황색소(홍화황색소, 덱스트린), 엘라스틴펩타이드, 구아검, 홍화황색소용액(정제수, 프로필렌글리콜, 홍화황색소), 녹차다당분말 우유함유"
persona_2,14,0.6666664481163025,0.9999995827674866,0.3333333432674408,1557,퍼즐우드,메타그린 슬림업 다이어트 비건 기능성,기타,미분류,"녹차추출물분말(인도산), 판토텐산칼슘, 비타민C, 치커리뿌리추출물(벨기에산), 프탈산히드록시프로필메틸셀룰로오스, 스테아린산마그네슘, 제삼인산칼슘, 글리세린초산지방산에스테르, 구아검"
persona_2,15,0.6666664481163025,0.9999995827674866,0.3333333432674408,1536,퍼즐우드,슈퍼콜라겐 플래티넘,기타,미분류,"AP콜라겐효소분해펩타이드, 비타민C, 히알루론산, 셀레늄혼합제제(아셀렌산나트륨, 옥수수말토덱스트린), 비타민B6염산염, 비오틴, 정제수, 저분자피쉬콜라겐펩타이드(베트남산), 자일리톨(감미료), 글루코노-δ-락톤, 효모추출물GT(중국산), 결정셀룰로스, 구연산, 제삼인산칼슘, 밀크세라마이드(유청분말(미국산)), 히드록시프로필메틸셀룰로오스혼합제제(히드록시프로필메틸셀룰로스, 이소말트(감미료), 탄산칼슘, 스테아린산), 연어추출물, 망고패션프루츠향(프로필렌글리콜, 합성향료, 트리아세틴), 치커리뿌리추출물, 펙틴, 맥아추출물분말, 스테아린산마그네슘, 병풀잎추출물분말, 가교카복시메틸셀룰로스나트륨, 마스킹향(프로필렌글리콜, 합성향료), 히드록시프로필셀룰로스 혼합제제(히드록시프로필셀룰로스, 이산화규소), 스테아린산마그네슘, 효소처리스테비아(감미료), 말토덱스트린혼합제제(말토덱스트린, 해바라기레시틴, 팜올레인유, 구아검), 스테아린산, 젤란검, L-시스테인염산염, 홍화황색소(홍화황색소, 덱스트린), 엘라스틴펩타이드, 구아검, 홍화황색소용액(정제수, 프로필렌글리콜, 홍화황색소), 녹차다당분말 우유함유"
persona_2,16,0.6666664481163025,0.9999995827674866,0.3333333432674408,1570,퍼즐우드,메타그린 슬림업,기타,미분류,"녹차추출물분말(인도산), 판토텐산칼슘, 비타민C, 치커리뿌리추출물(벨기에산), 프탈산히드록시프로필메틸셀룰로오스, 스테아린산마그네슘, 제삼인산칼슘, 글리세린초산지방산에스테르, 구아검"
persona_2,17,0.6666664481163025,0.9999995827674866,0.3333333432674408,1569,퍼즐우드,메타그린 슬림업,기타,미분류,"녹차추출물분말(인도산), 판토텐산칼슘, 비타민C, 치커리뿌리추출물(벨기에산), 프탈산히드록시프로필메틸셀룰로오스, 스테아린산마그네슘, 제삼인산칼슘, 글리세린초산지방산에스테르, 구아검"
persona_2,18,0.6666664481163025,0.9999995827674866,0.3333333432674408,1553,퍼즐우드,메타그린 부스터샷 7일,기타,미분류,"APIC대두배아열수추출물등복합물(대두배아추출물분말(대두(미국산)), L-카르니틴), 녹차추출물, 판토텐산칼슘, 비타민C, 정제수, 난소화성말토덱스트린(옥수수: 외국산(러시아, 헝가리, 세르비아 등)) ,시트러스농축액(시트러스혼합액(풋귤착즙액 국산))), 푸룬농축액, 구연산, 치커리뿌리추출물, 혼합제제(정제수, 덱스트린, 아라비아검, 유자후레바베이스, 유자향, 레몬라임향, 레몬오일, 합성향료), 구연산삼나트륨, 효소처리스테비아, 프탈산히드록시프로필메틸셀룰로오스, 목화씨유분말(경화유), 젖산칼슘, 펙틴, 함초소금, 제삼인산칼슘, 젤란검, 글리세린지방산에스테르, 구아검 대두함유"
persona_2,19,0.6666664481163025,0.9999995827674866,0.3333333432674408,1555,퍼즐우드,메타그린 부스터샷 7일,기타,미분류,"APIC대두배아열수추출물등복합물(대두배아추출물분말(대두(미국산)), L-카르니틴), 녹차추출물, 판토텐산칼슘, 비타민C, 정제수, 난소화성말토덱스트린(옥수수: 외국산(러시아, 헝가리, 세르비아 등)) ,시트러스농축액(시트러스혼합액(풋귤착즙액 국산))), 푸룬농축액, 구연산, 치커리뿌리추출물, 혼합제제(정제수, 덱스트린, 아라비아검, 유자후레바베이스, 유자향, 레몬라임향, 레몬오일, 합성향료), 구연산삼나트륨, 효소처리스테비아, 프탈산히드록시프로필메틸셀룰로오스, 목화씨유분말(경화유), 젖산칼슘, 펙틴, 함초소금, 제삼인산칼슘, 젤란검, 글리세린지방산에스테르, 구아검 대두함유"
persona_2,20,0.6666664481163025,0.9999995827674866,0.3333333432674408,1564,퍼즐우드,오메가케어 3입세트,기타,미분류,"정제어유(정제어유,D-토코페롤)(노르웨이산), 밀납, 보라지유(영국산), 레몬오일, D-α-토코페롤 캡슐기제 젤라틴, 글리세린, D-소르비톨액, 카카오색소, 오징어 먹물색소 대두, 돼지고기, 오징어, 고등어 함유"
persona_2,21,0.6666664481163025,0.9999995827674866,0.3333333432674408,1515,퍼즐우드,슈퍼에센셜,기타,미분류,"AP콜라겐효소분해펩타이드, 비타민C, 푸마르산제일철, 셀레늄혼합제제(아셀렌산나트륨, 옥수수말토덱스트린), 비타민B12혼합분말(비타민B12, 말토덱스트린, 구연산삼나트륨, 구연산), 비타민B1염산염, 니코틴산아미드, 비타민B2, 판토텐산칼슘, 비타민D3혼합제제(비타민D3, 아라비아검, 자당, 옥수수전분, 가공유지, 이산화규소, 비타민E), 비타민B6염산염, 엽산, 비오틴, 정제수, 자일리톨(감미료), 레몬농축액(이스라엘산), 결정셀룰로스, 글루코노-δ-락톤, 히드록시프로필메틸셀룰로스 혼합제제(히드록시프로필메틸셀룰로스, 이소말트(감미료), 탄산칼슘, 스테아린산), 무수구연산, 합성향료(포도향), 스테아린산마그네슘, L-시스틴, 스테아린산, 히드록시프로필메틸셀룰로스, 가교카복시메틸셀룰로스나트륨, 맥아추출분말(영국산), 말토덱스트린 혼합제제(말토덱스트린, 해바라기 레시틴, 해바라기유, 구아검), 제삼인산칼슘, 젤란검, 포도농축액(미국산), 함초소금(천일염, 퉁퉁마디추출액), 밀크세라마이드, 수크랄로스(감미료), 아세설팜칼륨(감미료), 건조효모(크롬), 산화아연, 비타민A혼합제제(말토덱스트린, 옥수수전분, 아라비아검, 비타민A 아세테이트, 비타민E), 스테비올배당체(감미료), 히알루론산, 엘라스틴펩타이드, 황산망간, 글루콘산동, 비타민E혼합제제(dl-α-토코페릴아세테이트, 옥테닐호박산나트륨전분, 정제수, 이산화규소), 녹차다당분말, 비타민K1혼합제제(아라비아검, 자당, 비타민K1) 대두, 우유 함유"
persona_2,22,0.6666664481163025,0.9999995827674866,0.3333333432674408,1518,퍼즐우드,명작수 골드,기타,미분류,"홍삼농축액(국산)(원료삼배합비율:홍삼근70%, 홍미삼30%), 글루콘산아연, 니코틴산아미드, 정제수, 말토올리고당, 청포도농축액(미국산), 난소화성말토덱스트린(외국산(러시아, 헝가리, 세르비아 등)), 푸룬농축액(미국산), 벌꿀(아카시아꿀)(국산), 인삼열매농축액(국산), 오미자추출농축액(국산), L-아르기닌"
persona_2,23,0.6666664481163025,0.9999995827674866,0.3333333432674408,1519,퍼즐우드,명작수 골드,기타,미분류,"홍삼농축액(국산)(원료삼배합비율:홍삼근70%, 홍미삼30%), 글루콘산아연, 니코틴산아미드, 정제수, 말토올리고당, 청포도농축액(미국산), 난소화성말토덱스트린(외국산(러시아, 헝가리, 세르비아 등)), 푸룬농축액(미국산), 벌꿀(아카시아꿀)(국산), 인삼열매농축액(국산), 오미자추출농축액(국산), L-아르기닌"
persona_2,24,0.6666664481163025,0.9999995827674866,0.3333333432674408,1528,퍼즐우드,리버프라임,기타,미분류,"밀크씨슬추출물분말(이탈리아산), D-α-토코페롤, 비타민B1염산염, 비타민B2, 키토올리고당분말(게(베트남산)), 대두유(외국산: 아르헨티나, 미국, 브라질 등), 유당, 혼합제제(히드록시프로필메틸셀룰로스, 이소말트, 탄산칼슘, 스테아린산), 대두레시틴(고시형), 결정셀룰로오스, 밀납, 대두레시틴, 카르복시메틸셀룰로오스칼슘, 이산화규소, 스테아린산마그네슘, 치자황색소, 카카오색소 *캡슐기제- 젤라틴, 글리세린, D-소르비톨액, 안나토색소 대두, 게, 우유, 돼지고기 함유"
persona_2,25,0.6666664481163025,0.9999995827674866,0.3333333432674408,1530,퍼즐우드,조이스텝 골드,기타,미분류,"타마린드강황주정추출복합물(Tamaflexⓡ)(타마린드추출물, 강황추출물, 결정젤룰로스, 인산화규소/인도산), 건조효모(크롬), 비타민D3혼합제제(비타민D3, 아라비아검, 자당, 옥수수전분, 중쇄중성지방, 이산화규소, 비타민E), 산화아연, 결정셀룰로스, 흰버드나무추출분말(인도산), 혼합제제(히드록시프로필메틸셀룰로스, 이소말토, 탄산칼슘, 스테아린산), 가교카복시메틸셀룰로스나트륨, 치커리뿌리추출분말(벨기에산), 제삼인산칼슘, 스테아린산마그네슘, 비타민k2혼합분말, 치자황색소, 연어코연골분말, 필발열매추출분말, 구아검"
persona_2,26,0.4999997913837433,0.9999995827674866,0.0,1506,퍼즐우드,슈퍼콜라겐 골드,기타,미분류,"AP콜라겐효소분해펩타이드, N-아세틸글루코사민(홍게(국산)), 니코틴산아미드, 황산망간, 비오틴, 정제수, 저분자콜라겐펩타이드-타입Ⅰ, Ⅲ(베트남산), 저분자피쉬콜라겐(베트남산), 콜라겐펩타이드-SP, 구연산, 자일리톨(감미료), 콜라겐펩타이드-타입Ⅱ, 체리라임향혼합제제(프로필렌글리콜, 글리세린, 주정, 트리아세틴, 합성향료, 정제수, 초산, 레몬오일, 비타민E), 맥아추출분말, 비타민C, 함초소금(천일염, 통통마디추출액), 수크랄로스(감미료), 젤란검, 아세설팜칼륨(감미료), 스테비올배당체(감미료), 난각막콜라겐, 호박씨앗추출분말, 엘라스틴펩타이드, 녹차다당체분말, 밀크세라마이드, 히알루론산혼합제제(덱스트린, 히알루론산) 난류(가금류), 게, 닭고기, 우유 함유"
persona_2,27,0.4999997913837433,0.9999995827674866,0.0,1505,퍼즐우드,메타그린 슬림업,기타,미분류,"녹차추출물분말(인도산), 판토텐산칼슘, 비타민C, 치커리뿌리추출물(벨기에산), 프탈산히드록시프로필메틸셀룰로오스, 스테아린산마그네슘, 제삼인산칼슘, 글리세린초산지방산에스테르, 구아검"
persona_2,28,0.4999997913837433,0.9999995827674866,0.0,1504,퍼즐우드,메타그린 슬림업,기타,미분류,"녹차추출물분말(인도산), 판토텐산칼슘, 비타민C, 치커리뿌리추출물(벨기에산), 프탈산히드록시프로필메틸셀룰로오스, 스테아린산마그네슘, 제삼인산칼슘, 글리세린초산지방산에스테르, 구아검"
persona_2,29,0.4999997913837433,0.9999995827674866,0.0,1535,퍼즐우드,조이스텝 골드,기타,미분류,"타마린드강황주정추출복합물(Tamaflexⓡ)(타마린드추출물, 강황추출물, 결정젤룰로스, 인산화규소/인도산), 건조효모(크롬), 비타민D3혼합제제(비타민D3, 아라비아검, 자당, 옥수수전분, 중쇄중성지방, 이산화규소, 비타민E), 산화아연, 결정셀룰로스, 흰버드나무추출분말(인도산), 혼합제제(히드록시프로필메틸셀룰로스, 이소말토, 탄산칼슘, 스테아린산), 가교카복시메틸셀룰로스나트륨, 치커리뿌리추출분말(벨기에산), 제삼인산칼슘, 스테아린산마그네슘, 비타민k2혼합분말, 치자황색소, 연어코연골분말, 필발열매추출분말, 구아검"
persona_2,30,0.4999997913837433,0.9999995827674866,0.0,1578,퍼즐우드,메타그린 부스터샷 7일,기타,미분류,"APIC대두배아열수추출물등복합물(대두배아추출물분말(대두(미국산)), L-카르니틴), 녹차추출물, 판토텐산칼슘, 비타민C, 정제수, 난소화성말토덱스트린(옥수수: 외국산(러시아, 헝가리, 세르비아 등)) ,시트러스농축액(시트러스혼합액(풋귤착즙액 국산))), 푸룬농축액, 구연산, 치커리뿌리추출물, 혼합제제(정제수, 덱스트린, 아라비아검, 유자후레바베이스, 유자향, 레몬라임향, 레몬오일, 합성향료), 구연산삼나트륨, 효소처리스테비아, 프탈산히드록시프로필메틸셀룰로오스, 목화씨유분말(경화유), 젖산칼슘, 펙틴, 함초소금, 제삼인산칼슘, 젤란검, 글리세린지방산에스테르, 구아검 대두함유"
persona_3,1,0.5000000596046448,1.0000001192092896,0.1666666716337204,693,헤라,NEW 리플렉션 스킨 글로우 쿠션 파운데이션 SPF40/PA++ 15g,선케어,선크림,"정제수, 페닐트라이메티콘, 다이페닐실록시페닐트라이메티콘, 마이카, 부틸렌글라이콜, 티타늄디옥사이드 (CI 77891), 다이아이소스테아릴말레이트, 펜타에리스리틸테트라아이소스테아레이트, 글리세린, 비스-다이글리세릴폴리아실아디페이트-2, 메틸트라이메티콘, 변성알코올, 라우릴피이지-10트리스(트라이메틸실록시)실릴에틸다이메티콘, 다이스테아다이모늄헥토라이트, 피이지-10다이메티콘, 트라이메틸실록시실리케이트, 폴리하이드록시스테아릭애씨드, 합성왁스, 다이메티콘, 1,2-헥산다이올, 실리카, 소듐클로라이드, 비스-베헤닐/아이소스테아릴/피토스테릴다이머다이리놀레일다이머다이리놀리에이트, 다이메티콘/폴리글리세린-3크로스폴리머, 카프릴릴글라이콜, 글리세릴카프릴레이트, 소듐메타포스페이트, 에틸헥실글리세린, 틴옥사이드, 프로판다이올, 아스코빅애씨드, 동백나무씨오일, 동백나무씨추출물, 적색산화철, 다이프로필렌글라이콜, 동백나무꽃추출물, 소듐시트레이트, 토코페롤, 트라이에톡시카프릴릴실레인, 소듐벤조에이트, 락틱애씨드, 포타슘솔베이트, 다이아몬드가루, 잔탄검"
persona_3,2,0.5000000596046448,1.0000001192092896,0.1666666716337204,696,헤라,에이지 어웨이 에스테틱 2종 세트,기타,미분류,"[워터] 정제수, 글리세린, 피이지/피피지-17/6코폴리머, 프로판다이올, 변성알코올, 1,2-헥산다이올, 나이아신아마이드, 베타인, 피피지-13-데실테트라데세스-24, 암모늄아크릴로일다이메틸타우레이트/브이피코폴리머, 잔탄검, 비스-피이지-18메틸에터다이메틸실레인, 에탄올, 다이메티콘, 옥틸도데세스-16, 부틸렌글라이콜, 에틸헥실글리세린, 아데노신, 향료, 산수유열매추출물, 다이소듐이디티에이, 셀룰로오스검, 하이드로제네이티드레시틴, 만니톨, 트레할로오스, 빌베리열매추출물, 사탕수수추출물, 소듐메틸스테아로일타우레이트, 오렌지추출물, 레몬추출물, 에스에이치-폴리펩타이드-121, 토코페롤, 설탕단풍추출물, 카프릴릴글라이콜, 메톡시피이지-114/폴리엡실론카프로락톤, 하이드록시에틸아크릴레이트/소듐아크릴로일다이메틸타우레이트코폴리머, 아세틸헵타펩타이드-4, 복사나무잎추출물, 라이신, 알지닌, 히스티딘, 글루코오스, 자일로오스, 페녹시에탄올, 아세틸헥사펩타이드-8, 소듐하이드록사이드, 만노오스, 소듐클로라이드, 벼에스에이치-올리고펩타이드-1, 레시틴, 펜틸렌글라이콜, 아세틸옥타펩타이드-3, 하이드로제네이티드포스파티딜콜린, 카퍼트라이펩타이드-1, 소듐포스페이트, 덱스트린, 하이드롤라이즈드오크라추출물, 콜레스테롤, 푸코오스, 다이팔미토일하이드록시프롤린, 아크릴레이트/스테아릴메타크릴레이트코폴리머, 칼슘클로라이드, 포타슘클로라이드, 포타슘포스페이트, 마그네슘클로라이드, 하이드롤라이즈드기장 [에멀젼] 정제수, 프로판다이올, 글리세린, 하이드로제네이티드폴리(C6-14올레핀), 하이드로제네이티드폴리아이소부텐, 다이아이소스테아릴말레이트, 나이아신아마이드, 비스-하이드록시에톡시프로필다이메티콘, C14-22알코올, 1,2-헥산다이올, 시어버터, 피씨에이다이메티콘, 글리세릴스테아레이트시트레이트, 글리세릴폴리메타크릴레이트, C12-20알킬글루코사이드, 글리세릴스테아레이트, 세테아릴알코올, 하이드로제네이티드식물성오일, 스테아릭애씨드, 카보머, 에탄올, 트로메타민, 향료, 잔탄검, 글리세릴카프릴레이트, 팔미틱애씨드, 다이소듐이디티에이, 에틸헥실글리세린, 아데노신, 산수유열매추출물, 덱스트린, 카카오추출물, 만니톨, 트레할로오스, 글루코오스, 부틸렌글라이콜, 토코페롤, 에스에이치-폴리펩타이드-121, 카프릴릴글라이콜, 메톡시피이지-114/폴리엡실론카프로락톤, 하이드록시에틸아크릴레이트/소듐아크릴로일다이메틸타우레이트코폴리머, 아세틸헵타펩타이드-4, 복사나무잎추출물, 라이신, 알지닌, 히스티딘, 자일로오스, 페녹시에탄올, 아세틸헥사펩타이드-8, 소듐하이드록사이드, 만노오스, 소듐클로라이드, 벼에스에이치-올리고펩타이드-1, 레시틴, 펜틸렌글라이콜, 아세틸옥타펩타이드-3, 하이드로제네이티드포스파티딜콜린, 카퍼트라이펩타이드-1, 소듐포스페이트, 하이드롤라이즈드오크라추출물, 콜레스테롤, 푸코오스, 다이팔미토일하이드록시프롤린, 아크릴레이트/스테아릴메타크릴레이트코폴리머, 칼슘클로라이드, 포타슘클로라이드, 포타슘포스페이트, 마그네슘클로라이드, 하이드롤라이즈드기장"
persona_3,3,0.5000000596046448,1.0000001192092896,0.1666666716337204,699,헤라,NEW 옴므 블랙 액티브 세트 2종,기타,미분류,"[헤라 옴므 블랙 액티브 어드밴스드 토너] 정제수, 부틸렌글라이콜, 변성알코올, 프로판다이올, 다이메티콘, 글리세린, 세틸에틸헥사노에이트, 하이드로제네이티드폴리(C6-14올레핀), 부틸렌글라이콜다이카프릴레이트/다이카프레이트, 폴리글리세릴-3메틸글루코오스다이스테아레이트, 1,2-헥산다이올, 폴리글리세린-3, 하이드로제네이티드식물성오일, 실리카, 베타인, 향료, 글리세릴스테아레이트, 피이지-100스테아레이트, 베헤닐알코올, 폴리실리콘-11, 카보머, 폴리아크릴레이트-13, 세테아릴알코올, 나이아신아마이드, 글리세릴카프릴레이트, 소듐스테아로일글루타메이트, 트로메타민, 폴리아이소부텐, 에틸헥실글리세린, 아데노신, 소듐메타포스페이트, 리모넨, 리날룰, 바이오사카라이드검-1, 카페인, 토코페릴아세테이트, 알지닌, 아스코빌테트라이소팔미테이트, 펜틸렌글라이콜, 호호바씨오일, 폴리솔베이트20, 솔비탄아이소스테아레이트, 하이드록시시트로넬알, 알파-아이소메틸아이오논, 레시틴, 흑효모발효물, 토코페롤, 아세틸헥사펩타이드-8, 트라이펩타이드-1, 수용성콜라겐, 팔미토일테트라펩타이드-7, 팔미토일트라이펩타이드-1, 팔미토일헥사펩타이드-12 / [헤라 옴므 블랙 액티브 어드밴스드 에멀전] 정제수, 변성알코올, 부틸렌글라이콜, 글리세린, 피이지-60하이드로제네이티드캐스터오일, 1,2-헥산다이올, 향료, 옥틸도데세스-16, 프로판다이올, 에틸헥실글리세린, 베타인, 카보머, 트로메타민, 아데노신, 바이오사카라이드검-1, 펜틸렌글라이콜, 리모넨, 리날룰, 카페인, 알지닌, 소듐메타포스페이트, 하이드록시시트로넬알, 알파-아이소메틸아이오논, 프로필렌글라이콜, 흑효모발효물, 소듐하이알루로네이트, 토코페롤, 아세틸헥사펩타이드-8, 트라이펩타이드-1, 수용성콜라겐, 팔미토일테트라펩타이드-7, 팔미토일트라이펩타이드-1, 팔미토일헥사펩타이드-12"
persona_3,4,0.5000000596046448,1.0000001192092896,0.1666666716337204,700,헤라,루즈 클래시 3.5g,건기식,기능성식품,폴리글리세릴-2트라이아이소스테아레이트 합성왁스 다이아이소스테아릴말레이트 폴리글리세릴-10데카아이소스테아레이트 호호바에스터 에틸렌/프로필렌코폴리머 펜타에리스리틸테트라아이소스테아레이트 적색202호 다이메티콘 다이스테아다이모늄헥토라이트 C30-45알킬다이메틸실릴폴리프로필실세스퀴옥세인 알루미나 프로필렌카보네이트 흑색산화철 토코페릴아세테이트 토코페롤
persona_3,5,0.40000006556510925,1.0000001192092896,0.0,675,프리메라,나이아시카 수딩글로우 워터리 크림,스킨케어,크림,"정제수, 글리세린, 부틸렌글라이콜, 스쿠알란, 비스-하이드록시에톡시프로필다이메티콘, 카프릴릭/카프릭/미리스틱/스테아릭트라이글리세라이드, 다이카프릴릴에터, 폴리글리세릴-3다이스테아레이트, 메틸트라이메티콘, 1,2-헥산다이올, 카카오씨버터, 카프릴릭/카프릭트라이글리세라이드, 글리세릴스테아레이트, 세테아릴알코올, 락토바실러스발효용해물, C10-18트라이글리세라이즈, 판테놀(0.5%), 피토스테롤, 팔미틱애씨드, 하이드록시에틸아크릴레이트/소듐아크릴로일다이메틸타우레이트코폴리머, 스테아릭애씨드, 나이아신아마이드(0.11%), 아크릴레이트/C10-30알킬아크릴레이트크로스폴리머, 글리세릴스테아레이트시트레이트, 잔탄검, 글리세릴카프릴레이트, 에틸헥실글리세린, 트로메타민, 솔비탄아이소스테아레이트, 소듐메타포스페이트, 마데카소사이드(0.01%), 콩폴리펩타이드, 토코페롤, 징크클로라이드, 프로필렌글라이콜, 소듐하이알루로네이트"
persona_3,6,0.40000006556510925,1.0000001192092896,0.0,672,프리메라,마일드 앤 퍼펙트 페이셜 필링 150ml*2,기타,미분류,"정제수, 글리세린, 스테아트리모늄메토설페이트, 아크릴레이트/C10-30알킬아크릴레이트크로스폴리머, 이소프로필알코올, 디스테아릴디모늄클로라이드, 리모넨, 코카미도프로필베타인, 부틸렌글라이콜, 향료, 리날룰, 소듐클로라이드, 브로콜리추출물, 소듐벤조에이트, 인도멀구슬나무추출물, 보리지추출물, 방울양 배추추출물, 해바라기추출물, 야생딸기잎추출물, 인디언구스베리추출물, 폴리쿼터늄-51, 페녹시에탄올, 디소듐이디티에이"
persona_3,7,0.40000006556510925,1.0000001192092896,0.0,677,프리메라,후리 앤 후리 200ml*2,기타,미분류,"정제수, 부틸렌글라이콜, 하이드록시프로필메틸셀룰로오스, 라우릴베타인, 다이소듐이디티에이, 에틸헥실글리세린, 향료, 시트릭애씨드, 불가리스쑥오일, 덱스트린, 황해쑥잎수, 글리세린, 검정콩오일, 1,2-헥산다이올, 락토바실러스발효용해물, 토코페롤, 세라마이드엔피, 피토스핑고신, 하이드로제네이티드레시틴, 소듐시트레이트, 카놀라오일, 로즈마리잎추출물"
persona_3,8,0.40000006556510925,1.0000001192092896,0.0,676,프리메라,나이아시카 수딩글로우 워터리 크림,스킨케어,크림,"정제수, 글리세린, 부틸렌글라이콜, 스쿠알란, 비스-하이드록시에톡시프로필다이메티콘, 카프릴릭/카프릭/미리스틱/스테아릭트라이글리세라이드, 다이카프릴릴에터, 폴리글리세릴-3다이스테아레이트, 메틸트라이메티콘, 1,2-헥산다이올, 카카오씨버터, 카프릴릭/카프릭트라이글리세라이드, 글리세릴스테아레이트, 세테아릴알코올, 락토바실러스발효용해물, C10-18트라이글리세라이즈, 판테놀(0.5%), 피토스테롤, 팔미틱애씨드, 하이드록시에틸아크릴레이트/소듐아크릴로일다이메틸타우레이트코폴리머, 스테아릭애씨드, 나이아신아마이드(0.11%), 아크릴레이트/C10-30알킬아크릴레이트크로스폴리머, 글리세릴스테아레이트시트레이트, 잔탄검, 글리세릴카프릴레이트, 에틸헥실글리세린, 트로메타민, 솔비탄아이소스테아레이트, 소듐메타포스페이트, 마데카소사이드(0.01%), 콩폴리펩타이드, 토코페롤, 징크클로라이드, 프로필렌글라이콜, 소듐하이알루로네이트"
persona_3,9,0.40000006556510925,1.0000001192092896,0.0,673,프리메라,나이아시카 수딩글로우 워터리 크림,스킨케어,크림,"정제수, 글리세린, 부틸렌글라이콜, 스쿠알란, 비스-하이드록시에톡시프로필다이메티콘, 카프릴릭/카프릭/미리스틱/스테아릭트라이글리세라이드, 다이카프릴릴에터, 폴리글리세릴-3다이스테아레이트, 메틸트라이메티콘, 1,2-헥산다이올, 카카오씨버터, 카프릴릭/카프릭트라이글리세라이드, 글리세릴스테아레이트, 세테아릴알코올, 락토바실러스발효용해물, C10-18트라이글리세라이즈, 판테놀(0.5%), 피토스테롤, 팔미틱애씨드, 하이드록시에틸아크릴레이트/소듐아크릴로일다이메틸타우레이트코폴리머, 스테아릭애씨드, 나이아신아마이드(0.11%), 아크릴레이트/C10-30알킬아크릴레이트크로스폴리머, 글리세릴스테아레이트시트레이트, 잔탄검, 글리세릴카프릴레이트, 에틸헥실글리세린, 트로메타민, 솔비탄아이소스테아레이트, 소듐메타포스페이트, 마데카소사이드(0.01%), 콩폴리펩타이드, 토코페롤, 징크클로라이드, 프로필렌글라이콜, 소듐하이알루로네이트"
persona_3,10,0.40000006556510925,1.0000001192092896,0.0,674,프리메라,나이아시카 수딩글로우 워터리 크림,스킨케어,크림,"정제수, 글리세린, 부틸렌글라이콜, 스쿠알란, 비스-하이드록시에톡시프로필다이메티콘, 카프릴릭/카프릭/미리스틱/스테아릭트라이글리세라이드, 다이카프릴릴에터, 폴리글리세릴-3다이스테아레이트, 메틸트라이메티콘, 1,2-헥산다이올, 카카오씨버터, 카프릴릭/카프릭트라이글리세라이드, 글리세릴스테아레이트, 세테아릴알코올, 락토바실러스발효용해물, C10-18트라이글리세라이즈, 판테놀(0.5%), 피토스테롤, 팔미틱애씨드, 하이드록시에틸아크릴레이트/소듐아크릴로일다이메틸타우레이트코폴리머, 스테아릭애씨드, 나이아신아마이드(0.11%), 아크릴레이트/C10-30알킬아크릴레이트크로스폴리머, 글리세릴스테아레이트시트레이트, 잔탄검, 글리세릴카프릴레이트, 에틸헥실글리세린, 트로메타민, 솔비탄아이소스테아레이트, 소듐메타포스페이트, 마데카소사이드(0.01%), 콩폴리펩타이드, 토코페롤, 징크클로라이드, 프로필렌글라이콜, 소듐하이알루로네이트"
persona_3,11,0.40000006556510925,1.0000001192092896,0.0,686,헤라,블랙 쿠션 파운데이션 퍼프 2ea,기타,미분류,
persona_3,12,0.40000006556510925,1.0000001192092896,0.0,679,헤라,UV프로텍터 톤업 SPF50+/PA++++ 50ml,선케어,선크림,"정제수, 에칠헥실메톡시신나메이트, 글리세린, 부틸렌글라이콜, 디에칠아미노하이드록시벤조일헥실벤조에이트, 다이부틸아디페이트, 티타늄디옥사이드, 비스-에칠헥실옥시페놀메톡시페닐트리아진, 메틸트라이메티콘, C12-15알킬벤조에이트, 다이메티콘, 실리카, 티타늄디옥사이드 (CI 77891), 나이아신아마이드, 트라이실록세인, 1,2-헥산다이올, 세테아릴알코올, 폴리C10-30알킬아크릴레이트, 하이드록시에틸아크릴레이트/소듐아크릴로일다이메틸타우레이트코폴리머, 알루미늄스테아레이트, 알루미나, 스테아릭애씨드, 폴리하이드록시스테아릭애씨드, 폴리메틸메타크릴레이트, 아크릴레이트/C10-30알킬아크릴레이트크로스폴리머, 소듐폴리아크릴로일다이메틸타우레이트, 글리세릴스테아레이트, 하이드로제네이티드레시틴, 카프릴릴글라이콜, 티몰트라이메톡시신나메이트, 트로메타민, 폴리글리세릴-3메틸글루코오스다이스테아레이트, 팔미틱애씨드, 다이소듐이디티에이, 에틸헥실글리세린, 아데노신, 알루미늄하이드록사이드, 적색산화철, 솔비탄아이소스테아레이트, 트라이에톡시카프릴릴실레인, 황색산화철, 토코페릴아세테이트, 3-O-에틸아스코빅애씨드, 락토바실러스/부레옥잠발효물, 만니톨, 프로판다이올, 에틸헥실팔미테이트, 비에이치티, 펜틸렌글라이콜, 미리스틱애씨드, 페녹시에탄올, 라우릭애씨드, 소듐데하이드로아세테이트, 카보머, 소듐시트레이트, 포타슘솔베이트, 토코페롤, 메톡시피이지-114/폴리엡실론카프로락톤, 복사나무잎추출물, 해바라기씨오일, 라이신, 알지닌, 히스티딘, 시트릭애씨드, 베타-카로틴, 글루코오스, 자일로오스, 디엔에이, 바이오틴, 만노오스, 소듐클로라이드, 레시틴, 하이드로제네이티드포스파티딜콜린, 카퍼트라이펩타이드-1, 소듐포스페이트, 덱스트린, 하이드롤라이즈드오크라추출물, 콜레스테롤, 푸코오스, 다이팔미토일하이드록시프롤린, 아크릴레이트/스테아릴메타크릴레이트코폴리머, 포타슘클로라이드, 포타슘포스페이트, 마그네슘클로라이드, 하이드롤라이즈드기장, 칼슘클로라이드"
persona_3,13,0.40000006556510925,1.0000001192092896,0.0,649,프리메라,더 핸드크림 미스트 20ml,스킨케어,크림,"정제수, 글리세린, 부틸렌글라이콜, 프로판다이올, 폴리글리세린-3, 하이드로제네이티드쌀겨오일, 1,2-헥산다이올, 락토바실러스발효용해물, 하이드로제네이티드레시틴, 펜틸렌글라이콜, 피피지-13-데실테트라데세스-24, 에틸헥실글리세린, 리모넨, 소듐스테아로일글루타메이트, 다이소듐이디티에이, 녹차씨오일, 콩폴리펩타이드, 제라니올, 필리핀오렌지껍질오일, 광곽향오일, 베르가모트오일, 리날룰, 시트로넬올, 마트리카리아꽃오일, 센티드제라늄꽃오일, 시어버터, 호호바씨오일, 팔마로사오일, 라벤더오일, 오렌지껍질추출물, 피마자씨오일, 소듐하이알루로네이트, 로즈마리잎오일, 토코페롤, 하이드롤라이즈드하이알루로닉애씨드, 다마스크장미꽃오일, 소듐하이알루로네이트크로스폴리머, 하이알루로닉애씨드, 소듐아세틸레이티드하이알루로네이트, 시트릭애씨드"
persona_3,14,0.40000006556510925,1.0000001192092896,0.0,680,헤라,NEW 블랙 쿠션 파운데이션 SPF34/PA++,선케어,선크림,"[13N1] 정제수, 사이클로펜타실록세인, 메틸트라이메티콘, 부틸렌글라이콜, 티타늄디옥사이드 (CI 77891), 에칠헥실메톡시신나메이트, 마이카, 사이클로헥사실록세인, 트라이메틸실록시실리케이트, 피이지-10다이메티콘, 다이메티콘, 다이스테아다이모늄헥토라이트, 폴리메틸메타크릴레이트, 징크옥사이드, 티타늄디옥사이드, 라우릴피이지-9폴리다이메틸실록시에틸다이메티콘, 아크릴레이트/다이메티콘코폴리머, 소듐클로라이드, 아크릴레이트/스테아릴아크릴레이트/다이메티콘메타크릴레이트코폴리머, 황색산화철, 알루미늄하이드록사이드, 글리세린, 폴리실리콘-11, 폴리솔베이트40, 폴리솔베이트80, 카프릴릴글라이콜, 트라이에톡시카프릴릴실레인, 향료, 라우로일라이신, 스테아릭애씨드, 하이드로제네이티드레시틴, 적색산화철, 에틸헥실글리세린, 다이소듐이디티에이, 흑색산화철, 콘민트잎추출물, 비스머스옥시클로라이드, 커먼자스민꽃추출물, 아이소도데케인, 1,2-헥산다이올, 비에이치티, 아크릴레이트/폴리트라이메틸실록시메타크릴레이트코폴리머, 하이알루로닉애씨드, 토코페롤"
persona_3,15,0.40000006556510925,1.0000001192092896,0.0,651,프리메라,알파인 베리 워터리 크림 150ml,스킨케어,크림,"정제수, 글리세린, 부틸렌글라이콜, 스쿠알란, 비스-하이 드록시에톡시프로필다이메티콘, 카프릴릭/카프릭/미리스틱/스테 아릭트라이글리세라이드, 수크로오스폴리스테아레이트, 나이아신 아마이드, 다이카프릴릴에터, 메틸트라이메티콘, 우레아, 펜타 에리스리틸테트라에틸헥사노에이트, 1,2-헥산다이올, 글리세릴 스테아레이트, 카카오씨버터, 폴리글리세릴-3메틸글루코오스 다이스테아레이트, 스테아릭애씨드, 피토스테롤, 팔미틱애씨드, 하이드로제네이티드폴리아이소부텐, 하이드록시에틸아크릴 레이트/소듐아크릴로일다이메틸타우레이트코폴리머, 세테아릴 알코올, 아크릴레이트/C10-30알킬아크릴레이트크로스폴리머, 잔탄검, 글리세릴카프릴레이트, 트로메타민, 에틸헥실글리세린, 향료, 솔비탄아이소스테아레이트, 다이소듐이디티에이, 리모넨, 마데카소사이드, 서양산딸기추출물(40ppm), 리날룰, 미리스틱 애씨드, 아라키딕애씨드, 토코페롤, 야생딸기잎추출물(5ppm), 돌콩오일"
persona_3,16,0.40000006556510925,1.0000001192092896,0.0,652,프리메라,NEW 비타티놀 바운시 리프트 세럼 30g 1입,스킨케어,세럼,"정제수, 부틸렌글라이콜, 글리세린, 메틸글루세스-20, 아스코빌글루코사이드, 나이아신아마이드, 카프릴릴메티콘, 카프릴릭/카프릭트라이글리세라이드, 하이드로제네이티드폴리아이소부텐, 1,2-헥산다이올, 트로메타민, 하이드록시에틸아크릴레이트/소듐아크릴로일다이메틸타우레이트코폴리머, 폴리솔베이트20, 폴리아크릴레이트-13, 다이메티콘, 판테놀, 소듐스테아로일글루타메이트, 소듐시트레이트, 폴리아이소부텐, 폴리아크릴레이트크로스폴리머-6, 다이메틸아이소소바이드, 락토바실러스/콩추출물발효여과물, 해바라기씨오일, 옥수수전분, 돌콩오일, 만니톨, 수크로오스, 마이크로크리스탈린셀룰로오스, 글리세릴카프릴레이트, 스핑고모나스발효추출물, 에틸헥실글리세린, 솔비탄아이소스테아레이트, 소듐메타포스페이트, 당근추출물, 아데노신, 하이드록시피나콜론레티노에이트, 시트릭애씨드, 레티놀, 티타늄디옥사이드 (CI 77891), 황색산화철, 엑토인, 하이드로제네이티드레시틴, 아스코빅애씨드, 베타-카로틴, 토코페롤, 펜틸렌글라이콜, 프로필렌글라이콜, 소듐하이알루로네이트, 카보머, 아세틸테트라펩타이드-11, 아라비아고무나무검, 프로필렌글라이콜알지네이트"
persona_3,17,0.40000006556510925,1.0000001192092896,0.0,653,프리메라,씨드 앤 스프라우트 에너지 마스크_로터스 5매 20ml,스킨케어,마스크팩,"정제수, 부틸렌글라이콜, 사이클로펜타실록세인, 글리세린, 글리세레스-26, 에탄올, 사이클로헥사실록세인, 트레할로오스, 프로판다이올, 다이메티콘올, 카보머, 1,2-헥산다이올, 폴리글리세릴-10라우레이트, 글리세릴카프릴레이트, 포타슘하이드록사이드, 병풀추출물, 소듐폴리아크릴레이트, 에틸헥실글리세린, 다이소듐이디티에이, 모란뿌리추출물, 마트리카리아꽃추출물, 향료, 불가리스쑥추출물, 돌콩싹추출물, 참마뿌리추출물, 약모밀추출물, 쌀추출물, 연꽃씨추출물, 소듐벤조에이트"
persona_3,18,0.40000006556510925,1.0000001192092896,0.0,650,프리메라,알파인 베리 워터리 크림 50ml,스킨케어,크림,"정제수, 글리세린, 부틸렌글라이콜, 스쿠알란, 비스-하이 드록시에톡시프로필다이메티콘, 카프릴릭/카프릭/미리스틱/스테 아릭트라이글리세라이드, 수크로오스폴리스테아레이트, 나이아신 아마이드, 다이카프릴릴에터, 메틸트라이메티콘, 우레아, 펜타 에리스리틸테트라에틸헥사노에이트, 1,2-헥산다이올, 글리세릴 스테아레이트, 카카오씨버터, 폴리글리세릴-3메틸글루코오스 다이스테아레이트, 스테아릭애씨드, 피토스테롤, 팔미틱애씨드, 하이드로제네이티드폴리아이소부텐, 하이드록시에틸아크릴 레이트/소듐아크릴로일다이메틸타우레이트코폴리머, 세테아릴 알코올, 아크릴레이트/C10-30알킬아크릴레이트크로스폴리머, 잔탄검, 글리세릴카프릴레이트, 트로메타민, 에틸헥실글리세린, 향료, 솔비탄아이소스테아레이트, 다이소듐이디티에이, 리모넨, 마데카소사이드, 서양산딸기추출물(40ppm), 리날룰, 미리스틱 애씨드, 아라키딕애씨드, 토코페롤, 야생딸기잎추출물(5ppm), 돌콩오일"
persona_3,19,0.40000006556510925,1.0000001192092896,0.0,690,헤라,NEW 리플렉션 스킨 글로우 쿠션 파운데이션 SPF40/PA++ 15g,선케어,선크림,"정제수, 페닐트라이메티콘, 다이페닐실록시페닐트라이메티콘, 마이카, 부틸렌글라이콜, 티타늄디옥사이드 (CI 77891), 다이아이소스테아릴말레이트, 펜타에리스리틸테트라아이소스테아레이트, 글리세린, 비스-다이글리세릴폴리아실아디페이트-2, 메틸트라이메티콘, 변성알코올, 라우릴피이지-10트리스(트라이메틸실록시)실릴에틸다이메티콘, 다이스테아다이모늄헥토라이트, 피이지-10다이메티콘, 트라이메틸실록시실리케이트, 폴리하이드록시스테아릭애씨드, 합성왁스, 다이메티콘, 1,2-헥산다이올, 실리카, 소듐클로라이드, 비스-베헤닐/아이소스테아릴/피토스테릴다이머다이리놀레일다이머다이리놀리에이트, 다이메티콘/폴리글리세린-3크로스폴리머, 카프릴릴글라이콜, 글리세릴카프릴레이트, 소듐메타포스페이트, 에틸헥실글리세린, 틴옥사이드, 프로판다이올, 아스코빅애씨드, 동백나무씨오일, 동백나무씨추출물, 적색산화철, 다이프로필렌글라이콜, 동백나무꽃추출물, 소듐시트레이트, 토코페롤, 트라이에톡시카프릴릴실레인, 소듐벤조에이트, 락틱애씨드, 포타슘솔베이트, 다이아몬드가루, 잔탄검"
persona_3,20,0.40000006556510925,1.0000001192092896,0.0,687,헤라,센슈얼 누드 밤 3.5g,스킨케어,크림,"하이드로제네이티드캐스터오일다이머다이리놀레에이트, 스쿠알란, 폴리글리세릴-2트라이아이소스테아레이트, 피토스테릴이소스테아릴다이머디리놀리에이트, 피토스테릴/이소스테아릴/세틸/스테아릴/베헤닐다이머디리놀리에이트, 다이펜타에리스리틸헥사하이드록시스테아레이트/헥사스테아레이트/헥사로지네이트, 해바라기씨왁스, 콜레스테릴아이소스테아레이트, 에틸헥실하이드록시스테아레이트, 카프릴릭/카프릭트라이글리세라이드, 호호바에스터, 시어버터, 팔미틱애씨드, 폴리하이드록시스테아릭애씨드, 토코페롤, 카나우바왁스, 세라마이드엔피, 콜레스테롤, 스테아릭애씨드, 토코페릴아세테이트, 실리카다이메틸실릴레이트, 시어버터불검화물, 리모넨, 락틱애씨드, 티타늄디옥사이드 (CI 77891), 레몬껍질오일, 다이페닐다이메티콘, 적색104호의(1), 알루미나, 적색223호, 정제수, 시트로넬올, 센티드제라늄꽃오일, 시트랄, 제라니올, 리날룰, 석류씨오일, 레시틴, 에틸헥실팔미테이트, 아이소스테아릭애씨드, 아이소프로필미리스테이트, 폴리글리세릴-3폴리리시놀리에이트, 프로판다이올, 소듐하이알루로네이트, 1,2-헥산다이올, 하이드롤라이즈드하이알루로닉애씨드, 소듐하이알루로네이트크로스폴리머, 하이알루로닉애씨드, 에틸헥실글리세린, 소듐아세틸레이티드하이알루로네이트"
persona_3,21,0.40000006556510925,1.0000001192092896,0.0,689,헤라,NEW 리플렉션 스킨 글로우 파운데이션 SPF15/PA++ 30g,선케어,선크림,"정제수, 페닐트라이메티콘, 티타늄디옥사이드 (CI 77891), 아이소도데케인, 변성알코올, 에칠헥실살리실레이트, 트라이메틸실록시실리케이트, 다이메티콘, 피토스테릴/옥틸도데실라우로일글루타메이트, 라우릴피이지-9폴리다이메틸실록시에틸다이메티콘, 부틸렌글라이콜, 글리세린, 나이아신아마이드, 옥틸도데실네오펜타노에이트, 카프릴릴메티콘, 락틱애씨드, 티타늄디옥사이드, 다이스테아다이모늄헥토라이트, 세틸피이지/피피지-10/1다이메티콘, 알루미늄하이드록사이드, 포타슘하이드록사이드, 솔비탄세스퀴올리에이트, 흰버드나무껍질추출물, 트로메타민, 황색산화철, 스테아릭애씨드, 보론나이트라이드, 다이소듐스테아로일글루타메이트, 폴리하이드록시스테아릭애씨드, 토코페릴아세테이트, 프로필렌카보네이트, 아크릴레이트/다이메티콘코폴리머, 소듐메타포스페이트, 적색산화철, 레시틴, 에틸헥실팔미테이트, 아이소스테아릭애씨드, 아이소프로필팔미테이트, 폴리글리세릴-3폴리리시놀리에이트, 프로필렌글라이콜, 아이소프로필미리스테이트, 흑색산화철, 1,2-헥산다이올, 프로판다이올, 소듐하이알루로네이트, 스테아로일글루타믹애씨드, 판테놀, 동백나무씨오일, 동백나무씨추출물, 동백나무꽃추출물, 토코페롤, 에틸헥실글리세린, 펜타에리스리틸테트라-다이-t-부틸하이드록시하이드로신나메이트"
persona_3,22,0.40000006556510925,1.0000001192092896,0.0,688,헤라,센슈얼 틴티드 샤인스틱 3.5g,건기식,기능성식품,"다이펜타에리스리틸펜타아이소스테아레이트, 세틸에틸헥사노에이트, 다이페닐다이메티콘, 글리세릴운데실다이메티콘, 피토스테릴/옥틸도데실라우로일글루타메이트, 합성왁스, 옥틸도데칸올, 비스-베헤닐/아이소스테아릴/피토스테릴다이머다이리놀레일다이머다이리놀리에이트, 폴리글리세릴-2트라이아이소스테아레이트, 라우릴폴리글리세릴-3폴리다이메틸실록시에틸다이메티콘, 티타늄디옥사이드 (CI 77891), 적색산화철, 폴리하이드록시스테아릭애씨드, 에틸렌/프로필렌코폴리머, 적색202호, 레시틴, 황색4호, 에틸헥실팔미테이트, 아이소스테아릭애씨드, 아이소프로필미리스테이트, 다이메티콘, 흑색산화철, 폴리글리세릴-3폴리리시놀리에이트, 벤질벤조에이트, 향료, 스쿠알란, 토코페릴아세테이트, 녹차씨오일, 토코페롤, 글리세린, 콩폴리펩타이드, 리날룰, 하이드록시시트로넬알, 검정콩오일, 세라마이드엔피, 피토스핑고신, 하이드로제네이티드레시틴, 카놀라오일, 로즈마리잎추출물"
persona_3,23,0.40000006556510925,1.0000001192092896,0.0,692,헤라,NEW 리플렉션 스킨 글로우 쿠션 파운데이션 SPF40/PA++ 15g,선케어,선크림,"정제수, 페닐트라이메티콘, 다이페닐실록시페닐트라이메티콘, 마이카, 부틸렌글라이콜, 티타늄디옥사이드 (CI 77891), 다이아이소스테아릴말레이트, 펜타에리스리틸테트라아이소스테아레이트, 글리세린, 비스-다이글리세릴폴리아실아디페이트-2, 메틸트라이메티콘, 변성알코올, 라우릴피이지-10트리스(트라이메틸실록시)실릴에틸다이메티콘, 다이스테아다이모늄헥토라이트, 피이지-10다이메티콘, 트라이메틸실록시실리케이트, 폴리하이드록시스테아릭애씨드, 합성왁스, 다이메티콘, 1,2-헥산다이올, 실리카, 소듐클로라이드, 비스-베헤닐/아이소스테아릴/피토스테릴다이머다이리놀레일다이머다이리놀리에이트, 다이메티콘/폴리글리세린-3크로스폴리머, 카프릴릴글라이콜, 글리세릴카프릴레이트, 소듐메타포스페이트, 에틸헥실글리세린, 틴옥사이드, 프로판다이올, 아스코빅애씨드, 동백나무씨오일, 동백나무씨추출물, 적색산화철, 다이프로필렌글라이콜, 동백나무꽃추출물, 소듐시트레이트, 토코페롤, 트라이에톡시카프릴릴실레인, 소듐벤조에이트, 락틱애씨드, 포타슘솔베이트, 다이아몬드가루, 잔탄검"
persona_3,24,0.40000006556510925,1.0000001192092896,0.0,691,헤라,NEW 리플렉션 스킨 글로우 쿠션 파운데이션 SPF40/PA++ 15g,선케어,선크림,"정제수, 페닐트라이메티콘, 다이페닐실록시페닐트라이메티콘, 마이카, 부틸렌글라이콜, 티타늄디옥사이드 (CI 77891), 다이아이소스테아릴말레이트, 펜타에리스리틸테트라아이소스테아레이트, 글리세린, 비스-다이글리세릴폴리아실아디페이트-2, 메틸트라이메티콘, 변성알코올, 라우릴피이지-10트리스(트라이메틸실록시)실릴에틸다이메티콘, 다이스테아다이모늄헥토라이트, 피이지-10다이메티콘, 트라이메틸실록시실리케이트, 폴리하이드록시스테아릭애씨드, 합성왁스, 다이메티콘, 1,2-헥산다이올, 실리카, 소듐클로라이드, 비스-베헤닐/아이소스테아릴/피토스테릴다이머다이리놀레일다이머다이리놀리에이트, 다이메티콘/폴리글리세린-3크로스폴리머, 카프릴릴글라이콜, 글리세릴카프릴레이트, 소듐메타포스페이트, 에틸헥실글리세린, 틴옥사이드, 프로판다이올, 아스코빅애씨드, 동백나무씨오일, 동백나무씨추출물, 적색산화철, 다이프로필렌글라이콜, 동백나무꽃추출물, 소듐시트레이트, 토코페롤, 트라이에톡시카프릴릴실레인, 소듐벤조에이트, 락틱애씨드, 포타슘솔베이트, 다이아몬드가루, 잔탄검"
persona_3,25,0.40000006556510925,1.0000001192092896,0.0,678,프리메라,마일드 앤 퍼펙트 클렌징 오일 투 폼 200ml + 오가니언스 BR 소프트 필링 투 폼 클렌저 120ml,기타,미분류,"[필링 투 폼] 정제수, 글리세린, 다이소듐코코일글루타메이트, 라우릴하이드록시설테인, 셀룰로오스, 아크릴레이트코폴리머, 코코-글루코사이드, 데실글루코사이드, 소듐클로라이드, 1,2-헥산다이올, 시트릭애씨드, 락토바실러스발효용해물, 트로메타민, 살리실릭애씨드, 부틸렌글라이콜, 약모밀가루, 리모넨, 폴리쿼터늄-10, 에틸헥실글리세린, 다이포타슘글리시리제이트, 알란토인, 제라니올, 하이알루로닉애씨드, 마데카소사이드, 글루코노락톤, 필리핀오렌지껍질오일, 광곽향오일, 센티드제라늄꽃오일, 베르가모트오일, 마트리카리아꽃오일, 팔마로사오일, 오렌지껍질추출물, 라벤더오일, 검정콩오일, 프로판다이올, 피마자씨오일, 세라마이드엔피, 로즈마리잎오일, 소듐하이알루로네이트, 피토스핑고신, 하이드로제네이티드레시틴, 다마스크장미꽃오일, 토코페롤, 하이드롤라이즈드하이알루로닉애씨드, 소듐하이알루로네이트크로스폴리머, 카놀라오일, 로즈마리잎추출물, 소듐아세틸레이티드하이알루로네이트 [오일 투 폼] 정제수, 글리세린, 다이프로필렌글라이콜, 라우릴베타인, 포타슘코코일글리시네이트, 라우릴글루코사이드, 폴리글리세릴-6카프릴레이트, 다이소듐코코암포다이아세테이트, 1,2-헥산다이올, 라우릴하이드록시설테인, 코코-글루코사이드, 폴리글리세릴-10라우레이트, 아크릴레이트코폴리머, 소듐클로라이드, 데실글루코사이드, 피피지-7, 향료, 카프릴릭/카프릭트라이글리세라이드, 호호바씨오일, 폴리글리세릴-10다이아이소스테아레이트, 에틸헥실글리세린, 알지닌, 아스파틱애씨드, 글루타믹애씨드, 콩폴리펩타이드, 덱스트린, 카카오추출물, 토코페롤"
persona_3,26,0.40000006556510925,1.0000001192092896,0.0,670,프리메라,오가니언스 BR 소프트 필링 투 폼 클렌저 120ml,기타,미분류,"정제수, 글리세린, 다이소듐코코일글루타메이트, 라우릴하이드록시설테인, 셀룰로오스, 아크릴레이트코폴리머, 코코-글루코사이드, 데실글루코사이드, 소듐클로라이드, 1,2-헥산다이올, 시트릭애씨드, 락토바실러스발효용해물, 트로메타민, 살리실릭애씨드, 부틸렌글라이콜, 약모밀가루, 리모넨, 폴리쿼터늄-10, 에틸헥실글리세린, 다이포타슘글리시리제이트, 알란토인, 제라니올, 하이알루로닉애씨드, 마데카소사이드, 글루코노락톤, 필리핀오렌지껍질오일, 광곽향오일, 센티드제라늄꽃오일, 베르가모트오일, 마트리카리아꽃오일, 팔마로사오일, 오렌지껍질추출물, 라벤더오일, 검정콩오일, 프로판다이올, 피마자씨오일, 세라마이드엔피, 로즈마리잎오일, 소듐하이알루로네이트, 피토스핑고신, 하이드로제네이티드레시틴, 다마스크장미꽃오일, 토코페롤, 하이드롤라이즈드하이알루로닉애씨드, 소듐하이알루로네이트크로스폴리머, 카놀라오일, 로즈마리잎추출물, 소듐아세틸레이티드하이알루로네이트"
persona_3,27,0.40000006556510925,1.0000001192092896,0.0,711,헤라,브로우 디자이너 오토펜슬,메이크업,아이브로우,"흑색산화철, 하이드로제네이티드돌콩오일, 하이드로제네이티드코코-글리세라이즈, 마이카, 하이드로제네이티드식물성오일, 적색산화철, 황색산화철, 징크스테아레이트, 스테아릭애씨드, 카나우바왁스, 폴리글리세릴-2트라이아이소스테아레이트, 토코페롤, 페녹시에탄올, 카프릴릴글라이콜, 아스코빌팔미테이트, 헥실렌글라이콜"
persona_3,28,0.40000006556510925,1.0000001192092896,0.0,695,헤라,옴므 베이직 스페셜 기획세트 2종,기타,미분류,"[스킨] 정제수, 변성알코올, 프로판다이올, 글리세레스-26, 글리세린, 나이아신아마이드, 1,2-헥산다이올, 베타인, 카페인, 피피지-13-데실테트라데세스-24, 부틸렌글라이콜, 옥틸도데세스-16, 비스-피이지-18메틸에터다이메틸실레인, 카보머, 잔탄검, 판테놀, 향료, 트로메타민, 펜틸렌글라이콜, 에틸헥실글리세린, 다이소듐이디티에이, 아데노신, 라이신, 알지닌, 히스티딘, 글루코오스, 자일로오스, 리날룰, 헥실신남알, 복사나무잎추출물, 알파-아이소메틸아이오논, 서양톱풀추출물, 리모넨, 벤질살리실레이트, 만노오스, 소듐클로라이드, 레시틴, 토코페롤, 소듐포스페이트, 카퍼트라이펩타이드-1, 푸코오스, 포타슘클로라이드, 포타슘포스페이트, 마그네슘클로라이드, 칼슘클로라이드, 하이드롤라이즈드기장 / [에멀젼] 정제수, 프로판다이올, 변성알코올, 하이드로제네이티드폴리(C6-14올레핀), 사이클로펜타실록세인, 스쿠알란, 부틸렌글라이콜, 사이클로헥사실록세인, 나이아신아마이드, 1,2-헥산다이올, 카페인, 스타이렌/아크릴레이트코폴리머, 다이메티콘, 폴리아크릴레이트-13, 세테아릴알코올, 폴리아이소부텐, 폴리실리콘-11, 글리세릴카프릴레이트, 향료, 아크릴레이트/C10-30알킬아크릴레이트크로스폴리머, 에틸헥실글리세린, 판테놀, 트로메타민, 잔탄검, 폴리솔베이트20, 솔비탄아이소스테아레이트, 다이소듐이디티에이, 리날룰, 라이신, 알지닌, 히스티딘, 헥실신남알, 알파-아이소메틸아이오논, 리모넨, 벤질살리실레이트, 글루코오스, 자일로오스, 토코페롤, 복사나무잎추출물, 만노오스, 소듐클로라이드, 레시틴, 소듐포스페이트, 카퍼트라이펩타이드-1, 푸코오스, 포타슘클로라이드, 포타슘포스페이트, 마그네슘클로라이드, 칼슘클로라이드, 하이드롤라이즈드기장 / [UV프로텍터 익스트림포스 레포츠]정제수, C12-15알킬벤조에이트, 에칠헥실메톡시신나메이트, 부틸렌글라이콜, 프로판다이올, 비스-에칠헥실옥시페놀메톡시페닐트리아진, 디에칠아미노하이드록시벤조일헥실벤조에이트, 티타늄디옥사이드, 다이메티콘, 트라이실록세인, 사이클로펜타실록세인, 실리카, 사이클로헥사실록세인, 폴리아크릴레이트-13, 알루미늄스테아레이트, 폴리아이소부텐, 폴리하이드록시스테아릭애씨드, 다이메티콘/비닐다이메티콘크로스폴리머, 알루미나, 스테아릭애씨드, 페녹시에탄올, C12-15알코올, 향료, 폴리아크릴릭애씨드, 다이소듐이디티에이, 에틸헥실글리세린, 폴리솔베이트20, 솔비탄아이소스테아레이트, 버지니아풍년화잎수, 칼슘판테테인설포네이트, 암모늄아크릴로일다이메틸타우레이트/브이피코폴리머, 비에이치티, 리모넨, 리날룰, 토코페롤, 피이지-60하이드로제네이티드캐스터오일, 잔탄검, 글리세린, 락토바실러스/부레옥잠발효물, 에틸헥실팔미테이트, 메톡시피이지-114/폴리엡실론카프로락톤, 쇠비름추출물, 만니톨, 펜틸렌글라이콜, 아스코빅애씨드, 카페익애씨드, 유비퀴논, 아크릴레이트/암모늄메타크릴레이트코폴리머, 카프릴릴글라이콜, 하이드록시에틸아크릴레이트/소듐아크릴로일다이메틸타우레이트코폴리머, 카카오추출물, 1,2-헥산다이올, 토코페릴아세테이트, 카보머, 복사나무잎추출물, 시트릭애씨드, 소듐데하이드로아세테이트, 레시틴, 에탄올, 포타슘솔베이트, 소듐시트레이트, 소듐벤조에이트, 티타늄디옥사이드 (CI 77891), 해바라기씨오일, 베타-카로틴, 하이드롤라이즈드기장, 징크디엔에이, 디엔에이, 하이드로제네이티드포스파티딜콜린, 바이오틴, 덱스트린, 하이드롤라이즈드오크라추출물, 콜레스테롤, 다이팔미토일하이드록시프롤린, 아크릴레이트/스테아릴메타크릴레이트코폴리머, 카퍼트라이펩타이드-1, 콜레스테릴헥실다이카바메이트풀루란"
persona_3,29,0.40000006556510925,1.0000001192092896,0.0,665,프리메라,마일드 앤 퍼펙트 페이셜 필링 250ml,기타,미분류,"정제수, 글리세린, 스테아트리모늄메토설페이트, 아크릴레이트/C10-30알킬아크릴레이트크로스폴리머, 이소프로필알코올, 디스테아릴디모늄클로라이드, 리모넨, 코카미도프로필베타인, 부틸렌글라이콜, 향료, 리날룰, 소듐클로라이드, 브로콜리추출물, 소듐벤조에이트, 인도멀구슬나무추출물, 보리지추출물, 방울양 배추추출물, 해바라기추출물, 야생딸기잎추출물, 인디언구스베리추출물, 폴리쿼터늄-51, 페녹시에탄올, 디소듐이디티에이"
persona_3,30,0.40000006556510925,1.0000001192092896,0.0,666,프리메라,비타티놀 인텐스 바운시 리프트 마스크 크림 30ml,스킨케어,마스크팩,"정제수, 부틸렌글라이콜, 글리세린, 하이드로제네이티드폴리(C6-14올레핀), 펜타에리스리틸테트라에틸헥사노에이트, 판테놀, 폴리글리세릴-3다이스테아레이트, 다이메티콘, 에틸헥실팔미테이트, 나이아신아마이드, 피토스테릴/베헤닐/옥틸도데실라우로일글루타메이트, 1,2-헥산다이올, 세테아릴알코올, 글리세릴스테아레이트, 토코페릴아세테이트, 아이소노닐아이소노나노에이트, 스쿠알란, 하이드로제네이티드폴리아이소부텐, 하이드로제네이티드로진, 피이지-100스테아레이트, 풀루란, 합성왁스, 하이드록시에틸셀룰로오스, 다이메틸아이소소바이드, 하이드록시에틸아크릴레이트/소듐아크릴로일다이메틸타우레이트코폴리머, 피브이피, 돌콩오일, 카프릴릭/카프릭트라이글리세라이드, 락토바실러스/콩추출물발효여과물, 트라이메틸실록시실리케이트, 글리세릴스테아레이트시트레이트, 폴리프로필실세스퀴옥세인, 에틸헥실글리세린, 글리세릴카프릴레이트, 칸데릴라왁스에스터, 카프릴릴메티콘, 세테아릴글루코사이드, 폴리쿼터늄-51, 잔탄검, 소듐메타포스페이트, 하이드록시피나콜론레티노에이트, 아데노신, 캐스터오일/아이피디아이코폴리머, 레티놀, 유비퀴논, 하이드로제네이티드폴리(C6-20올레핀), 솔비탄아이소스테아레이트, 아스코빌테트라이소팔미테이트, 카나우바왁스, 글루코노락톤, 엑토인, 에이치디아이/트라이메틸올헥실락톤크로스폴리머, 아크릴레이트/C10-30알킬아크릴레이트크로스폴리머, 폴리솔베이트60, 다이소듐포스페이트, 트로메타민, 아스코빌글루코사이드, 아스코빅애씨드, 토코페롤, 펜틸렌글라이콜, 소듐포스페이트, 프로필렌글라이콜, 소듐하이알루로네이트, 카보머, 아라비아고무나무검, 프로필렌글라이콜알지네이트, 수용성콜라겐"
