brand,상품명,category,subcategory
메이크온,메이크온 시너지 마스크,스킨케어,마스크팩
메이크온,가볍게 마시는 히알루론산,건기식,기능성식품
메이크온,스킨 라이트 테라피 III,디바이스,스킨기기
메이크온,스킨 라이트 테라피 3S,디바이스,스킨기기
메이크온,젬 소노 테라피 릴리프,디바이스,스킨기기
메이크온,히알루로닉 스파 캡슐 24개입,건기식,기능성식품
메이크온,마그네타이트 바디롤러,바디,바디케어
메이크온,,기타,미분류
메이크온,페이셜 부스팅 스파,기타,미분류
에뛰드,수분가득 콜라겐 시트 마스크 25ml,스킨케어,마스크팩
에뛰드,드로잉 아이 브로우 0.25g,메이크업,아이브로우
에뛰드,진저슈가 립케어 2종 기획세트,메이크업,립제품
에뛰드,왓츠 인 마이 아이즈,메이크업,아이섀도우
에뛰드,디어 달링 워터젤 틴트,메이크업,립틴트
에뛰드,왓츠 인 마이 아이즈 카페 더블,메이크업,아이섀도우
에뛰드,수분가득 콜라겐 딥시트 마스크 37ml,스킨케어,마스크팩
에뛰드,순정 디렉터 수분 선크림 기획세트 SPF50+/PA++++,선케어,선크림
에뛰드,닥터 마스카라 픽서 포 래쉬  6g,메이크업,마스카라
에뛰드,프루프 10 젤 방수 펜슬 0.3 g,메이크업,아이라이너
에뛰드,순정 디렉터 선크림,선케어,선크림
에뛰드,뽀오얀 미소 발효 립&아이 리무버 250ml,클렌징,리무버
에뛰드,님프 광채볼류머 투명한 물광 24g,건기식,기능성식품
에뛰드,청순거짓 브라우카라 대용량 기획세트,기타,미분류
에뛰드,컬 픽스 마스카라,메이크업,마스카라
에뛰드,블링블링 아이스틱 1.4g,건기식,기능성식품
에뛰드,라인 픽스 브러쉬 라이너 0.5g,메이크업,아이라이너
에뛰드,팡팡 헤어 섀도우 3.5g,메이크업,아이섀도우
에뛰드,픽싱틴트 4g,메이크업,립틴트
에뛰드,진저슈가 립밤스틱 3.7g,건기식,기능성식품
에뛰드,진저슈가 에센셜 립밤 15ml,스킨케어,크림
에뛰드,그림자쉐딩 재창조 & 재창조 쉐딩스틱 기획세트,기타,미분류
에뛰드,슈팅빔 하이라이터 3g,건기식,기능성식품
에뛰드,순정 디렉터 톤업 수정 선크림 기획 세트 SPF50+/PA++++,선케어,선크림
에뛰드,베어 엣지 슬림 브로우 0.1g,메이크업,아이브로우
에뛰드,플레이 101 스틱 컨투어 듀오,기타,미분류
에뛰드,컬픽스 마스카라 올인원 3종 세트,메이크업,마스카라
에뛰드,"6,400원",기타,미분류
에뛰드,플레이 컬러 아이즈 #더스티 캣 0.8g X 9,메이크업,아이섀도우
에뛰드,아이돌 리얼 래쉬 픽서 8ml,메이크업,마스카라
에뛰드,베이킹 파우더 모공 클렌징 폼 듀오세트,기타,미분류
에뛰드,포근 픽싱틴트 4g,메이크업,립틴트
에뛰드,순정 약산성 클렌징 밀크 200ml,기타,미분류
에뛰드,마이 베스트 톤 아이 팔레트,기타,미분류
에뛰드,리얼아트 클렌징 오일 모이스처 2종 세트,기타,미분류
에뛰드,디어달링 마커틴트,메이크업,립틴트
에뛰드,님프 듀이 베이스프렙 30ml,기타,미분류
에뛰드,뽀용 아이 메이커,기타,미분류
에뛰드,재창조 메이커 1g,건기식,기능성식품
에뛰드,오 마이 래쉬 쌩얼 카라 7ml,기타,미분류
에뛰드,파워 래쉬 속눈썹 영양제 6g,건기식,기능성식품
에뛰드,재창조 메이커 오버립,기타,미분류
에뛰드,순정 약산성 5.5 폼 클렌저 150ml,기타,미분류
에뛰드,진저슈가 오버나이트 립마스크 23g,스킨케어,마스크팩
에뛰드,수분가득 콜라겐 아이크림 28ml,스킨케어,크림
에뛰드,컬러 래스팅 글로우 스틱 3.2g,건기식,기능성식품
에뛰드,빅 커버 스킨 핏 컨실러 7g,건기식,기능성식품
에뛰드,닥터 마스카라 픽서 6g,메이크업,마스카라
에뛰드,뽀오얀 미소 발효 클렌징오일 150ml,기타,미분류
에뛰드,베이킹 파우더 B.B 딥 클렌징폼 160g,건기식,기능성식품
에뛰드,순정 디렉터 무기자차 선크림 기획세트 SPF50+/PA++++,선케어,선크림
에뛰드,피지쏙 파우더 5g,건기식,기능성식품
에뛰드,오마이래쉬 마스카라 1호 탑코트 12g,메이크업,마스카라
에뛰드,플레이 멀티 아이즈,메이크업,아이섀도우
에뛰드,피지쏙 젤리 파우더 8g,건기식,기능성식품
에뛰드,원더포어 프레쉬너 2종 세트,기타,미분류
에뛰드,더블 래스팅 비건 커버 파운데이션 SPF32/PA++ 30 g,선케어,선크림
에뛰드,순정 판텐소사이드10 시카밤 50ml,스킨케어,크림
에뛰드,래쉬 업 콤브 마스카라 8g,메이크업,마스카라
에뛰드,글로우 픽싱 틴트 3.8g,메이크업,립틴트
에뛰드,러블리쿠키 블러셔,기타,미분류
에뛰드,마스카라 전용 리무버 80ml,메이크업,마스카라
에뛰드,립 앤 아이 리무버 250ml,클렌징,리무버
에뛰드,오버 글로이 틴트,메이크업,립틴트
에뛰드,뽀오얀 미소 발효 클렌징폼 150ml,기타,미분류
에뛰드,하트 팝 블러셔 4g,건기식,기능성식품
에뛰드,순정 2x 베리어 보습 크림 60ml,스킨케어,크림
에뛰드,순정 약산성 6.5 휩 클렌저 150ml,기타,미분류
에뛰드,순정 약산성 5.5 진정 토너 350ml,기타,미분류
에뛰드,애교살 메이커,기타,미분류
에뛰드,페이스 브라이트너,기타,미분류
에뛰드,디어달링 오일틴트 4.2g,메이크업,립틴트
에뛰드,그림자 쉐딩 브러쉬,기타,미분류
에뛰드,진저슈가 멜팅 밤 2.3g,스킨케어,크림
에뛰드,럭키 립햄치크 1.5g,건기식,기능성식품
에뛰드,홀리데이 에디션,기타,미분류
에뛰드,순정 10무 수분 에멀전 130ml,기타,미분류
에뛰드,순정 수분 베리어 크림 75ml,스킨케어,크림
에뛰드,그림자 쉐딩 브러쉬 1개입,기타,미분류
에뛰드,2X 쌩얼 라이너 0.5g,메이크업,아이라이너
에뛰드,AC 클린업 핑크스팟 15ml,기타,미분류
에뛰드,마이 래쉬 세럼 18g,스킨케어,세럼
에뛰드,소프트 픽스 메이크업 픽서 50ml,메이크업,마스카라
에뛰드,그림자 쉐딩 브러쉬,기타,미분류
에뛰드,피지쏙 팩트 9.5g,스킨케어,마스크팩
에뛰드,시크릿 빔 파우더 팩트 15g,스킨케어,마스크팩
에뛰드,립 앤 아이 리무버 100ml,클렌징,리무버
에뛰드,리얼아트 클렌징 오일 모이스처 185ml,기타,미분류
에뛰드,클라우드 필터 쿠션 기획세트 SPF42/PA+++,선케어,선크림
에뛰드,님프 광채 볼류머 + 컨실러 2종 기획세트,기타,미분류
에뛰드,재창조 메이커 애교살 라이너,메이크업,아이라이너
에뛰드,베이킹 파우더 사각사각 모공 스크럽 200g,건기식,기능성식품
에뛰드,반짝눈물 라이너,메이크업,아이라이너
에뛰드,수분가득 콜라겐 크림 75ml,스킨케어,크림
에뛰드,수분가득 콜라겐 에멀전 180ml,기타,미분류
에뛰드,수분가득 콜라겐 2종 세트,기타,미분류
에뛰드,클라우드 필터 쿠션 기획세트 SPF42/PA+++,선케어,선크림
에뛰드,클라우드 필터 쿠션 SPF42/PA+++ 15g,선케어,선크림
에뛰드,그림자 쉐딩,기타,미분류
에뛰드,오버 글로이 틴트 기획세트,메이크업,립틴트
에뛰드,슈가컬러링 젤리밤 9g,스킨케어,크림
에뛰드,오버 글로이 글로스 2.8g,건기식,기능성식품
에뛰드,프루티 립앤치크 블러밤 2.3g,스킨케어,크림
에뛰드,마이 베스트 톤 아이즈 2구,메이크업,아이섀도우
에뛰드,수분가득 콜라겐 클렌징 폼 150g,건기식,기능성식품
에뛰드,룩 앳 마이 아이즈,메이크업,아이섀도우
에뛰드,뉴이어 컬렉션,기타,미분류
에뛰드,컬러래스팅 글로우 스틱,기타,미분류
에뛰드,더블래스팅 커버 컨실러 팔레트,기타,미분류
에뛰드,디어달링 필오프 립스테인,기타,미분류
에뛰드,컬픽스 스키니 마스카라 1+1 기획세트,메이크업,마스카라
에뛰드,팡팡 헤어카라 픽서 10ml,메이크업,마스카라
에뛰드,진저슈가 립세럼 13g,스킨케어,세럼
에뛰드,님프 광채 볼류머 듀오 기획세트,기타,미분류
에뛰드,AC 클린업 클렌징 폼 150ml,기타,미분류
에뛰드,피지쏙 젤리 파우더 퍼프 2P,기타,미분류
에뛰드,카페인더 딥 에디션,기타,미분류
에뛰드,올데이 맑은 BB 크림 SPF36/PA+++ 35ml,선케어,선크림
에뛰드,순정 약산성 클렌징 밀크 200ml,기타,미분류
에뛰드,플레이 멀티 아이즈 마루 너만을 오로지 사랑해,메이크업,아이섀도우
에뛰드,벌룬 인 치크 6g,건기식,기능성식품
에뛰드,컬픽스 마스카라 1호 블랙  & 마스카라 픽서 퍼펙트래쉬,메이크업,마스카라
에뛰드,사르르 당충전 컬렉션,기타,미분류
에뛰드,클라우드 필터 쿠션 SPF42/PA+++ 15g,선케어,선크림
에뛰드,밀키베리 에디션,기타,미분류
에뛰드,오버 글로이 틴트,메이크업,립틴트
에뛰드,오버글로이 틴트,메이크업,립틴트
에뛰드,하트팝 블러셔,기타,미분류
에뛰드,낫배드 컬렉션,기타,미분류
에뛰드,하트팝 듀오 블러셔,기타,미분류
에뛰드,님프 광채 볼류머 투명한 물광,기타,미분류
에뛰드,마이 베스트 톤 아이즈,메이크업,아이섀도우
에뛰드,하트팝 블러셔,기타,미분류
에뛰드,순정판텐소사이드10시카밤 50ml *2,스킨케어,크림
에뛰드,순정 판텐소사이드 마스크 25ml,스킨케어,마스크팩
에뛰드,0.2 테라피 에어 마스크 20ml,스킨케어,마스크팩
에뛰드,뽀오얀 미소 발효 립&아이 리무버 250ml,클렌징,리무버
에뛰드,뽀오얀 클렌징 오일 + 뽀오얀 클렌징 폼,기타,미분류
에뛰드,오마이래쉬 마스카라 1호 탑코트 12g *2,메이크업,마스카라
에뛰드,마스카라 전용 리무버 80ml *2,메이크업,마스카라
에뛰드,파워 래쉬 속눈썹 영양제 6g*2,건기식,기능성식품
에뛰드,제로피지 드라잉 파우더 4g,건기식,기능성식품
에뛰드,수분가득 콜라겐 토너 200ml,기타,미분류
에스트라,아토베리어365 크림 80ml,스킨케어,크림
에스트라,아토베리어365 크림 80ml or 로션150ml,스킨케어,크림
에스트라,아토베리어365크림미스트 120ml,스킨케어,크림
에스트라,아토베리어365 세라-히알 속수분 앰플 30ml,스킨케어,앰플
에스트라,아토베리어365 바디로션 400ml,바디,바디케어
에스트라,아토베리어365 하이드로 에센스 200ml,스킨케어,에센스
에스트라,아토베리어365 버블클렌저 150ml,기타,미분류
에스트라,아토베리어365 로션 150ml,기타,미분류
에스트라,더마UV365 무기자차 선크림 or 톤업 선크림 or 비타C광채 수분 선크림 SPF 50+/ PA++++ 40ml,선케어,선크림
에스트라,리제덤365 모공탄력 캡슐세럼 30ml,스킨케어,세럼
에스트라,테라크네365 클리어 딥 클렌징 폼 200g,건기식,기능성식품
에스트라,아토베리어365 바디크림 250ml,스킨케어,크림
에스트라,아토베리어 365 하이드로 수딩크림 60ml,스킨케어,크림
에스트라,에이시카365 흔적진정세럼pH4.5 40ml,스킨케어,세럼
에스트라,에이시카 365 수분토너pH4.5 200ml,기타,미분류
에스트라,NEW 테라크네365 나이아신아마이드5% 흔적 바디 미스트 200ml,바디,바디케어
에스트라,테라크네365 수딩 액티브 모이스처라이저 60ml,기타,미분류
에스트라,에이시카365 리페어 크림pH4.5 60ml,스킨케어,크림
에스트라,테라크네365 액티브 세럼 30ml,스킨케어,세럼
에스트라,에이시카365 쿨링팩패드pH4.5 110ml,스킨케어,마스크팩
에스트라,테라크네365 하이드로 액티브 토너 200ml,기타,미분류
에스트라,NEW 리제덤365 레티노이드 아이세럼 15ml,스킨케어,세럼
에스트라,리제덤365 밀도탄력 캡슐크림 50ml,스킨케어,크림
에스트라,NEW 더마UV365 비타C 광채수분 선크림 SPF50+ PA++++ 40ml,선케어,선크림
에스트라,더마UV365 레드진정 톤업 선크림 SPF 50+/ PA++++ 40ML,선케어,선크림
에스트라,아토베리어365 크림 150ml*2개 대용량 홀리데이 에디션,스킨케어,크림
에스트라,아토베리어365 크림 150ml 홀리데이 에디션,스킨케어,크림
에스트라,리제덤365 모공탄력 캡슐세럼 30ml*2개 + 월리 우프 무드등,스킨케어,세럼
에스트라,아토베리어365 크림 80ml*3개 + 월리 우프 무드등,스킨케어,크림
에스트라,에이시카365 흔적진정세럼pH4.5 40ml 더블 세트,스킨케어,세럼
에스트라,아토베리어365 로션 150ml 더블 세트,기타,미분류
에스트라,아토베리어365 크림 80ml+세라-히알 속수분 앰플 30ml 더블 세트,스킨케어,앰플
에스트라,아토베리어365 크림 80ml 더블 세트,스킨케어,크림
에스트라,테라크네365 액티브 세럼 30ml*2,스킨케어,세럼
에스트라,테라크네 365 바디미스트 200ml,바디,바디케어
에스트라,에이시카365 쿨링팩 패드pH4.5 110ml,스킨케어,마스크팩
에스트라,NEW 더마UV365 비타C 광채수분 선크림 40mlX2개 SPF50+ PA++++,선케어,선크림
에스트라,에이시카365 수분토너pH4.5 200ml*2,기타,미분류
에스트라,에이시카365 리페어 크림pH4.5 60ml*2,스킨케어,크림
에스트라,에이시카 365 수분토너pH4.5+에이시카 365 흔적진정세럼pH4.5,스킨케어,세럼
에스트라,리제덤365 밀도탄력 캡슐크림 50ml*2개,스킨케어,크림
에스트라,리제덤365 레티노이드 아이세럼 15ml*2개,스킨케어,세럼
에스트라,아토베리어365 세라-히알 속수분 앰플 30ml*2개,스킨케어,앰플
에스트라,아토베리어365 크림 80ml+리제덤365 모공탄력 캡슐세럼 30ml,스킨케어,세럼
에스트라,아토베리어365 바디크림 250mlX2개,스킨케어,크림
에스트라,리제덤365 모공탄력 캡슐세럼 30ml + 캡슐크림 50ml,스킨케어,세럼
에스트라,아토베리어365 크림미스트 120mlX2개,스킨케어,크림
에스트라,더마UV365 장벽수분 무기자차 선크림 40mlX2개 SPF50+ PA++++,선케어,선크림
에스트라,테라크네365 클리어 딥 클렌징 폼 200gX2개,건기식,기능성식품
에스트라,아토베리어365 하이드로 에센스 200ml,스킨케어,에센스
에스트라,더마UV365 레드진정 톤업 선크림 40mlX2개 SPF50+ PA++++,선케어,선크림
에스트라,아토베리어365 버블클렌저 150mlX2개,기타,미분류
에스트라,아토베리어365바디로션 400mlX2개,바디,바디케어
에스트라,아토베리어365 하이드로 수딩크림 60mlX2개,스킨케어,크림
,수면양말 1EA,기타,미분류
,인형 파우치,기타,미분류
,APBADAs스티커 1EA,기타,미분류
,APBADAs X KBP 스트링 파우치,기타,미분류
,APBADAs 아모레까뮈 지비츠,기타,미분류
,APBADAs 돌풍이 마우스패드 1EA,기타,미분류
,APBADAs 아모레까뮈 인형파우치 1EA,기타,미분류
,APBADAs 돌풍이 캐릭터인형 L,기타,미분류
,앞바다즈 인형키링 8종,기타,미분류
,돌풍이/돌풍E 캐릭터 인형,기타,미분류
,무릎담요,기타,미분류
,APBADAs X KBP 랩탑 파우치 1EA,기타,미분류
,무릎담요,기타,미분류
,APBADAs 돌풍E 캐릭터인형 L,기타,미분류
,APBADAs 인형 키링 아모레까뮈 1EA,기타,미분류
,APBADAs 아모레까뮈 캐릭터인형 1EA,기타,미분류
,캐릭터 지비츠,기타,미분류
,스노우 메이커,기타,미분류
,APBADAs 인형 6종,기타,미분류
,APBADAs캐릭터실리콘참 8EA,기타,미분류
,APBADAs스마트톡 1EA,기타,미분류
라보에이치,모발강화클리닉 샴푸 430ml,기타,미분류
라보에이치,모발강화클리닉 트리트먼트 200ml,기타,미분류
라보에이치,두피강화 클리닉 샴푸 탈모증상완화 400ml,기타,미분류
라보에이치,모발강화클리닉 에센스 75ml,스킨케어,에센스
라보에이치,두피강화클리닉 샴푸 탈모증상완화 리필팩 400ml,스킨케어,마스크팩
라보에이치,두피강화 클리닉 캡슐 트리트먼트 탈모증상완화 220ml,기타,미분류
라보에이치,프리미엄 샴푸 브러쉬 1입,기타,미분류
라보에이치,두피강화 클리닉 앰플 토닉 탈모증상완화 100ml,스킨케어,앰플
라보에이치,두피강화 클리닉 헤어라인 앰플 탈모증상완화 15ml,스킨케어,앰플
라보에이치,탈모증상완화 샴푸 두피강화 블랑쉬앤우디/페어앤프리지아 400ml,기타,미분류
라보에이치,댄드러프클리닉 샴푸 탈모증상완화 400ml,기타,미분류
라보에이치,두피강화클리닉 쿨링&노세범 샴푸 400ml,기타,미분류
라보에이치,두피강화클리닉 쿨링&노세범 샴푸 리필팩 400ml,스킨케어,마스크팩
라보에이치,탈모증상완화 샴푸 민감더마 400ml,기타,미분류
라보에이치,댄드러프클리닉 워터스케일러 탈모증상완화 250ml,기타,미분류
라보에이치,두피강화클리닉 샴푸 탈모증상완화 종이리필 400ml,기타,미분류
라보에이치,댄드러프클리닉 샴푸 탈모증상완화 리필팩 400ml,스킨케어,마스크팩
라보에이치,두피강화클리닉 스케일러 탈모증상완화 208g,건기식,기능성식품
라보에이치,두피강화클리닉 샴푸 탈모증상완화 리필팩,스킨케어,마스크팩
라보에이치,두피강화 클리닉 샴푸 탈모증상완화,기타,미분류
라보에이치,댄드러프클리닉 샴푸 탈모증상완화,기타,미분류
라보에이치,두피강화클리닉 쿨링&노세범 샴푸,기타,미분류
라보에이치,탈모증상완화 샴푸 두피강화 블랑쉬앤우디,기타,미분류
라보에이치,두피강화 클리닉 앰플 토닉 탈모증상완화,스킨케어,앰플
라보에이치,두피강화 클리닉 헤어라인 앰플 탈모증상완화,스킨케어,앰플
라보에이치,두피강화 클리닉 캡슐 탈모증상완화 트리트먼트,건기식,기능성식품
라보에이치,탈모증상완화 샴푸 두피강화 페어앤프리지아,기타,미분류
라보에이치,두피강화 클리닉 샴푸 탈모증상완화,기타,미분류
롱테이크,솔리드 퍼퓸 디스커버리 3종 키트,기타,미분류
롱테이크,NEW 헤어 오일  40ml,기타,미분류
롱테이크,샴푸  300ml,기타,미분류
롱테이크,샌달우드 인텐시브 3종 트라이얼 키트,기타,미분류
롱테이크,핸드크림  50ml,스킨케어,크림
롱테이크,바디로션  200ml,바디,바디케어
롱테이크,바디워시  300ml,바디,바디케어
롱테이크,NEW 솔리드 퍼퓸  30ml,기타,미분류
롱테이크,NEW 트리트먼트  200ml,기타,미분류
롱테이크,코어본딩 헤어마스크  200ml,스킨케어,마스크팩
롱테이크,샌달우드 오드퍼퓸 SET,기타,미분류
롱테이크,샌달우드 샴푸&헤어오일 SET,기타,미분류
롱테이크,블랙티앤피그 소프트닝 헤어 오일,기타,미분류
롱테이크,샌달우드 인텐시브 헤어 오일,기타,미분류
롱테이크,블랙티앤피그 소프트닝 바디워시+바디로션,바디,바디케어
롱테이크,샌달우드 인텐시브 바디워시+바디로션,바디,바디케어
롱테이크,블랙티앤피그 소프트닝 샴푸+트리트먼트,기타,미분류
롱테이크,샌달우드 인텐시브 샴푸+트리트먼트,기타,미분류
롱테이크,오드 퍼퓸  20ml,기타,미분류
에스쁘아,비벨벳 커버쿠션 기획세트 SPF42/PA++,선케어,선크림
에스쁘아,노웨어 립스틱 바밍글로우 3g,메이크업,립스틱
에스쁘아,더 브로우 밸런스 펜슬 0.1g,메이크업,아이브로우
에스쁘아,꾸뛰르 립 틴트 글레이즈 4g,메이크업,립틴트
에스쁘아,비글로우 볼륨쿠션 에어 퍼프 1ea,기타,미분류
에스쁘아,리얼 아이 애교살 스틱,기타,미분류
에스쁘아,비글로우 파운데이션 SPF27/PA++ 30g,선케어,선크림
에스쁘아,아이 오프닝 펜슬 0.3g,메이크업,아이라이너
에스쁘아,스트로빙 하이라이터 8g,건기식,기능성식품
에스쁘아,꾸뛰르 립 틴트 피팅 블러 4g,메이크업,립틴트
에스쁘아,아이 코어 팔레트 9g,건기식,기능성식품
에스쁘아,노웨어 립스틱 볼륨 매트,메이크업,립스틱
에스쁘아,프로테일러 비내추럴 쿠션 SPF50+/PA++++,선케어,선크림
에스쁘아,더브로우 컬러 픽싱 카라 3g,메이크업,아이브로우
에스쁘아,워터 스플래쉬 선크림 세라마이드 기획세트 SPF50+/PA++++,선케어,선크림
에스쁘아,비글로우 볼륨 쿠션 SPF42/PA+++,선케어,선크림
에스쁘아,베어 글로우 립밤 3g,스킨케어,크림
에스쁘아,스키니 픽스 블렌더,기타,미분류
에스쁘아,아이 코어 팔레트 기획세트,기타,미분류
에스쁘아,노웨어 립스틱 바밍 글로우,메이크업,립스틱
에스쁘아,블러리 치크,기타,미분류
에스쁘아,비벨벳 파운데이션 SPF22/PA++,선케어,선크림
에스쁘아,더브로우 이지쉐이핑 펜슬,메이크업,아이브로우
에스쁘아,플럼피즈 오버립 펜슬,메이크업,아이라이너
에스쁘아,비벨벳 커버 쿠션 SPF42/PA++,선케어,선크림
에스쁘아,비글로우 스틱 파운데이션 SPF50+/PA++++ 11g,선케어,선크림
에스쁘아,노머징 마스카라 워터프루프 XP 9g,메이크업,마스카라
에스쁘아,갤럭시 에디션,기타,미분류
에스쁘아,워터스플래쉬 선크림  SPF50+/PA++++,선케어,선크림
에스쁘아,비글로우 볼륨 쿠션 글리밍 캘리 3종 기획세트 SPF42/PA+++,선케어,선크림
에스쁘아,노머징 브러쉬 라이너 1g,메이크업,아이라이너
에스쁘아,디즈니 에디션,기타,미분류
에스쁘아,워터 스플래쉬 프레쉬 시카 선크림 SPF50+/PA++++,선케어,선크림
에스쁘아,트루 글로우 파운데이션 브러쉬 1ea,기타,미분류
에스쁘아,비글로우 스틱 쉐딩 9g,건기식,기능성식품
에스쁘아,비글로우 볼륨 쿠션 SPF42/PA+++ 13g,선케어,선크림
에스쁘아,플럼피즈 립글로스,기타,미분류
에스쁘아,파워컬링레드뷰러,기타,미분류
에스쁘아,톤페어링 컨투어 팔레트,기타,미분류
에스쁘아,워터 스플래쉬 선크림 톤업 래스팅 SPF50+/PA++++ 50ml,선케어,선크림
에스쁘아,톤페어링 리퀴드 치크 8ml,기타,미분류
에스쁘아,비벨벳 커버 쿠션 13g,건기식,기능성식품
에스쁘아,이지 블렌딩 컨실러 10g,건기식,기능성식품
에스쁘아,비글로우 스틱 래디언스,기타,미분류
에스쁘아,톤페어링 치크 9.6g,건기식,기능성식품
에스쁘아,비벨벳 커버쿠션 기획세트 SPF42/PA++,선케어,선크림
에스쁘아,플럼피즈 에디션,기타,미분류
에스쁘아,듀라이크 젤로 글로우라이저 40ml,기타,미분류
에스쁘아,프레쉬 세팅 픽서 100ml,메이크업,마스카라
에스쁘아,워터 스플래쉬 선 세럼 SPF50+/PA+++ 50ml,선케어,선크림
에스쁘아,듀얼 스머징 립 브러쉬,기타,미분류
에스쁘아,톤페어링 하이라이터 9.6g,건기식,기능성식품
에스쁘아,프레쉬 세팅 파우더 9g,건기식,기능성식품
에스쁘아,비벨벳 피팅 스펀지 1ea,기타,미분류
에스쁘아,프로테일러 비글로우 쉬어 파우더 8g,건기식,기능성식품
에스쁘아,비벨벳 세범컷 쿨링 쿠션 15.8g,건기식,기능성식품
에스쁘아,프로테일러 비내추럴 쿠션 SPF50+/PA++++ 14g,선케어,선크림
에스쁘아,듀라이크 젤로 톤업 쿠션 SPF50+/PA+++,선케어,선크림
에스쁘아,더브로우 컬러 픽싱 카라 쿨그레이 3g,메이크업,아이브로우
에스쁘아,리얼 아이 팔레트,기타,미분류
에스쁘아,플럼피즈 볼륨 밤,기타,미분류
에스쁘아,꾸뛰르 립 틴트 글레이즈 5.5g,메이크업,립틴트
에스쁘아,꾸뛰르 립 틴트  4g,메이크업,립틴트
에스쁘아,워터스플래쉬 선크림 톤업 래스팅 SPF50+/PA++++,선케어,선크림
에스쁘아,워터 스플래쉬 선크림 세라마이드 SPF50+/PA++++ 60ml,선케어,선크림
에스쁘아,비글로우 볼륨쿠션 에어 퍼프,기타,미분류
에스쁘아,비글로우 볼륨 쿠션 23호 베이지 SPF42/PA+++,선케어,선크림
에스쁘아,비글로우 볼륨 쿠션 22호 페탈 SPF42/PA+++,선케어,선크림
에스쁘아,비글로우 볼륨 쿠션 21호 아이보리 SPF42/PA+++,선케어,선크림
에스쁘아,비글로우 볼륨 쿠션 20호 바닐라 SPF42/PA+++,선케어,선크림
에스쁘아,비글로우 볼륨 쿠션 13호 포슬린 SPF42/PA+++,선케어,선크림
에스쁘아,비글로우 볼륨쿠션 에어 퍼프,기타,미분류
에스쁘아,허쉬드 체리 에디션,기타,미분류
에스쁘아,수퍼 소프트 페이스 브러쉬 1EA,기타,미분류
아모레성수,01 아이브로우 브러쉬,메이크업,아이브로우
아모레성수,12 블러셔 브러쉬,기타,미분류
아모레성수,아모레 성수 토너 210ml,기타,미분류
아모레성수,15 립 브러쉬,기타,미분류
아모레성수,14 컨투어링 브러쉬,기타,미분류
아모레성수,11 하이라이트 브러쉬,기타,미분류
아모레성수,03 언더섀도우 브러쉬,메이크업,아이섀도우
아모레성수,10 파운데이션 브러쉬,기타,미분류
아모레성수,09 컨실러 브러쉬,기타,미분류
아모레성수,07 아이섀도우 브러쉬,메이크업,아이섀도우
아모레성수,,기타,미분류
아모레성수,13 파우더 브러쉬,기타,미분류
아모레성수,08 아이섀도우 블렌딩 브러쉬,메이크업,아이섀도우
아모레성수,06 아이섀도우 브러쉬,메이크업,아이섀도우
아모레성수,05 아이섀도우 브러쉬,메이크업,아이섀도우
아모레성수,02 아이섀도우 홀 브러쉬,메이크업,아이섀도우
미쟝센,올뉴 쉽고 빠른 거품 염색 80g,건기식,기능성식품
미쟝센,퍼펙트 세럼 80ml,스킨케어,세럼
미쟝센,파워 스윙 왁스 9 80g,건기식,기능성식품
미쟝센,NEW 헬로크림 더블커버  120g,스킨케어,크림
미쟝센,헤어앤스칼프 부스터 샴푸 800g,건기식,기능성식품
미쟝센,살롱10 단백질 에센스 팩  990ml,스킨케어,마스크팩
미쟝센,컬링 에센스 2X 내추럴/볼륨 150ml,스킨케어,에센스
미쟝센,퍼펙트 오리지널 세럼 샴푸 680ml,스킨케어,세럼
미쟝센,살롱10 단백질 샴푸  990ml,기타,미분류
미쟝센,퍼펙트 베이스업 에센스 200ml,스킨케어,에센스
미쟝센,펄샤이닝 리페어 샴푸/트리트먼트 1000ml,기타,미분류
미쟝센,스타일케어 헤어스프레이 300ml,기타,미분류
미쟝센,퍼펙트 세럼 홈 케어 트리트먼트 900ml,스킨케어,세럼
미쟝센,살롱10 프로페셔널 시카 프로틴 트리트먼트 215ml,기타,미분류
미쟝센,퍼펙트 엉킴제로 노워시 트리트먼트 150ml,기타,미분류
미쟝센,올뉴 샤이닝에센스 100g,스킨케어,에센스
미쟝센,퍼펙트 오리지널 세럼 컨디셔너 680ml,스킨케어,세럼
미쟝센,살롱10 프로페셔널 시카 프로틴 샴푸 480ml,기타,미분류
미쟝센,NEW 헬로버블 100g,건기식,기능성식품
미쟝센,퍼펙트 매직 스트레이트 세럼 샴푸 530ml,스킨케어,세럼
미쟝센,퍼펙트 매직 스트레이트 세럼 80ml,스킨케어,세럼
미쟝센,볼륨케어 퍼플 콜라겐 샴푸,기타,미분류
미쟝센,스칼프케어 그린 시카 샴푸,기타,미분류
미쟝센,올뉴 쉽고 빠른 크림염색 80g,스킨케어,크림
미쟝센,퍼펙트 세럼 트리트먼트,스킨케어,세럼
미쟝센,퍼펙트 매직 스트레이트 세럼 트리트먼트 230ml,스킨케어,세럼
미쟝센,데미지케어 레드 프로틴 컨디셔너 680ml,기타,미분류
미쟝센,퍼펙트 슈퍼리치 세럼 컨디셔너 680ml,스킨케어,세럼
미쟝센,퍼펙트 슈퍼리치 세럼 샴푸 680ml,스킨케어,세럼
미쟝센,데미지케어 레드 프로틴 헤어크림에센스 140ml,스킨케어,에센스
미쟝센,데미지케어 레드 프로틴 샴푸,기타,미분류
미쟝센,이너플렉스 모발강화제 145g,건기식,기능성식품
미쟝센,헤어앤스칼프 너리싱 부스터 트리트먼트 300g,건기식,기능성식품
미쟝센,볼륨케어 퍼플 콜라겐 트리트먼트,기타,미분류
미쟝센,데미지케어 레드 프로틴 트리트먼트,기타,미분류
미쟝센,이너플렉스 모발강화 샴푸/트리트먼트,기타,미분류
미쟝센,퍼펙트 노 워시 워터 트리트먼트 215ml,기타,미분류
미쟝센,살롱10 단백질 트리트먼트 250ml,기타,미분류
미쟝센,쿨링케어 블루멘톨 샴푸 680ml,기타,미분류
미쟝센,컬링 매트 볼륨 헤어픽서 200ml,메이크업,마스카라
미쟝센,헬로버블 퍼퓸보색 핑크 샴푸 400ml,기타,미분류
미쟝센,NEW 헬로블리치 프라이머 버블 100g,건기식,기능성식품
미쟝센,퍼펙트 스타일링 세럼 컨디셔너 680ml,스킨케어,세럼
미쟝센,NEW 헬로크림 125g,스킨케어,크림
미쟝센,헬로 젤리팡팡 8g,건기식,기능성식품
미쟝센,살롱10 단백질 트리트먼트,기타,미분류
미쟝센,살롱10 시카 프로틴 샴푸,기타,미분류
미쟝센,퍼펙트 세럼 트리트먼트,스킨케어,세럼
미쟝센,퍼펙트 베이스업 헤어 에센스,스킨케어,에센스
미쟝센,컬링 에센스 2X 내추럴,스킨케어,에센스
미쟝센,컬링 에센스 2X 볼륨,스킨케어,에센스
미쟝센,퍼펙트 세럼 홈 케어 트리트먼트,스킨케어,세럼
미쟝센,퍼펙트 아르간 캡슐 리페어 헤어 마스크 180g,스킨케어,마스크팩
미쟝센,퍼펙트 매직 스트레이트 세럼 샴푸,스킨케어,세럼
미쟝센,퍼펙트 매직 스트레이트 세럼,스킨케어,세럼
미쟝센,퍼펙트 매직 스트레이트 세럼 트리트먼트,스킨케어,세럼
미쟝센,살롱10 프로페셔널 시카 프로틴 트리트먼트,기타,미분류
미쟝센,컬링 매트 볼륨 헤어픽서,메이크업,마스카라
미쟝센,퍼펙트 스타일링 세럼 샴푸 680ml,스킨케어,세럼
아모레퍼시픽,트리트먼트 엔자임 클렌징 폼 120g,건기식,기능성식품
아모레퍼시픽,모이스춰 플럼핑 넥타 크림 50ml,스킨케어,크림
아모레퍼시픽,타임 레스폰스 스킨 리뉴얼 미스트 200ml,기타,미분류
아모레퍼시픽,타임 레스폰스 스킨 리저브 플루이드 160ml,기타,미분류
아모레퍼시픽,,스킨케어,미분류
아모레퍼시픽,보태니컬 수딩 토너 200ml,기타,미분류
아모레퍼시픽,타임 레스폰스 스킨 리저브 토너 200ml,기타,미분류
아모레베이직,듀얼 코튼 면봉 150매,기타,미분류
아모레베이직,프리티 눈썹칼 2입,기타,미분류
아모레베이직,순면 5겹 화장솜 50매 / 120매,기타,미분류
아모레베이직,그린티 오일 컨트롤 페이퍼 70매,기타,미분류
아모레베이직,토너 아껴주는 1/2 스킨팩 화장솜 400매,스킨케어,마스크팩
아모레베이직,물광 메이크업 씨앗 스펀지 2ea,기타,미분류
아모레베이직,애프터 마스카라 히팅 속눈썹 고데기,메이크업,마스카라
아모레베이직,소프트 엠보싱 원형 화장솜 100매,기타,미분류
아모레베이직,컴팩트 아이래쉬 컬러,스킨케어,마스크팩
아모레베이직,아모레베이직 X 벤자민무어 더 에센셜 배쓰밤 2입세트,스킨케어,크림
아모레베이직,아모레베이직 X 벤자민무어 더 에센셜 세라믹 바디 괄사,바디,바디케어
아모레베이직,프로페셔널 아티스트 브러쉬 8종 키트,기타,미분류
아모레베이직,아모레베이직 미피 솔리드 퍼퓸 2종+실리콘키링,기타,미분류
아모레베이직,데일리 메이크업 조각 스펀지 20ea / 60ea,기타,미분류
한율,자연을 닮은 립밤,기타,미분류
한율,흰감국 광채 선크림 SPF50+/PA++++ 70ml,선케어,선크림
한율,부들밤 말끔피지 모공팩 기획세트,스킨케어,마스크팩
한율,어린쑥 수분진정 토너 150ml,기타,미분류
한율,랩핑 마스크 기획세트 4매,스킨케어,마스크팩
한율,어린쑥 수분진정 플루이드 125ml,기타,미분류
한율,자연을 닮은 핸드크림 50ml,스킨케어,크림
한율,빨간쌀 보습탄력 2종 세트,기타,미분류
한율,어린쑥 매끈결 클렌징 오일 기획세트,기타,미분류
한율,부들밤 깔끔각질 모공팩 기획세트,스킨케어,마스크팩
한율,달빛유자 패드 60매,기타,미분류
한율,백화고 클렌징 마사지 크림 200ml,스킨케어,크림
한율,어린쑥 속수분 쑥히알 패드 기획세트,기타,미분류
한율,송담 탄력 에멀젼 125ml,기타,미분류
한율,송담 탄력 스킨 150ml,기타,미분류
한율,빨간쌀 보습탄력 크림 55ml,스킨케어,크림
한율,보들은행잎 모공탄탄 펩타이드 패드 60매,기타,미분류
한율,어린쑥 수분진정 선크림 SPF50+/PA++++ 50ml,선케어,선크림
한율,극진 2종 기획 세트,기타,미분류
한율,어린쑥 속수분 쑥히알 크림 기획세트,스킨케어,크림
한율,백화고 기미탄력 아이크림 25ml,스킨케어,크림
한율,빨간쌀 보습탄력 에센스 크림 2종세트,스킨케어,에센스
한율,빨간쌀 보습탄력 에센스 150ml,스킨케어,에센스
한율,어린쑥 수분진정 2종 세트,건기식,기능성식품
한율,백화고 기미탄력 비비 크림 SPF40/PA++ 40ml,선케어,선크림
한율,빨간쌀 보습탄력 에멀젼 125ml,기타,미분류
한율,달빛유자 수면팩 100ml,스킨케어,마스크팩
한율,보들은행잎 모공핏 세럼 기획세트,스킨케어,세럼
한율,보들은행잎 모공핏 마스크 기획세트 4매,스킨케어,마스크팩
한율,어린쑥 수분진정크림 리필 캡슐 30ml *2,스킨케어,크림
한율,백화고 기미탄력 크림 기획세트 60ml,스킨케어,크림
한율,달빛유자C 세럼 30ml,스킨케어,세럼
한율,극진 스킨 125ml,기타,미분류
한율,어린쑥 속수분 쑥히알 세럼 기획세트,스킨케어,세럼
한율,백화고 기미탄력 듀얼샷 앰플 기획세트,스킨케어,앰플
한율,어린쑥 클렌징 팩밤 기획세트,스킨케어,마스크팩
한율,극진 크림 대용량 단품 기획세트,스킨케어,크림
한율,극진 에센스 기획세트 60ml,스킨케어,에센스
한율,극진 아이크림 기획세트 30ml,스킨케어,크림
한율,극진 크림 클렌징폼 200ml,스킨케어,크림
한율,달빛유자 수면팩 리필세트 40ml*2,스킨케어,마스크팩
한율,달빛유자C 세럼 50ml,스킨케어,세럼
한율,빨간쌀 보습탄력 크림 리필세트 30ml *2,스킨케어,크림
한율,극진 에멀젼 125ml,기타,미분류
한율,극진 크림 세트 50ml,스킨케어,크림
한율,송담 탄력 2종 기획세트,기타,미분류
한율,어린쑥 트러블 미스트 120ml,기타,미분류
한율,달빛유자 수면팩 기획세트,스킨케어,마스크팩
한율,어린쑥 수분진정 패드 기획세트,건기식,기능성식품
한율,어린쑥 클렌징 흡착 팩폼 기획세트,스킨케어,마스크팩
한율,어린쑥 수분진정 크림 기획세트,스킨케어,크림
한율,달빛유자 클렌징 필링 젤밤 기획세트,스킨케어,크림
한율,달빛유자 클렌징 톤업 팩폼 기획세트,스킨케어,마스크팩
한율,흰감국 광채 선크림 듀오 구성,선케어,선크림
한율,부들밤 모공수축 패드 기획세트,스킨케어,크림
해피바스,모이스처 퍼퓸 바디워시 760g,바디,바디케어
해피바스,오리지널 컬렉션 바디워시 910g,바디,바디케어
해피바스,정말 촉촉/순한 바디밀크 400g,바디,바디케어
해피바스,PH 4.5 약산성 여성청결제 300ml,기타,미분류
해피바스,제로퍼센트 저자극 버블핸드워시 500ml,기타,미분류
해피바스,오리지널 컬렉션 바디로션 500g,바디,바디케어
해피바스,마이크로 클린 솝베리 버블 클렌징폼 300ml,기타,미분류
해피바스,오리지널컬렉션 솝라벤더 비누 4입,기타,미분류
해피바스,오리지널 컬렉션 샤워 젤리 75g,건기식,기능성식품
해피바스,필쏘굿 풋샴푸 500ml,기타,미분류
해피바스,오리지널 컬렉션 바디오일 250ml,바디,바디케어
해피바스,주스스무디 옐로우 바디워시 820g,바디,바디케어
해피바스,리얼가든 바디워시 900g,바디,바디케어
해피바스,스킨유 이노센트 샤워젤 500g,건기식,기능성식품
해피바스,정말 촉촉/순한 바디워시 900g,바디,바디케어
해피바스,퍼퓸부티크 오일 바디로션 350g,바디,바디케어
해피바스,마이크로 클린 딥 버블 클렌징폼 300ml,기타,미분류
해피바스,딥클린 바디워시 900g,바디,바디케어
해피바스,크림 인 바디로션 400g,스킨케어,크림
해피바스,마이크로 클린 딥 클렌징폼 150g,건기식,기능성식품
해피바스,퍼퓸부티크 오일 바디워시 500ml,바디,바디케어
해피바스,오리지널 컬렉션 바디워시 910g,바디,바디케어
해피바스,제로퍼센트 항균 바솝,기타,미분류
해피바스,블로썸 바디워시 900g,바디,바디케어
해피바스,오리지널 컬렉션 올리브 비누 4입,기타,미분류
해피바스,화이트 클레이 모공 클렌징폼 150g,건기식,기능성식품
해피바스,크림 인 바디워시 900g,스킨케어,크림
해피바스,스마일 바디워시 900g,바디,바디케어
해피바스,오리지널 컬렉션 머스크 바디워시 910g,바디,바디케어
해피바스,오리지널 컬렉션 클린코튼 비누 4입,기타,미분류
해피바스,유황 소금 보들 바디워시 600g,바디,바디케어
해피바스,마일드 클렌징폼 200g,건기식,기능성식품
해피바스,스킨유 이노센트 로션 350g,건기식,기능성식품
해피바스,오리지널 컬렉션 베이비파우더 비누 4입,기타,미분류
해피바스,티트리 아크네 클렌징폼 150g,건기식,기능성식품
해피바스,오리지널 컬렉션 바디로션 500g,바디,바디케어
해피바스,스킨유 이노센트 딥 머스크 바디오일&괄사 증정 기획 130ml,바디,바디케어
해피바스,두보레 장미 에센스 비누 4입,스킨케어,에센스
해피바스,두보레 후리지아 에센스 비누 4입,스킨케어,에센스
해피바스,마이크로 클린 솝베리 클렌징폼 150g,건기식,기능성식품
해피바스,스킨유 프래그런스 핸드크림 50ml,스킨케어,크림
해피바스,두보레 백합 에센스 비누 4입,스킨케어,에센스
해피바스,히알루론 클렌징 폼 200g,건기식,기능성식품
해피바스,오리지널 컬렉션 체리블로섬 비누 4입,기타,미분류
해피바스,오리지널 컬렉션 오리지널 비누 4입,기타,미분류
해피바스,스킨유 이노센트 딥머스크 앰플 미스트 150ml,스킨케어,앰플
해피바스,퍼퓸부티크 바디&헤어 미스트 200ml,바디,바디케어
해피바스,퍼펙트 딥 씨솔트 클렌징폼 150g,건기식,기능성식품
해피바스,스킨유 이노센트 스크럽 450g,건기식,기능성식품
해피바스,제로퍼센트 저자극 버블핸드워시 + 필쏘굿 풋샴푸,기타,미분류
해피바스,필쏘굿 시카 진정 수분 선크림 80ml,선케어,선크림
해피바스,필쏘굿 시카 진정 선 미스트 80ml,기타,미분류
온호프,쏘 캄 트래블 3종 세트,기타,미분류
홀리추얼,홀리추얼 래디언스 리설페이싱 필 12매,기타,미분류
홀리추얼,홀리추얼 코어 리프트 액티베이팅 세럼 140ml,스킨케어,세럼
홀리추얼,홀리추얼 울트라 너리싱 어드밴스드 크림,스킨케어,크림
홀리추얼,홀리추얼 엘리멘탈 스무딩 로션 110ml,기타,미분류
홀리추얼,홀리추얼 릴랙스드 풋 트리트먼트 크림 130ml,스킨케어,크림
홀리추얼,홀리추얼 리디파이닝 클렌징 밀크 200ml,기타,미분류
홀리추얼,홀리추얼 마이크로 밸런싱 에센스 150ml,스킨케어,에센스
홀리추얼,홀리추얼 컨센트레이트 시그니처 크림 라이트 80ml,스킨케어,크림
홀리추얼,홀리추얼 피토 리쥬브네이팅 컨센트레이트 30ml,기타,미분류
홀리추얼,홀리추얼 울트라 너리싱 어드밴스드 에멀전 120ml,기타,미분류
홀리추얼,홀리추얼 뉴트리 엘릭서 미스트 홀리데이 기획 세트,기타,미분류
홀리추얼,홀리추얼  릴랙스드 풋 트리트먼트 크림 듀오 SET,스킨케어,크림
홀리추얼,홀리추얼  리디파이닝 클렌징 밀크 듀오 SET,기타,미분류
홀리추얼,홀리추얼  코어 리프트 액티베이팅 세럼 기획세트 140ml,스킨케어,세럼
홀리추얼,홀리추얼 울트라 너리싱 어드밴스드 토너 150ml,기타,미분류
홀리추얼,홀리추얼  뉴트리 엘릭서 바디 프라그랑스 미스트 100ml,바디,바디케어
홀리추얼,홀리추얼 프로 리프팅 앤 퍼밍 프로그램,기타,미분류
홀리추얼,홀리추얼 리디파이닝 앰플 4주 프로그램,스킨케어,앰플
홀리추얼,홀리추얼 클린테라피 파우더 마스크,스킨케어,마스크팩
홀리추얼,홀리추얼 파워 리뉴얼 키트,기타,미분류
홀리추얼,홀리추얼 울트라 너리싱 어드밴스드 토너 + 에멀전,기타,미분류
,퍼즐우드 비건 디퓨저 200ml,기타,미분류
,퍼즐우드 비건 핸드크림 50ml,스킨케어,크림
,퍼즐우드 비건 인센스 스틱 20g,건기식,기능성식품
오딧세이,로맨틱 에멀전 130ml,기타,미분류
오딧세이,로맨틱 스킨 리파이너 130ml,기타,미분류
오딧세이,챕터파이브 생츄어리 2종 세트,기타,미분류
오딧세이,블랙 스킨 리파이너 130ml,기타,미분류
오딧세이,MMY 콜라보레이션 토트백,기타,미분류
오딧세이,블랙 에멀전 130ml,기타,미분류
오딧세이,MMY 콜라보레이션 크로스백,기타,미분류
오딧세이,챕터파이브 라이트하우스 2종 세트,기타,미분류
오딧세이,블랙 스페셜 2종 신년기획세트,기타,미분류
오딧세이,로맨틱 스페셜 2종 세트 신년기획세트,기타,미분류
프리메라,NEW 나이아시카 수딩 글로우 워터리 크림30ml,스킨케어,크림
프리메라,마일드 앤 퍼펙트 클렌징 오일 투 폼 200ml,기타,미분류
프리메라,NEW 비타티놀 바운시 리프트 세럼 30g*2입,스킨케어,세럼
프리메라,후리 앤 후리 200ml,기타,미분류
프리메라,마일드 포어 필링 패드 60매 기획세트,기타,미분류
프리메라,나이아시카 수딩글로우 워터리 크림 30ml,스킨케어,크림
프리메라,워터리 에센스 250ml,스킨케어,에센스
프리메라,알파인 베리 워터리 크림 100ml,스킨케어,크림
프리메라,비타티놀 세럼 메가샷 마스크 34g 1입,스킨케어,마스크팩
프리메라,레티놀 볼륨 립 세럼 12g,스킨케어,세럼
프리메라,마일드 앤 퍼펙트 클렌징 오일 투 폼 300ml,기타,미분류
프리메라,인리치드 클렌징 티슈 60매 300g,건기식,기능성식품
프리메라,비타티놀 세럼 메가샷 마스크 34g*5입,스킨케어,마스크팩
프리메라,오가니언스 BR 소프트 필링 투 폼 클렌저 120ml,기타,미분류
프리메라,오가니언스 배리어 리페어 2종 기획세트,기타,미분류
프리메라,비타티놀 인텐스 바운시 리프트 마스크 크림,스킨케어,마스크팩
프리메라,씨드 앤 스프라우트 에너지마스크로터스기획세트 20ml*30매,스킨케어,마스크팩
프리메라,마일드 앤 퍼펙트 페이셜 필링 150ml,기타,미분류
프리메라,알파인베리 워터리 크림 75ml,스킨케어,크림
프리메라,바하 버블 필링 클렌저 200ml,기타,미분류
프리메라,후리 앤 후리 소프트 폼 150ml,기타,미분류
프리메라,NEW 인리치드 바디 오일 투 폼 클렌저 390ml,바디,바디케어
프리메라,NEW 나이아시카 워터리 크림 쿠션 15g,스킨케어,크림
프리메라,오가니언스 BR 컴포트 아미노 리치 폼 150ml,기타,미분류
프리메라,맨오가니언스 2종 기획세트,기타,미분류
프리메라,하이드로 글로우 트리트먼트 에센스 150ml,스킨케어,에센스
프리메라,오가니언스 베리어 리페어 카밍 에센스 토너 160ml,스킨케어,에센스
프리메라,오가니언스 베리어 리페어 씨드펩타이드 리저브 크림 50ml,스킨케어,크림
프리메라,레티놀 볼륨 립 세럼 튜브 7g,스킨케어,세럼
프리메라,오가니언스 베리어 리페어 씨드 펩타이드 리저브 세럼 30ml,스킨케어,세럼
프리메라,오가니언스 베리어 리페어 하이드레이션 크림 에멀젼 160ml,스킨케어,크림
프리메라,리페어링 세라캡슐 UV프로텍터 40ml,기타,미분류
프리메라,더 핸드크림 미스트 20ml,스킨케어,크림
프리메라,알파인 베리 워터리 크림 50ml,스킨케어,크림
프리메라,알파인 베리 워터리 크림 150ml,스킨케어,크림
프리메라,NEW 비타티놀 바운시 리프트 세럼 30g 1입,스킨케어,세럼
프리메라,씨드 앤 스프라우트 에너지 마스크_로터스 5매 20ml,스킨케어,마스크팩
프리메라,알파인 베리 워터리 수딩 젤크림 100ml,스킨케어,크림
프리메라,알파인 베리 워터리 수딩젤 크림 75ml,스킨케어,크림
프리메라,마일드 앤 퍼펙트 포어 필링 패드 60매,기타,미분류
프리메라,알파인베리 워터리 수딩젤 크림 50ml,스킨케어,크림
프리메라,리페어링 세라캡슐 UV프로텍터 톤업 프라이밍 40ml,기타,미분류
프리메라,알파인베리 워터리 크림 100ml*2입 + 월리 우프 무드등,스킨케어,크림
프리메라,비타티놀 바운시 리프트 세럼 30g 4입 + 월리 우프 무드등,스킨케어,세럼
프리메라,워터리 에센스 250ml 더블 세트,스킨케어,에센스
프리메라,마일드 앤 퍼펙트 클렌징 오일 투 폼 200ml 더블 기프트 세트,기타,미분류
프리메라,비타티놀 인텐스 바운시 리프트 마스크 크림 30ml+리필 30ml 더블 세트,스킨케어,마스크팩
프리메라,비타티놀 세럼 메가샷 마스크세트 34g*5매 X 4개 세트,스킨케어,마스크팩
프리메라,마일드 앤 퍼펙트 페이셜 필링 250ml,기타,미분류
프리메라,비타티놀 인텐스 바운시 리프트 마스크 크림 30ml,스킨케어,마스크팩
프리메라,마일드 앤 퍼펙트 포어 필링 패드 60매*2,기타,미분류
프리메라,후리 앤 후리 소프트폼 150ml*2,기타,미분류
프리메라,비타티놀 세럼 메가샷 마스크세트 34g*5매X2개,스킨케어,마스크팩
프리메라,오가니언스 BR 소프트 필링 투 폼 클렌저 120ml,기타,미분류
프리메라,마일드 앤 퍼펙트 페이셜 필링 150ml*2,기타,미분류
프리메라,나이아시카 수딩글로우 워터리 크림,스킨케어,크림
프리메라,나이아시카 수딩글로우 워터리 크림,스킨케어,크림
프리메라,후리 앤 후리 200ml*2,기타,미분류
프리메라,마일드 앤 퍼펙트 클렌징 오일 투 폼 200ml + 오가니언스 BR 소프트 필링 투 폼 클렌저 120ml,기타,미분류
헤라,UV프로텍터 톤업 SPF50+/PA++++ 50ml,선케어,선크림
헤라,NEW 블랙 쿠션 파운데이션 SPF34/PA++,선케어,선크림
헤라,NEW 블랙 쿠션 파운데이션 SPF34/PA++ 15g,선케어,선크림
헤라,센슈얼 누드 글로스 5g,건기식,기능성식품
헤라,리프레싱 클렌징 폼 160g,건기식,기능성식품
헤라,실키 스테이 24H 롱웨어 파운데이션 SPF20/PA++ 30g,선케어,선크림
헤라,블랙 쿠션 파운데이션 퍼프 2ea,기타,미분류
헤라,센슈얼 누드 밤 3.5g,스킨케어,크림
헤라,센슈얼 틴티드 샤인스틱 3.5g,건기식,기능성식품
헤라,NEW 리플렉션 스킨 글로우 파운데이션 SPF15/PA++ 30g,선케어,선크림
헤라,NEW 리플렉션 스킨 글로우 쿠션 파운데이션 SPF40/PA++ 15g,선케어,선크림
헤라,NEW 리플렉션 스킨 글로우 쿠션 파운데이션 SPF40/PA++ 15g,선케어,선크림
헤라,UV프로텍터 멀티디펜스 SPF50+/PA++++ 50ml,선케어,선크림
헤라,옴므 베이직 스페셜 기획세트 2종,기타,미분류
헤라,에이지 어웨이 에스테틱 2종 세트,기타,미분류
헤라,에이지 어웨이 에스테틱 3종 세트,기타,미분류
헤라,센슈얼 파우더 매트 리퀴드 5g,건기식,기능성식품
헤라,NEW 옴므 블랙 액티브 세트 2종,기타,미분류
헤라,루즈 클래시 3.5g,건기식,기능성식품
헤라,NEW 블랙 쿠션 파운데이션 SPF34/PA++ 15g,선케어,선크림
헤라,옴므 올인원 스킨 하이드로 트리트먼트 150ml,기타,미분류
헤라,시그니아 워터 에멀젼 기프트 세트 2종,기타,미분류
헤라,블러쉬 5.5g,건기식,기능성식품
헤라,UV프로텍터 익스트림포스 레포츠 SPF50+/PA++++ 70ml,선케어,선크림
헤라,UV프로텍터 멀티디펜스 프레쉬 SPF50+/PA++++ 50ml,선케어,선크림
헤라,NEW 옴므 블루 에센스 기획 2종 세트,스킨케어,에센스
헤라,리치 컬링 마스카라,메이크업,마스카라
헤라,브로우 디자이너 오토펜슬,메이크업,아이브로우
헤라,NEW 코렉팅 베이스 UV 프로텍터 SPF50+/PA++++ 35ml,선케어,선크림
헤라,센슈얼 파우더 매트 립스틱 3g,메이크업,립스틱
헤라,브로우 디자이너 오토펜슬,메이크업,아이브로우
헤라,에이지 어웨이 에스테틱 BX 아이크림 25ml,스킨케어,크림
헤라,지일 오 데 퍼퓸 40ml,기타,미분류
헤라,옴므 에센스 인 스킨 125ml,스킨케어,에센스
헤라,에이지 어웨이 에스테틱 BX83 리포솜 40ml,기타,미분류
헤라,NEW 쿼드 아이 컬러 섀도우 9g,메이크업,아이섀도우
헤라,NEW 에어리 파우더 프라이머 8.5g,건기식,기능성식품
헤라,파워부스팅 스페셜세트 2종,기타,미분류
헤라,NEW 립 세럼 11g,스킨케어,세럼
헤라,옴므 에센스 인 에멀젼 110ml,스킨케어,에센스
헤라,메이크업픽서 80ml,메이크업,마스카라
헤라,딥 클렌징 오일 225ml,기타,미분류
헤라,센슈얼 피팅 글로우틴트 5g,메이크업,립틴트
헤라,컴피 리바이탈라이징 세럼 미스트 90ml,스킨케어,세럼
헤라,에이지 어웨이 에스테틱 BX 워터 150ml,기타,미분류
헤라,에이지 어웨이 에스테틱 BX 크림 50ml,스킨케어,크림
헤라,이지 스타일링 아이라이너 0.5g,메이크업,아이라이너
헤라,크리미 커버 컨실러 7.5g,건기식,기능성식품
헤라,하이드로 리플렉팅 마이크로 크림 50ml,스킨케어,크림
헤라,소프트 피니시 루스 파우더 15g,건기식,기능성식품
헤라,에이지 어웨이 에스테틱 BX 에멀젼 120ml,기타,미분류
헤라,하이드로 리플렉팅 2종 세트,기타,미분류
헤라,파워부스팅 페이스 트리트먼트 110ml,기타,미분류
헤라,센슈얼 립앤치크 7g,건기식,기능성식품
헤라,하이드로 리플렉팅 플루이드 140ml,기타,미분류
헤라,하이드로 리플렉팅 토너 170ml,기타,미분류
헤라,시그니아 에센셜 밸런싱 에멀젼 150ml,기타,미분류
헤라,리쥬브네이트 앰플 크림 50ml,스킨케어,앰플
헤라,시그니아 크림 스페셜 기프트 세트,스킨케어,크림
헤라,아이 디자이너 펜슬,메이크업,아이라이너
헤라,벨벳 나이트 퍼퓸드 샤워젤 250g,건기식,기능성식품
헤라,UV 프로텍터 액티브 선 밤 SPF 50+/PA++++ 10g,선케어,선크림
헤라,NEW 헬씨 글로우 듀이 밤 10g,스킨케어,크림
헤라,하이드로-듀 플럼핑 앰플 50ml,스킨케어,앰플
헤라,리치 컬링 워터프루프 마스카라 6g,메이크업,마스카라
헤라,지일 블루밍 퍼퓸드 바디로션 230ml,바디,바디케어
헤라,NEW 부스팅 베이스 UV 프로텍터 SPF15 35ml,선케어,선크림
헤라,메이크업 리무버 125ml,클렌징,리무버
헤라,하이드로-듀 플럼핑 크림 50ml,스킨케어,크림
헤라,NEW 리프레싱 토닉 클렌징워터 200ml,기타,미분류
헤라,NEW 시그니아 일루미네이팅 세럼 30ml,스킨케어,세럼
헤라,파워부스팅 토너 150ml,기타,미분류
헤라,NEW 레티놀 3X 리프팅 세럼 25ml,스킨케어,세럼
헤라,벨벳 나이트 오 데 퍼퓸 40ml,기타,미분류
헤라,스킨 틴트 컴피 스프레더 SPF50/ PA++++ 15g,선케어,선크림
헤라,파워부스팅 모이스춰라이저 110ml,기타,미분류
헤라,옴므 블랙 액티브 어드밴스드 에멀전 110ml,기타,미분류
헤라,옴므 블랙 액티브 어드밴스드 토너 125ml,기타,미분류
헤라,하이드로-듀 플럼핑 워터 드롭 50ml,기타,미분류
헤라,NEW 옴므 블루 에센스 인 에멀전 110ml,스킨케어,에센스
헤라,NEW 옴므 블루 에센스 인 토너 125ml,스킨케어,에센스
헤라,페르소프 오 데 퍼퓸 40ml,기타,미분류
헤라,NEW 블랙 쿠션 파운데이션 00P1 SPF34/PA++ 15g,선케어,선크림
헤라,UV 프로텍터 톤업 2개 + 월리 뽀모도로 타이머 & 포스트카드,기타,미분류
헤라,블랙쿠션 23N1 듀오 + 리필 + 월리 우프 무드등,기타,미분류
헤라,블랙쿠션 21N1 듀오 + 리필 + 월리 우프 무드등,기타,미분류
헤라,실키스테이 24H 롱웨어 파운데이션 23N1 기획세트,기타,미분류
헤라,실키스테이 24H 롱웨어 파운데이션 21N1 기획세트,기타,미분류
헤라,글로우쿠션 리필 21N1 + 쿠션 케이스 #1 메탈릭레더,기타,미분류
헤라,블러쉬 스틱 7.7g,건기식,기능성식품
헤라,NEW 컴피 컨디셔닝 에센스 150g,스킨케어,에센스
헤라,지일 블루밍 퍼퓸드 샤워 젤 250g,건기식,기능성식품
헤라,벨벳 나이트 퍼퓸드 바디 로션 230ml,바디,바디케어
비레디,웨이크업 생기 립밤 3g,스킨케어,크림
라네즈,웨이크업 생기 립밤 3g,스킨케어,크림
비레디,트루톤 로션  40ml,기타,미분류
라네즈,트루톤 로션  40ml,기타,미분류
비레디,블루 수분 선크림 1+1 기획세트 SPF50+PA++++,선케어,선크림
라네즈,블루 수분 선크림 1+1 기획세트 SPF50+PA++++,선케어,선크림
비레디,블루 파운데이션 SPF27/PA++ 35ml,선케어,선크림
라네즈,블루 파운데이션 SPF27/PA++ 35ml,선케어,선크림
비레디,블루쿠션 SPF34/PA++ 15g,선케어,선크림
라네즈,블루쿠션 SPF34/PA++ 15g,선케어,선크림
비레디,무드업 듀얼 아이섀도우 브러쉬,메이크업,아이섀도우
라네즈,무드업 듀얼 아이섀도우 브러쉬,메이크업,아이섀도우
비레디,블루쿠션 SPF34/PA++ 15g,선케어,선크림
라네즈,블루쿠션 SPF34/PA++ 15g,선케어,선크림
비레디,시카페인 트러블리셋 세럼 40ml,스킨케어,세럼
라네즈,시카페인 트러블리셋 세럼 40ml,스킨케어,세럼
비레디,블루 수분 선크림 SPF50+/PA++++ 50ml,선케어,선크림
라네즈,블루 수분 선크림 SPF50+/PA++++ 50ml,선케어,선크림
비레디,프라이드업 아이브로우 0.6G,메이크업,아이브로우
라네즈,프라이드업 아이브로우 0.6G,메이크업,아이브로우
비레디,블루 세범 파우더 7g,건기식,기능성식품
라네즈,블루 세범 파우더 7g,건기식,기능성식품
비레디,시카페인 트러블리셋 토너 250ml,기타,미분류
라네즈,시카페인 트러블리셋 토너 250ml,기타,미분류
비레디,시카페인 트러블리셋 크림 70ml,스킨케어,크림
라네즈,시카페인 트러블리셋 크림 70ml,스킨케어,크림
비레디,블루 파운데이션 퍼프,기타,미분류
라네즈,블루 파운데이션 퍼프,기타,미분류
비레디,하이드로 스웻프루프 선크림 SPF50+/PA++++ 50ml,선케어,선크림
라네즈,하이드로 스웻프루프 선크림 SPF50+/PA++++ 50ml,선케어,선크림
비레디,에어리 헤어 페이스트 80g,건기식,기능성식품
라네즈,에어리 헤어 페이스트 80g,건기식,기능성식품
비레디,4.4,기타,미분류
라네즈,4.4,기타,미분류
비레디,시카페인 트러블리셋 클렌징폼 150g,건기식,기능성식품
라네즈,시카페인 트러블리셋 클렌징폼 150g,건기식,기능성식품
비레디,무드업 음영 아이팔레트 7g,건기식,기능성식품
라네즈,무드업 음영 아이팔레트 7g,건기식,기능성식품
비레디,생기 립밤 3g,스킨케어,크림
라네즈,생기 립밤 3g,스킨케어,크림
비레디,생기 립밤 3g,스킨케어,크림
라네즈,생기 립밤 3g,스킨케어,크림
비레디,생기 립밤 3g,스킨케어,크림
라네즈,생기 립밤 3g,스킨케어,크림
비레디,블루 파운데이션 3호,기타,미분류
라네즈,블루 파운데이션 3호,기타,미분류
비레디,블루 파운데이션 2호,기타,미분류
라네즈,블루 파운데이션 2호,기타,미분류
비레디,블루쿠션 3호 제프리,기타,미분류
라네즈,블루쿠션 3호 제프리,기타,미분류
비레디,블루쿠션 2호 라이언,기타,미분류
라네즈,블루쿠션 2호 라이언,기타,미분류
비레디,시카페인 트러블리셋 2종,기타,미분류
라네즈,시카페인 트러블리셋 2종,기타,미분류
비레디,블루 수분 선크림 SPF50+/PA++++,선케어,선크림
라네즈,블루 수분 선크림 SPF50+/PA++++,선케어,선크림
아이오페,슈퍼바이탈 기초 2종 세트,기타,미분류
아이오페,비타민C 엑스퍼트25% 토닝앰플 23ml,스킨케어,앰플
아이오페,바이오 컨디셔닝 에센스 하이드로 인핸싱 마스크 5매,스킨케어,마스크팩
아이오페,맨 올데이 퍼펙트 올인원 120ml,기타,미분류
아이오페,슈퍼바이탈 크림 세트 50ml,스킨케어,크림
아이오페,바이오 컨디셔닝 에센스 168ml,스킨케어,에센스
아이오페,XMD 스템3 스페셜 2종 세트,기타,미분류
아이오페,맨 프로 레티놀 올인원 기획세트 120ml,기타,미분류
아이오페,슈퍼바이탈 아이크림 25ml,스킨케어,크림
아이오페,골든 글로우 페이스 오일 40ml,기타,미분류
아이오페,레티놀 세럼 인 겔 마스크,스킨케어,마스크팩
아이오페,XMD 스템3 클리니컬 리커버리 크림 50ml,스킨케어,크림
아이오페,맨 바이오 안티에이징 2종 세트,기타,미분류
아이오페,바이오 컨디셔닝 에센스 폼 클렌저 180ml,스킨케어,에센스
아이오페,에어쿠션 5.5세대 커버 SPF50/PA+++ 15g,선케어,선크림
아이오페,UV 쉴드 선 프로텍터 SPF50+/PA++++ 50ml,선케어,선크림
아이오페,에어쿠션 5.5세대 커버 SPF50/PA+++ 15g,선케어,선크림
아이오페,맨 퍼펙트 올인원 클렌저 125g,건기식,기능성식품
아이오페,레티놀 엑스퍼트 0.1% 링클 코렉터 기획세트 30ml,기타,미분류
아이오페,XMD 스템3 클리니컬 리커버리 세럼 50ml,스킨케어,세럼
아이오페,슈퍼바이탈 오일 블렌딩 세럼 40ml,스킨케어,세럼
아이오페,히아루로닉 크림 100ml,스킨케어,크림
아이오페,레티놀 엑스퍼트 0.5% 얼티밋 컨센트레이트 15ml,기타,미분류
아이오페,PDRN 카페인샷 50ml,기타,미분류
아이오페,PDRN 카페인샷 30ml,기타,미분류
아이오페,레티놀 엑스퍼트 0.3% 링클 코렉터 20ml,기타,미분류
아이오페,UV 쉴드 톤업 선 SPF50+/PA++++ 50ml,선케어,선크림
아이오페,브라이트닝 기미 에센스 45ml,스킨케어,에센스
아이오페,프로 필링 소프트젤 100ml,기타,미분류
아이오페,슈퍼바이탈 소프너 150ml,기타,미분류
아이오페,맨 올데이 퍼펙트 톤업 올인원 SPF15 120ml,선케어,선크림
아이오페,맨 안티에이징 에멀젼 EX 120ml,기타,미분류
아이오페,슈퍼바이탈 쿠션 이엑스 SPF 50+/PA+++ 16g,선케어,선크림
아이오페,하이드로 리프트 크림,스킨케어,크림
아이오페,슈퍼바이탈 에멀젼 150ml,기타,미분류
아이오페,바이오 컨디셔닝 클렌징 오일 인 젤 150ml,기타,미분류
아이오페,하이드로 리프트 에멀젼 150ml,기타,미분류
아이오페,UV 쉴드 선 앰플 SPF 50+/PA+++ 40ml,선케어,선크림
아이오페,맨 컴파운드 선 스크린 SPF 50+/PA++++ 50ml,선케어,선크림
아이오페,XMD 스템3 클리니컬 리커버리 세럼 30ml,스킨케어,세럼
아이오페,레티놀 엑스퍼트 0.1% 링클 코렉터 기획세트 20ml,기타,미분류
아이오페,UV 쉴드 선 스틱 SPF50+/PA++++ 20g,선케어,선크림
아이오페,XMD 스템3 클리니컬 리커버리 소프너 130ml,기타,미분류
아이오페,XMD 스템3 클리니컬 리커버리 에멀전 130ml,기타,미분류
아이오페,슈퍼바이탈 쿠션 이엑스 SPF 50+/PA+++,선케어,선크림
아이오페,맨 바이오 컨디셔닝 에센스 145ml,스킨케어,에센스
아이오페,하이드로 리프트 2종 세트,기타,미분류
아이오페,슈퍼바이탈 3종 세트,기타,미분류
아이오페,하이드로 리프트 소프너 150ml,기타,미분류
아이오페,슈퍼바이탈 2종 세트,기타,미분류
아이오페,레티놀 레티젝션 세럼 30ml,스킨케어,세럼
아이오페,스킨 부스터 앰플 필 패드 8매입,스킨케어,앰플
아이오페,하이드로 리프트 세럼,스킨케어,세럼
아이오페,슈퍼바이탈 넥앤데콜테 크림 40ml,스킨케어,크림
아이오페,레티놀 0.1% 기획세트 + 월리 우프 무드등,기타,미분류
아이오페,레티놀 레티젝션 세럼 50ml 기획세트 + 월리 우프 무드등,스킨케어,세럼
아이오페,브라이트닝 기미 에센스 기획세트 45ml,스킨케어,에센스
아이오페,맨 올데이 퍼펙트 올인원 기획세트 120ml,기타,미분류
아이오페,XMD 스템3 클리니컬 리커버리 세럼 기획세트 50ml,스킨케어,세럼
아이오페,비타민C 엑스퍼트25% 토닝앰플 기획세트 23ml,스킨케어,앰플
아이오페,멀티 비타민 10% 얼티밋 토닝 겔 마스크,스킨케어,마스크팩
아이오페,레티놀 레티젝션 세럼 50ml,스킨케어,세럼
아이오페,레티놀 세럼 인 겔 마스크,스킨케어,마스크팩
아이오페,스킨 부스터 앰플 필 패드 기획세트,스킨케어,앰플
아이오페,비타민C 엑스퍼트 40% 마스크 컨센트레이트 15g,스킨케어,마스크팩
아이오페,바이오 컨디셔닝 에센스 하이드로 인핸싱 마스크 10매,스킨케어,마스크팩
아이오페,레티놀 슈퍼 바운스 세럼 50ml,스킨케어,세럼
아이오페,바이오 컨디셔닝 에센스 기획세트 84ml,스킨케어,에센스
에이피뷰티,에이피 프라임 리저브 리트리니티 메쉬 파운데이션 스펀지 2개입,기타,미분류
에이피뷰티,마이크로파인 인텐시브 크림 투 폼 클렌저 150g,스킨케어,크림
에이피뷰티,프라임 리저브 리트리니티 메쉬 파운데이션 12g,건기식,기능성식품
에이피뷰티,NEW 에이오 리부트 앤 리뉴 에센스 80ml,스킨케어,에센스
에이피뷰티,리쥬브네이팅 부스터 샷 엠디 세럼 30ml,스킨케어,세럼
에이피뷰티,에이피 리파이닝 파우더 투 폼 클렌저 55g,건기식,기능성식품
에이피뷰티,에이오 트리플 디펜스 에어리 선 세럼 40ml,스킨케어,세럼
에이피뷰티,에이피 에이오 리부트 앤 리뉴 에센스 150ml,스킨케어,에센스
에이피뷰티,에이피 얼티밋 오일 투 밀크 클렌저 200ml,기타,미분류
에이피뷰티,프라임 리저브 리트리니 메쉬 파운데이션 케이스,기타,미분류
에이피뷰티,퍼밍 앤 래디언스 플럼핑 에멀전 150ml,기타,미분류
에이피뷰티,퍼밍 앤 래디언스 플럼핑 로션 150ml,기타,미분류
에이피뷰티,에이피 에이오 리부트 앤 리뉴 더블 컨센트레이트 40ml,기타,미분류
에이피뷰티,에이피 듀얼 리페어 리프트 크림 30ml,스킨케어,크림
에이피뷰티,에이피 프라임 리저브 리트리니티 세럼 30ml,스킨케어,세럼
에이피뷰티,에이피 리프트 앤 펌 듀얼 아이 트리트먼트,기타,미분류
에이피뷰티,듀얼 리페어 리프트 크림 마스크 5매 23g*5,스킨케어,마스크팩
에이피뷰티,에이피 에이오 리부트 앤 리뉴 크림,스킨케어,크림
에이피뷰티,에이피 프라임 리저브 리트리니티 에센스 로션 150ml,스킨케어,에센스
에이피뷰티,에이피 리프트 앤 리뉴 더블 샷 프로그램 1ea,기타,미분류
에이피뷰티,리서페이싱 앤 리페어 에센스 150ml,스킨케어,에센스
에이피뷰티,에이피 프라임 리저브 리트리니티 크림 50ml,스킨케어,크림
에이피뷰티,에이피 프라임 리저브 리트리니티 크림 50ml,스킨케어,크림
에이피뷰티,에이피 프라임 리저브 리트리니티 아이 앤 익스프레션 크림 20ml,스킨케어,크림
에이피뷰티,에이피 듀얼 리페어 리프트 리퀴드 크림 120ml,스킨케어,크림
에이피뷰티,에이피 듀얼 리페어 리프트 크림 50 ml,스킨케어,크림
에이피뷰티,퍼밍 앤 래디언스 플럼핑 듀오,기타,미분류
에이피뷰티,프라임 리저브 리트리니티 메쉬 파운데이션 22N + 에이오 트리플 디펜스 에어리 선 세럼 40ml,스킨케어,세럼
에이피뷰티,프라임 리저브 리트리니티 메쉬 파운데이션 21N + 에이오 트리플 디펜스 에어리 선 세럼 40ml,스킨케어,세럼
에이피뷰티,프라임 리저브 리트리니티 메쉬 파운데이션 17C + 에이오 트리플 디펜스 에어리 선 세럼 40ml,스킨케어,세럼
에이피뷰티,리쥬브네이팅 부스터 샷 엠디 세럼 30ml,스킨케어,세럼
에이피뷰티,리쥬브네이팅 트리트먼트 엠디 크림 50ml,스킨케어,크림
에이피뷰티,프라임 리저브 리트리니티 메쉬 파운데이션 22N+블랙 케이스,기타,미분류
에이피뷰티,프라임 리저브 리트리니티 메쉬 파운데이션 21N+ 블랙 케이스,기타,미분류
에이피뷰티,프라임 리저브 리트리니티 메쉬 파운데이션 17C+ 블랙 케이스 12g,건기식,기능성식품
에이피뷰티,에이피 리프트 앤 리뉴 더블 샷 프로그램 3ea,기타,미분류
에이피뷰티,에이피 프라임 리저브 리트리니티 아이 앤 익스프레션 크림 20ml,스킨케어,크림
일리윤,NEW  세라마이드 아토 로션 564ml,기타,미분류
일리윤,울트라 리페어 로션 528ml,기타,미분류
일리윤,히알루론 모이스춰 수분크림 100ml,스킨케어,크림
일리윤,세라마이드 아토 집중 크림 230ml,스킨케어,크림
일리윤,세라마이드 아토 6.0 탑투토워시 500ml,기타,미분류
일리윤,세라마이드 아토 로션 350ml,기타,미분류
일리윤,세라마이드 아토 6.0 탑투토워시 500ml,기타,미분류
일리윤,울트라 리페어 로션 350ml,기타,미분류
일리윤,세라마이드 아토 집중 크림 500ml,스킨케어,크림
일리윤,프레쉬 모이스춰 바디워시 500ml,바디,바디케어
일리윤,레드이치 케어크림 330ml,스킨케어,크림
일리윤,저자극 이지워시 선크림 SPF50+/PA++++ 150ml,선케어,선크림
일리윤,울트라 리페어 딥 모이스춰 워시 500ml,기타,미분류
일리윤,세라마이드 아토 6.0 탑투토워시 1000ml,기타,미분류
일리윤,세라마이드 아토 속보습 스킨 250ml,기타,미분류
일리윤,레드이치 케어크림 75ml,스킨케어,크림
일리윤,레드이치 케어오일 200ml,기타,미분류
일리윤,세라마이드 아토 여행용 키트,기타,미분류
일리윤,프로바이오틱스 스킨 배리어 약산성 여성청결제 300ml,기타,미분류
일리윤,프레쉬 모이스춰 립앤아이 리무버 300ml,클렌징,리무버
일리윤,레드이치 큐어밤 60ml,스킨케어,크림
일리윤,세라마이드 아토 버블워시 앤 샴푸 900ml,기타,미분류
일리윤,레드이치 케어크림 128ml,스킨케어,크림
일리윤,프레쉬 모이스춰 로션 350ml,기타,미분류
일리윤,울트라 리페어 인텐시브 케어 크림 200ml,스킨케어,크림
일리윤,젠틀 딥 립앤아이 리무버 140ml,클렌징,리무버
일리윤,세라마이드 아토 수딩 젤 175ml,기타,미분류
일리윤,세라마이드 아토 5.0 젠틀스킨클렌져 400ml,기타,미분류
일리윤,무기자차 장벽 선크림 SPF50+/PA++++ 50ml,선케어,선크림
일리윤,데일리 무기자차 선스틱 SPF50+/PA++++ 20g,선케어,선크림
일리윤,세라마이드 아토 로션 508ml,기타,미분류
일리윤,튼살크림 330ml,스킨케어,크림
일리윤,시카 아크네 클리어 필링 스크럽 200g,건기식,기능성식품
일리윤,시카 아크네 클리어 바디 워시 400ml,바디,바디케어
일리윤,젠틀 딥 클렌징 오일 250ml,기타,미분류
일리윤,시카 트러블 클리어 바디 미스트 200ml,바디,바디케어
일리윤,젠틀 딥 페이셜 클렌저 250ml,기타,미분류
일리윤,프로바이오틱스 스킨 배리어 젠틀 클렌저 300ml,기타,미분류
일리윤,세라마이드 아토 버블워시 앤 샴푸 400ml,기타,미분류
일리윤,히알루론 모이스춰 수분크림,스킨케어,크림
일리윤,세라마이드 아토 탑투토워시 본품+리필 SET,기타,미분류
일리윤,세라마이드 아토 로션 2입 SET,기타,미분류
일리윤,인텐시브 세라마이드 비건 립 마스크 7g,스킨케어,마스크팩
일리윤,울트라 리페어 인텐시브 케어 크림,스킨케어,크림
일리윤,울트라 리페어 로션,기타,미분류
일리윤,울트라 리페어 딥 모이스춰 워시,기타,미분류
일리윤,울트라 리페어 로션,기타,미분류
일리윤,데일리 무기자차 선스틱 SPF50+/PA++++,선케어,선크림
일리윤,레드이치 케어크림,스킨케어,크림
일리윤,레드이치 고보습 워시,기타,미분류
일리윤,레드이치 케어오일,기타,미분류
일리윤,레드이치 케어크림,스킨케어,크림
일리윤,세라마이드 아토 집중 크림 230ml,스킨케어,크림
일리윤,레드이치 크림 + 고보습 워시,스킨케어,크림
일리윤,세라마이드 아토 집중크림 230ml,스킨케어,크림
일리윤,세라마이드 아토 로션,기타,미분류
일리윤,무기자차 장벽 선크림 SPF50+/PA++++,선케어,선크림
일리윤,저자극 이지워시 선크림 SPF50+/PA++++,선케어,선크림
일리윤,세라마이드 아토 수딩 젤,기타,미분류
일리윤,프레쉬 모이스춰 바디워시,바디,바디케어
일리윤,세라마이드 아토 로션 564ml,기타,미분류
일리윤,레드이치 고보습 워시 470g,건기식,기능성식품
일리윤,세라마이드 무향 비건 립밤 3.2g,스킨케어,크림
일리윤,세라마이드 무향 비건 핸드크림 50ml,스킨케어,크림
이니스프리,레티놀 PDRN 앰플 겔 마스크 1매,스킨케어,마스크팩
이니스프리,한란 핸드 크림 50ml,스킨케어,크림
이니스프리,그린티 아미노 수분 클렌징 폼 150g,건기식,기능성식품
이니스프리,NEW 세럼/앰플 겔 마스크,스킨케어,마스크팩
이니스프리,비타C 그린티 엔자임 세럼 겔 마스크 1매,스킨케어,마스크팩
이니스프리,마이 퍼퓸드 핸드크림 30ml,스킨케어,크림
이니스프리,고급 종이 면봉 150P,기타,미분류
이니스프리,New 납작 아이브로우 펜슬,메이크업,아이브로우
이니스프리,레티놀 시카 리페어 앰플 겔 마스크 1매,스킨케어,마스크팩
이니스프리,그린티 아미노 수분 클렌징 오일 150ml,기타,미분류
이니스프리,노세범 미네랄 파우더 5g,건기식,기능성식품
이니스프리,그린티 아미노 수분 클렌징 워터 320ml,기타,미분류
이니스프리,블랙티 유스 인핸싱 앰플 마스크 28ml,스킨케어,마스크팩
이니스프리,유채꿀 립밤  3.5g,스킨케어,크림
이니스프리,그린티 세라마이드 밀크 에센스 160ml,스킨케어,에센스
이니스프리,듀이 틴트 립밤 3.2g,메이크업,립틴트
이니스프리,노세범 모이스처 파우더 5g,건기식,기능성식품
이니스프리,비타C 그린티 엔자임세럼 기획세트,스킨케어,세럼
이니스프리,그린티 씨드 히알루론산 크림 50ml,스킨케어,크림
이니스프리,화산송이 모공 바하 클렌징 폼 150g,건기식,기능성식품
이니스프리,노세범 미네랄 팩트 8.5g,스킨케어,마스크팩
이니스프리,레티놀 PDRN 앰플 겔 마스크 6매,스킨케어,마스크팩
이니스프리,스페셜케어마스크 풋 20ml,스킨케어,마스크팩
이니스프리,그린티 데일리 수딩 마스크 30매,스킨케어,마스크팩
이니스프리,화산송이 모공 바하 클렌징폼  250g,건기식,기능성식품
이니스프리,올리브 비타민 E 리얼 오일 미스트 75ml,기타,미분류
이니스프리,눈썹 수정칼 2P,건기식,기능성식품
이니스프리,그린티 씨드 히알루론산 세럼 대용량 130ml,스킨케어,세럼
이니스프리,퍼펙트 9 인텐시브 아이크림 30ml,스킨케어,크림
이니스프리,올리브 비타민 E 리얼 클렌징 티슈 30매,기타,미분류
이니스프리,마이 퍼퓸드 핸드크림 80ml,스킨케어,크림
이니스프리,그린티 히알루론산 스킨 170ml,기타,미분류
이니스프리,노세범 블러 프라이머 25ml,기타,미분류
이니스프리,블랙티 유스 인핸싱 앰플 대용량 단품 세트,스킨케어,앰플
이니스프리,그린티 씨드 히알루론산 크림  80ml,스킨케어,크림
이니스프리,블랙티 유스 인핸싱 오일 30ml,기타,미분류
이니스프리,파우더 퍼프 1ea,기타,미분류
이니스프리,퍼펙트 9 인텐시브 크림 60ml,스킨케어,크림
이니스프리,노세범 AC 파우더 5g,건기식,기능성식품
이니스프리,유채꿀 립밤  3.5g,스킨케어,크림
이니스프리,스페셜케어마스크 핸드 20ml,스킨케어,마스크팩
이니스프리,블랙티 유스 인핸싱 크림 50ml,스킨케어,크림
이니스프리,화산송이 한지 기름종이 50매,기타,미분류
이니스프리,비자 트러블 클렌징폼 150g,건기식,기능성식품
이니스프리,그린티 히알루론산 로션 170ml,기타,미분류
이니스프리,비타C 그린티 엔자임 잡티 토닝 패드 60매/170ml,기타,미분류
이니스프리,라이트 피팅 메이크업 베이스 SPF23/PA++ 30ml,선케어,선크림
이니스프리,그린티 히알루론산 미스트 150ml,기타,미분류
이니스프리,레티놀 시카 흔적 장벽 크림 50ml,스킨케어,크림
이니스프리,그린티 세라마이드 밀크 에센스 리필 160ml,스킨케어,에센스
이니스프리,한란 아이 크림 30ml,스킨케어,크림
이니스프리,파워프루프 라이너  0.6g,메이크업,아이라이너
이니스프리,올리브 비타민 E 리얼 스킨 170ml,기타,미분류
이니스프리,그린티 씨드 히알루론산 세럼 80ml,스킨케어,세럼
이니스프리,레티놀 그린티 PDRN 스킨부스터 토너 170ml,기타,미분류
이니스프리,올리브 비타민 E 리얼 로션 170ml,기타,미분류
이니스프리,그린티 씨드 히알루론산 세럼 리필 80ml,스킨케어,세럼
이니스프리,그린티 히알루론산 진정수분 선세럼 AD SPF50/PA++++ 50ml,선케어,선크림
이니스프리,수퍼 화산송이 쿨민초 모공팩 100ml,스킨케어,마스크팩
이니스프리,비타C 잡티 톤업 선스크린 SPF50+/PA++++ 50ml,선케어,선크림
이니스프리,레티놀 그린티 PDRN 스킨부스터 앰플 25ml,스킨케어,앰플
이니스프리,올리브 비타민e 리얼 크림 50ml,스킨케어,크림
이니스프리,그린티 히알루론산 글로우 아이&페이스볼 10ml,기타,미분류
이니스프리,그린티 씨드 히알루론산 스킨케어 세트,건기식,기능성식품
이니스프리,애플씨드 립 앤 아이 메이크업 리무버 100ml,클렌징,리무버
이니스프리,블랙티 유스 인핸싱 로션 170ml,기타,미분류
이니스프리,비타C 엔자임 잡티 토닝 크림 50ml,스킨케어,크림
이니스프리,한란인리치드크림 50ml,스킨케어,크림
이니스프리,국화 여성 청결제 200ml,기타,미분류
이니스프리,왕벚꽃 글로우 스킨핏 톤업크림 SPF50 / PA++++ 50ml,선케어,선크림
이니스프리,애플씨드 클렌징 크림 150ml,스킨케어,크림
이니스프리,레티놀 그린티 PDRN 스킨부스터 앰플 40ml,스킨케어,앰플
이니스프리,레티놀 시카 흔적 패드 60매/170ml,기타,미분류
이니스프리,노세범 파우더 쿠션 SPF35/PA++ 14g,선케어,선크림
이니스프리,그린티 씨드 히알루론산 크림  50ml,스킨케어,크림
이니스프리,포레스트 포맨 쉐이빙 & 클렌징 폼 150g,건기식,기능성식품
이니스프리,수퍼 화산송이 모공 마스크 100ml,스킨케어,마스크팩
이니스프리,비타C 엔자임 잡티 토닝 크림 리필 50ml,스킨케어,크림
이니스프리,청보리 마일드 필링젤 120ml,기타,미분류
이니스프리,아일넘버 바디로션 씨즈더모먼트 300ml,바디,바디케어
이니스프리,마이퍼퓸드바디 코튼플라워 바디로션 330ml,바디,바디케어
이니스프리,포레스트 센서티브 올인원 에센스 100ml,스킨케어,에센스
이니스프리,톤업 노세범 선스크린 EX SPF50+/PA++++ 60ml,선케어,선크림
이니스프리,노세범 파우더 쿠션 리필 SPF35/PA++ 14g,선케어,선크림
이니스프리,그린티 아미노 수분 클렌징폼  250g,건기식,기능성식품
이니스프리,콜라겐 그린티 세라마이드 탄력장벽 크림 리필 50ml,스킨케어,크림
이니스프리,링클 사이언스 스팟 트리트먼트 40ml,기타,미분류
이니스프리,한란로션 170ml,기타,미분류
이니스프리,심플라벨 워터프루프 펜슬라이너 0.1g,메이크업,아이라이너
이니스프리,마이퍼퓸드바디 그린텐저린 바디로션 330ml,바디,바디케어
이니스프리,포레스트 안티에이징 올인원 에센스 100ml,스킨케어,에센스
이니스프리,비타C 그린티 엔자임 잡티 토닝 세럼 30ml,스킨케어,세럼
이니스프리,듀이 트리트먼트 립밤 3.2g,스킨케어,크림
이니스프리,유브이 액티브 포어리스 선스크린 SPF50+/PA++++ 50ml,선케어,선크림
이니스프리,레티놀 시카 앰플 포커싱 패치 1개입 9매,스킨케어,앰플
이니스프리,알로에 리바이탈라이징 수딩젤 300ml,기타,미분류
이니스프리,라이트 피팅 컨실러 다크서클 커버 7g,건기식,기능성식품
이니스프리,한란인리치드에센스 50ml,스킨케어,에센스
이니스프리,아일넘버 바디워시 씨즈더모먼트 300ml,바디,바디케어
이니스프리,스키니 꼼꼼카라 3.5g,건기식,기능성식품
이니스프리,파워프루프 브러시 라이너 0.6g,메이크업,아이라이너
이니스프리,히알루론 수분 선크림 SPF50+/PA++++ 50ml,선케어,선크림
이니스프리,애플씨드 클렌징 오일 150ml,기타,미분류
이니스프리,레티놀 시카 흔적 앰플 30ml,스킨케어,앰플
이니스프리,블랙티 유스 인핸싱 앰플 30ml,스킨케어,앰플
이니스프리,블랙티 유스 인핸싱 트리트먼트 에센스 145ml,스킨케어,에센스
이니스프리,블랙티 유스 인핸싱 트리트먼트 에센스 75ml,스킨케어,에센스
이니스프리,노세범 선쿠션 이엑스 SPF50+/PA++++ 14g,선케어,선크림
이니스프리,하우스 스펀지 6p,기타,미분류
이니스프리,콜라겐 그린티 세라마이드 탄력 장벽 크림 50ml,스킨케어,크림
이니스프리,포어 블러 파우더 11g,건기식,기능성식품
이니스프리,에어리매트 틴트 3.8g,메이크업,립틴트
이니스프리,라이트 피팅 파운데이션 SPF20/PA++ 30ml,선케어,선크림
이니스프리,스키니 꼼꼼카라 Zero 3.5g,건기식,기능성식품
이니스프리,인텐시브 롱래스팅 선스크린 EX SPF50+/PA++++ 60ml,선케어,선크림
이니스프리,비자 트러블 로션 100ml,기타,미분류
이니스프리,블랙티 유스 인핸싱 스킨 170ml,기타,미분류
이니스프리,그린티 스킨 포맨 150ml,기타,미분류
이니스프리,한란스킨 170ml,기타,미분류
이니스프리,마이퍼퓸드바디 코튼플라워바디클렌저 330ml,바디,바디케어
이니스프리,퍼펙트 9 인텐시브 세럼 50ml,스킨케어,세럼
이니스프리,퍼펙트 9 인텐시브 스킨 200ml,기타,미분류
이니스프리,비자 시카 밤 EX 40ml,스킨케어,크림
이니스프리,비자 트러블 토너 170ml,기타,미분류
이니스프리,레티놀 시카 앰플 듀오 SET,스킨케어,앰플
이니스프리,히알루론 수분 선크림 SPF50+/PA++++ 50ml,선케어,선크림
이니스프리,그린티 로션 포맨 150ml,기타,미분류
이니스프리,왕벚꽃 글로우 톤업 크림 50ml,스킨케어,크림
이니스프리,스키니 브로우카라 4g,메이크업,아이브로우
이니스프리,화산송이 모공 바하 클렌징 오일 150ml,기타,미분류
이니스프리,인텐시브 레져 선스틱 SPF50+/PA++++ 18g,선케어,선크림
이니스프리,올리브 비타민 E 리얼 클렌징폼 150g,건기식,기능성식품
이니스프리,실키 파우더 블러쉬 6.2g,건기식,기능성식품
이니스프리,애플씨드 버블 클렌저 150ml,기타,미분류
이니스프리,화산송이 파하 모공 매끈결 토너 170ml,기타,미분류
이니스프리,마이퍼퓸드바디 워터릴리바디클렌저 330ml,바디,바디케어
이니스프리,라이트 글로우 쿠션 SPF26/PA++ 14g,선케어,선크림
이니스프리,비자 시카 밤 EX 대용량 70ml,스킨케어,크림
이니스프리,퍼펙트 9 인텐시브 스킨케어 세트  퍼펙트 9 인텐시브 스킨 200ml+ 퍼펙트 9 인텐시브 로션 160ml &  세럼 5ml + 크림 10ml + 아이크림 5ml,스킨케어,세럼
이니스프리,유채꿀 립밤 3.5g,스킨케어,크림
이니스프리,포어 블러 팩트 12.5g,스킨케어,마스크팩
이니스프리,아일 넘버 바디앤핸드워시 웜앤퍼지스 300ml,바디,바디케어
이니스프리,아일넘버 핸드크림 씨즈더모먼트 50ml,스킨케어,크림
이니스프리,마이퍼퓸드바디 그린텐저린바디클렌저 330ml,바디,바디케어
이니스프리,포레스트 프레시 스킨 180ml,기타,미분류
이니스프리,포레스트 프레시 로션 140ml,기타,미분류
이니스프리,블랙티 유스 인핸싱 스킨 케어 세트  블랙티 유스 인핸싱 스킨 170ml + 블랙티 유스 인핸싱 로션 170ml&  스킨 15ml + 로션 15ml + 앰플 12ml,스킨케어,앰플
이니스프리,퍼펙트 9 인텐시브 로션 160ml,기타,미분류
이니스프리,톤업 노세범 선스크린 EX SPF50+/PA++++ 60ml,선케어,선크림
이니스프리,비타C 엔자임 잡티 토닝 크림  80ml,스킨케어,크림
이니스프리,화산송이 모공 듀얼 마스크 110ml,스킨케어,마스크팩
이니스프리,올리브 비타민E 리얼 클렌징 오일 150ml,기타,미분류
이니스프리,마이퍼퓸드바디 워터릴리 바디로션 330ml,바디,바디케어
이니스프리,스컬프팅 파우더 쉐이딩 6.8g,건기식,기능성식품
이니스프리,포레스트 프레시 스킨 로션 2종 세트,기타,미분류
이니스프리,심플라벨 래스팅 펜슬 브로우 0.15g,메이크업,아이브로우
이니스프리,심플라벨 마스카라 7.5g,메이크업,마스카라
이니스프리,라이트 글로우 쿠션 리필 SPF26/PA++ 14g,선케어,선크림
이니스프리,포레스트 포어 케어 올인원 에센스 100ml,스킨케어,에센스
이니스프리,청보리 마일드 필링 토너 250ml,기타,미분류
이니스프리,레티놀 PDRN 앰플 기획세트 40ml,스킨케어,앰플
이니스프리,레티놀 시카 앰플 기획세트 50ml,스킨케어,앰플
이니스프리,그린티 씨드 히알루론산 크림 기획세트,스킨케어,크림
이니스프리,마이 퍼퓸드 핸드크림 세트,스킨케어,크림
이니스프리,레티놀 PDRN 앰플 기획세트 40ml,스킨케어,앰플
이니스프리,그린티 밀크 에센스 160ml 더블 기획세트,스킨케어,에센스
이니스프리,이니스프리 클렌징 폼,기타,미분류
이니스프리,스페셜 케어 마스크  20ml,스킨케어,마스크팩
이니스프리,그린티 세라마이드 크림 80ml,스킨케어,크림
이니스프리,그린티 세라마이드 크림 50ml,스킨케어,크림
이니스프리,그린티 세라마이드 크림 50ml,스킨케어,크림
이니스프리,그린티 씨드 히알루론산 크림 50ml,스킨케어,크림
이니스프리,톤업 워터링 선스크린 SPF50+/PA++++ 60ml,선케어,선크림
이니스프리,스마트 블렌더  1p,기타,미분류
이니스프리,쉬어 글로이 하이라이터 5.5g,건기식,기능성식품
이니스프리,일반 화장솜 80매,기타,미분류
이니스프리,그린펫클럽 꼼꼼 워터리스 발세정제  150ml,기타,미분류
이니스프리,아일 넘버 핸드크림 웜앤퍼지스 50ml,스킨케어,크림
이니스프리,파워프루프 펜 라이너 0.6g,메이크업,아이라이너
이니스프리,왕벚꽃 글로우 젤리 크림 50ml,스킨케어,크림
이니스프리,스퀴즈 에너지 마스크 1매 22ml,스킨케어,마스크팩
이니스프리,레티놀 시카 흔적 앰플 50ml,스킨케어,앰플
메디안,그린프로폴리스 치약 100g*3,건기식,기능성식품
메디안,이지클린 센서티브 칫솔 4입,기타,미분류
메디안,소금의 명작 치약,기타,미분류
메디안,후레쉬 치약 3입  120g*3,건기식,기능성식품
메디안,잇몸과학 치약 3입,기타,미분류
메디안,NEW 치석케어칫솔 4입,기타,미분류
메디안,대나무숯 담은 칫솔 미세모 4입,기타,미분류
메디안,듀얼이펙션 칫솔 4입 미세모,기타,미분류
메디안,닥터메디안 멀티케어 치약,기타,미분류
메디안,송천염 치약,기타,미분류
메디안,젠티스트 치약 핑크 2입,기타,미분류
메디안,구취과학 치약 프리징쿨 3입  120g*3,건기식,기능성식품
메디안,그래핀 칫솔 4+1입,기타,미분류
메디안,녹차의 명작 치약,기타,미분류
메디안,미백과학 치약 플럼민트향,기타,미분류
메디안,닥터메디안 칫솔 5+5입,기타,미분류
메디안,365DAYS step3 충치 불소 어린이 펌핑 치약 300g,건기식,기능성식품
메디안,플렉스 이펙션 칫솔 4입,기타,미분류
메디안,키즈 365DAYS step3 칫솔 12입,기타,미분류
메디안,잇몸과학 칫솔 4입,기타,미분류
메디안,골드와이드 칫솔 10입,기타,미분류
메디안,365DAYS 고밀도 초극세모 딥클린 칫솔 16입,기타,미분류
메디안,성인용 365DAYS 칫솔 12입,기타,미분류
메디안,소금의 명작 칫솔 4입,기타,미분류
메디안,그린프로폴리스 잇몸케어 칫솔 4+1입,기타,미분류
메디안,키즈 365DAYS step3 칫솔 6입,기타,미분류
메디안,키즈 365DAYS step2 칫솔 12입,기타,미분류
메디안,송천염 미세모 칫솔 4입,기타,미분류
메디안,젠티스트 치약 핑크 100g,건기식,기능성식품
메디안,녹차의 명작 칫솔 4입,기타,미분류
메디안,젠티스트 치약 핑크 4입+쇼핑백 증정,건기식,기능성식품
메디안,치석케어 치약 오리지널/구취/화이트/잇몸,기타,미분류
비레디,웨이크업 생기 립밤 3g,스킨케어,크림
라네즈,웨이크업 생기 립밤 3g,스킨케어,크림
비레디,트루톤 로션  40ml,기타,미분류
라네즈,트루톤 로션  40ml,기타,미분류
비레디,블루 수분 선크림 1+1 기획세트 SPF50+PA++++,선케어,선크림
라네즈,블루 수분 선크림 1+1 기획세트 SPF50+PA++++,선케어,선크림
비레디,블루 파운데이션 SPF27/PA++ 35ml,선케어,선크림
라네즈,블루 파운데이션 SPF27/PA++ 35ml,선케어,선크림
비레디,블루쿠션 SPF34/PA++ 15g,선케어,선크림
라네즈,블루쿠션 SPF34/PA++ 15g,선케어,선크림
비레디,무드업 듀얼 아이섀도우 브러쉬,메이크업,아이섀도우
라네즈,무드업 듀얼 아이섀도우 브러쉬,메이크업,아이섀도우
비레디,블루쿠션 SPF34/PA++ 15g,선케어,선크림
라네즈,블루쿠션 SPF34/PA++ 15g,선케어,선크림
비레디,시카페인 트러블리셋 세럼 40ml,스킨케어,세럼
라네즈,시카페인 트러블리셋 세럼 40ml,스킨케어,세럼
비레디,블루 수분 선크림 SPF50+/PA++++ 50ml,선케어,선크림
라네즈,블루 수분 선크림 SPF50+/PA++++ 50ml,선케어,선크림
비레디,프라이드업 아이브로우 0.6G,메이크업,아이브로우
라네즈,프라이드업 아이브로우 0.6G,메이크업,아이브로우
비레디,블루 세범 파우더 7g,건기식,기능성식품
라네즈,블루 세범 파우더 7g,건기식,기능성식품
비레디,시카페인 트러블리셋 토너 250ml,기타,미분류
라네즈,시카페인 트러블리셋 토너 250ml,기타,미분류
비레디,시카페인 트러블리셋 크림 70ml,스킨케어,크림
라네즈,시카페인 트러블리셋 크림 70ml,스킨케어,크림
비레디,블루 파운데이션 퍼프,기타,미분류
라네즈,블루 파운데이션 퍼프,기타,미분류
비레디,하이드로 스웻프루프 선크림 SPF50+/PA++++ 50ml,선케어,선크림
라네즈,하이드로 스웻프루프 선크림 SPF50+/PA++++ 50ml,선케어,선크림
비레디,에어리 헤어 페이스트 80g,건기식,기능성식품
라네즈,에어리 헤어 페이스트 80g,건기식,기능성식품
비레디,4.4,기타,미분류
라네즈,4.4,기타,미분류
비레디,시카페인 트러블리셋 클렌징폼 150g,건기식,기능성식품
라네즈,시카페인 트러블리셋 클렌징폼 150g,건기식,기능성식품
비레디,무드업 음영 아이팔레트 7g,건기식,기능성식품
라네즈,무드업 음영 아이팔레트 7g,건기식,기능성식품
비레디,생기 립밤 3g,스킨케어,크림
라네즈,생기 립밤 3g,스킨케어,크림
비레디,생기 립밤 3g,스킨케어,크림
라네즈,생기 립밤 3g,스킨케어,크림
비레디,생기 립밤 3g,스킨케어,크림
라네즈,생기 립밤 3g,스킨케어,크림
비레디,블루 파운데이션 3호,기타,미분류
라네즈,블루 파운데이션 3호,기타,미분류
비레디,블루 파운데이션 2호,기타,미분류
라네즈,블루 파운데이션 2호,기타,미분류
비레디,블루쿠션 3호 제프리,기타,미분류
라네즈,블루쿠션 3호 제프리,기타,미분류
비레디,블루쿠션 2호 라이언,기타,미분류
라네즈,블루쿠션 2호 라이언,기타,미분류
비레디,시카페인 트러블리셋 2종,기타,미분류
라네즈,시카페인 트러블리셋 2종,기타,미분류
비레디,블루 수분 선크림 SPF50+/PA++++,선케어,선크림
라네즈,블루 수분 선크림 SPF50+/PA++++,선케어,선크림
퍼즐우드,메타그린 칼로리컷 젤리 다이어트 기능성 젤리 혈당탄수화물컷,기타,미분류
퍼즐우드,메타그린 부스터샷 7일,기타,미분류
퍼즐우드,메타그린 슬림업 다이어트 비건 기능성,기타,미분류
퍼즐우드,메타그린 클린티 10입,기타,미분류
퍼즐우드,녹차에서 온 유산균,기타,미분류
퍼즐우드,슈퍼콜라겐 28입,기타,미분류
퍼즐우드,멀티비타민미네랄,기타,미분류
퍼즐우드,메타그린 효소 14입,기타,미분류
퍼즐우드,슈퍼레티놀 30포,기타,미분류
퍼즐우드,액티브 멀티팩,스킨케어,마스크팩
퍼즐우드,오메가케어 30일,기타,미분류
퍼즐우드,메타그린 슬림업,기타,미분류
퍼즐우드,슈퍼콜라겐 골드,기타,미분류
퍼즐우드,굿슬립 가바 365  식약처 인정 수면기능성,건기식,기능성식품
퍼즐우드,슈퍼콜라겐 프리미엄,기타,미분류
퍼즐우드,슈퍼에센셜,기타,미분류
퍼즐우드,트루아이,기타,미분류
퍼즐우드,슈퍼에센셜,기타,미분류
퍼즐우드,메타그린 골드 플러스,기타,미분류
퍼즐우드,명작수 골드,기타,미분류
퍼즐우드,명작수 골드,기타,미분류
퍼즐우드,메타그린 골드 플러스 패밀리 기획세트,기타,미분류
퍼즐우드,슈퍼콜라겐 골드,기타,미분류
퍼즐우드,NEW 슈퍼시카 B5,기타,미분류
퍼즐우드,액티브멀티팩 기획세트,스킨케어,마스크팩
퍼즐우드,리버프라임,기타,미분류
퍼즐우드,조이스텝 골드,기타,미분류
퍼즐우드,올인원 멀티팩,스킨케어,마스크팩
퍼즐우드,트루아이 기획세트,기타,미분류
퍼즐우드,조이스텝 골드,기타,미분류
퍼즐우드,슈퍼콜라겐 플래티넘,기타,미분류
퍼즐우드,슈퍼콜라겐 플래티넘,기타,미분류
퍼즐우드,슈퍼콜라겐 골드,기타,미분류
퍼즐우드,비타클렌즈,기타,미분류
퍼즐우드,굿슬립 가바 365,기타,미분류
퍼즐우드,올인원 멀티팩,스킨케어,마스크팩
퍼즐우드,슈퍼레티놀 30포,기타,미분류
퍼즐우드,메타그린 부스터샷 7일,기타,미분류
퍼즐우드,메타그린 슬림업 다이어트 비건 기능성,기타,미분류
퍼즐우드,슈퍼콜라겐 14입,기타,미분류
퍼즐우드,슈퍼콜라겐 28입X2개 + 월리 우프 무드등,기타,미분류
퍼즐우드,메타그린 슬림업 30일X3개 + 월리 뽀모도로 타이머 & 포스트카드,기타,미분류
퍼즐우드,슈퍼레티놀 기획세트,기타,미분류
퍼즐우드,슈퍼에센셜 기획세트,기타,미분류
퍼즐우드,리버프라임 105일,기타,미분류
퍼즐우드,오메가케어 3입세트,기타,미분류
퍼즐우드,NEW 슈퍼시카 B5,기타,미분류
퍼즐우드,메타그린 슬림업,기타,미분류
퍼즐우드,메타그린 슬림업,기타,미분류
퍼즐우드,메타그린 부스터샷 7일,기타,미분류
퍼즐우드,메타그린 부스터샷 7일,기타,미분류
퍼즐우드,메타그린 효소,기타,미분류
퍼즐우드,메타그린 부스터샷 7일,기타,미분류
퍼즐우드,메타그린 부스터샷 7일,기타,미분류
퍼즐우드,메타그린 클린티 10입,기타,미분류
퍼즐우드,슈퍼레티놀 30포,기타,미분류
퍼즐우드,슈퍼콜라겐 28입,기타,미분류
퍼즐우드,슈퍼에센셜 28입,기타,미분류
퍼즐우드,메타그린 슬림업,기타,미분류
퍼즐우드,메타그린 골드 플러스 패밀리기획,기타,미분류
퍼즐우드,메타그린 칼로리컷 젤리,기타,미분류
퍼즐우드,녹차에서 온 유산균,기타,미분류
퍼즐우드,메타그린 슬림업,기타,미분류
퍼즐우드,프로바이오틱스 골드,기타,미분류
퍼즐우드,프로바이오틱스&이뮨,기타,미분류
마몽드,BEST 플로라 글로우 로즈 리퀴드 마스크 80ml,스킨케어,마스크팩
마몽드,프로바이오틱스 세라마이드 앰플 마스크팩 23ml,스킨케어,마스크팩
마몽드,BEST 어메이징 딥 민트 클렌징밤 90ml,스킨케어,크림
마몽드,프로바이오틱스 세라마이드 2종 세트,기타,미분류
마몽드,에이지 컨트롤 카멜리아 앰플 마스크팩 23ml,스킨케어,마스크팩
마몽드,에이지 컨트롤 카멜리아 크림 50ml,스킨케어,크림
마몽드,어메이징 딥 민트 클렌징 티슈 70매,기타,미분류
마몽드,프로바이오틱스 세라마이드 에멀젼 150ml,기타,미분류
마몽드,프로바이오틱스 세라마이드 인텐스 크림 60ml,스킨케어,크림
마몽드,플로라 글로우 로즈 워터 토너 500ml 500ml,기타,미분류
마몽드,BEST 카밍 샷 아줄렌 흔적 수분 앰플 50ml,스킨케어,앰플
마몽드,4.8,기타,미분류
마몽드,세라마이드 아미노 폼 120g,건기식,기능성식품
마몽드,맨 리차징 로션 150ml,기타,미분류
마몽드,카밍 샷 아줄렌 앰플 마스크팩 23ml,스킨케어,마스크팩
마몽드,프로바이오틱스 세라마이드 스킨소프너 200ml,기타,미분류
마몽드,플로라 글로우 로즈 앰플 마스크팩 23ml,스킨케어,마스크팩
마몽드,맨 리차징 토너 180ml,기타,미분류
마몽드,에이지 컨트롤 카멜리아 에멀젼 125ml,기타,미분류
마몽드,에이지 컨트롤 카멜리아 세럼 50ml,스킨케어,세럼
마몽드,어메이징 딥 민트 클렌징밤 180ml,스킨케어,크림
마몽드,맨 리차징 2종 세트,기타,미분류
마몽드,카밍 샷 아줄렌 크림 60ml,스킨케어,크림
마몽드,어메이징 딥 민트 클렌징폼 120ml,기타,미분류
마몽드,에이지 컨트롤 카멜리아 에센스 워터 150ml,스킨케어,에센스
마몽드,플로라 글로우 로즈 워터 토너 300ml,기타,미분류
마몽드,카밍 샷 아줄렌 선크림 SPF50+PA++++ 35ml,선케어,선크림
마몽드,포어 슈링커 바쿠치올 레티놀 토너 200ml,기타,미분류
마몽드,플로라 글로우 로즈 스무딩 크림 50ml,스킨케어,크림
마몽드,포어 슈링커 바쿠치올 크림 60ml,스킨케어,크림
마몽드,포어 슈링커 바쿠치올 세럼 50ml,스킨케어,세럼
마몽드,어메이징 딥 민트차콜릿 클렌징밤 90ml,스킨케어,크림
마몽드,에이지 컨트롤 카멜리아 2종 세트,기타,미분류
마몽드,어메이징 딥 민트차콜릿 팩클렌저 135g,스킨케어,마스크팩
마몽드,플로라 글로우 로즈 틴티드 선세럼 35ml,스킨케어,세럼
마몽드,좋아요,기타,미분류
마몽드,좋아요,기타,미분류
마몽드,플로라글로우 로즈 볼마스크 3.5ml,스킨케어,마스크팩
마몽드,에이지컨트롤 카멜리아 크림 50ml X2개,스킨케어,크림
마몽드,사은품,기타,미분류
마몽드,카밍 샷 아줄렌 흔적 수분 앰플 50ml X2개,스킨케어,앰플
마몽드,어메이징 딥 민트 클렌징밤 90ml X2개,스킨케어,크림
마몽드,플로라글로우 로즈 리퀴드 마스크 80ml X2개,스킨케어,마스크팩
마몽드,플로라글로우 로즈 하이드로겔 마스크,스킨케어,마스크팩
마몽드,플로라글로우 로즈 볼마스크 3.5ml,스킨케어,마스크팩
마몽드,NEW 플로라글로우 로즈 슬리핑 마스크 80g,스킨케어,마스크팩
마몽드,플로라글로우 로즈 하이드로겔 마스크,스킨케어,마스크팩
마몽드,플로라 글로우 로즈 볼마스크 3.5ml,스킨케어,마스크팩
마몽드,NEW 오리지널 레시피 허니 모델링팩  66g,스킨케어,마스크팩
마몽드,NEW 카밍샷 아줄렌 모델링팩  66g,스킨케어,마스크팩
마몽드,프로바이오틱스 세라마이드 앰플 마스크팩,스킨케어,마스크팩
마몽드,카밍 샷 아줄렌 앰플 마스크팩,스킨케어,마스크팩
마몽드,에이지 컨트롤 카멜리아 앰플 마스크팩,스킨케어,마스크팩
마몽드,플로라글로우 로즈 앰플 마스크팩,스킨케어,마스크팩
마몽드,프로바이오틱스 세라마이드 에멀젼,기타,미분류
마몽드,프로바이오틱스 세라마이드 스킨소프너,기타,미분류
마몽드,맨 리차징 토너,기타,미분류
마몽드,에이지 컨트롤 카멜리아 크림,스킨케어,크림
마몽드,에이지 컨트롤 카멜리아 세럼,스킨케어,세럼
마몽드,카밍 샷 아줄렌 토너 300ml,기타,미분류
마몽드,플로라글로우 로즈 앰플 마스크팩,스킨케어,마스크팩
마몽드,에이지 컨트롤 카멜리아 앰플 마스크팩,스킨케어,마스크팩
마몽드,카밍 샷 아줄렌 앰플 마스크팩,스킨케어,마스크팩
마몽드,프로바이오틱스 세라마이드 앰플 마스크팩,스킨케어,마스크팩
마몽드,어메이징 딥 민트 클렌징폼,기타,미분류
마몽드,포어 슈링커 바쿠치올 세럼 50ml,스킨케어,세럼
오설록,"22,400원",기타,미분류
오설록,"11,700원",기타,미분류
오설록,"13,300원",기타,미분류
오설록,"5,400원",기타,미분류
오설록,"22,500원",기타,미분류
오설록,"21,850원",기타,미분류
오설록,"5,700원",기타,미분류
오설록,"12,600원",기타,미분류
오설록,"13,300원",기타,미분류
오설록,"9,900원",기타,미분류
오설록,"5,700원",기타,미분류
오설록,"10,450원",기타,미분류
오설록,"9,900원",기타,미분류
오설록,"21,600원",기타,미분류
오설록,"26,250원",기타,미분류
오설록,"11,000원",기타,미분류
오설록,"11,700원",기타,미분류
오설록,"27,000원",기타,미분류
오설록,"9,900원",기타,미분류
오설록,"9,900원",기타,미분류
오설록,"9,500원",기타,미분류
오설록,"23,750원",기타,미분류
오설록,"11,700원",기타,미분류
오설록,"15,300원",기타,미분류
오설록,"11,000원",기타,미분류
오설록,"24,000원",기타,미분류
오설록,"24,300원",기타,미분류
오설록,"11,000원",기타,미분류
오설록,"9,900원",기타,미분류
오설록,"8,550원",기타,미분류
오설록,"9,900원",기타,미분류
오설록,"45,900원",기타,미분류
오설록,"13,300원",기타,미분류
오설록,"9,900원",기타,미분류
오설록,"27,000원",기타,미분류
오설록,"12,350원",기타,미분류
오설록,"9,900원",기타,미분류
오설록,"14,850원",기타,미분류
오설록,"9,900원",기타,미분류
오설록,"17,550원",기타,미분류
오설록,"17,550원",기타,미분류
오설록,"9,900원",기타,미분류
오설록,"24,300원",기타,미분류
오설록,"8,550원",기타,미분류
오설록,"14,850원",기타,미분류
오설록,"14,850원",기타,미분류
오설록,"24,300원",기타,미분류
오설록,"9,900원",기타,미분류
오설록,"66,300원",기타,미분류
오설록,"54,400원",기타,미분류
오설록,"9,900원",기타,미분류
오설록,"14,850원",기타,미분류
오설록,"9,000원",기타,미분류
오설록,"11,000원",기타,미분류
오설록,"24,300원",기타,미분류
오설록,"9,900원",기타,미분류
오설록,"24,300원",기타,미분류
오설록,"38,000원",기타,미분류
오설록,"8,000원",기타,미분류
오설록,"17,550원",기타,미분류
오설록,"24,300원",기타,미분류
오설록,"10,450원",기타,미분류
오설록,"7,200원",기타,미분류
오설록,"7,200원",기타,미분류
오설록,"9,900원",기타,미분류
오설록,"9,900원",기타,미분류
오설록,"16,650원",기타,미분류
오설록,"13,300원",기타,미분류
오설록,"14,250원",기타,미분류
오설록,"12,375원",기타,미분류
오설록,"93,500원",기타,미분류
오설록,"12,600원",기타,미분류
오설록,"14,850원",기타,미분류
오설록,"14,850원",기타,미분류
오설록,"7,200원",기타,미분류
오설록,"14,850원",기타,미분류
오설록,"12,375원",기타,미분류
오설록,"12,375원",기타,미분류
오설록,"14,850원",기타,미분류
오설록,"14,850원",기타,미분류
오설록,"9,900원",기타,미분류
오설록,"24,300원",기타,미분류
오설록,"14,850원",기타,미분류
오설록,"12,600원",기타,미분류
오설록,"24,300원",기타,미분류
오설록,"14,850원",기타,미분류
오설록,"24,300원",기타,미분류
오설록,"24,300원",기타,미분류
오설록,"24,300원",기타,미분류
오설록,"12,600원",기타,미분류
오설록,"127,500원",기타,미분류
오설록,"14,850원",기타,미분류
오설록,"14,850원",기타,미분류
오설록,"11,700원",기타,미분류
오설록,"37,800원",기타,미분류
오설록,"39,000원",기타,미분류
오설록,"30,000원",기타,미분류
오설록,"9,500원",기타,미분류
오설록,"13,300원",기타,미분류
오설록,"11,700원",기타,미분류
오설록,"11,700원",기타,미분류
오설록,"11,000원",기타,미분류
오설록,"15,200원",기타,미분류
오설록,"19,800원",기타,미분류
오설록,"15,200원",기타,미분류
려,함빛/청아/흑운/민감 샴푸&컨디셔너 480ml,기타,미분류
려,루트젠 탈모증상전문케어 두피 에센스 80ml,스킨케어,에센스
려,두피 편한 검은콩 염색 120g,건기식,기능성식품
려,자양윤모 9ex 탈모증상전문케어 샴푸 400ml,기타,미분류
려,루트젠 여성 맞춤 탈모증상전문케어 샴푸 515ml,기타,미분류
려,헤어쿠션  7g,건기식,기능성식품
려,루트젠 여성 맞춤 탈모증상전문케어 샴푸 리필팩 400ml,스킨케어,마스크팩
려,댄트롤 비듬샴푸 박하/멘톨/애플 820ml,기타,미분류
려,루트젠 남성 맞춤 탈모증상전문케어 샴푸 515ml,기타,미분류
려,진생보 두피모발영양 샴푸/컨디셔너 400ml,기타,미분류
려,자양윤모 9이엑스 탈모증상전문케어 모근강화 트리트먼트 330ml,기타,미분류
려,루트젠 여성 맞춤 탈모증상전문케어 트리트먼트 515ml,기타,미분류
려,명품 에이치비엑스 탈모증상완화 앰플 샴푸 500ml,스킨케어,앰플
려,루트젠 두피코어강화 아쿠아필 두피토닉 100ml,기타,미분류
려,루트젠 두피코어강화 두피청정샴푸 515ml,기타,미분류
려,함빛 극손상 앤 영양 트리트먼트 300ml,기타,미분류
려,자양윤모 탈모전문케어 경주달밤/여수하늘 트리트먼트 200ml,기타,미분류
려,루트젠 탈모증상전문케어 헤어볼륨필러 150ml,기타,미분류
려,루트젠 두피코어강화 두피 청정샴푸,건기식,기능성식품
려,자양윤모 9이엑스 탈모증상전문케어 모근강화 트리트먼트,기타,미분류
려,자양윤모 탈모증상전문케어 샴푸 지성두피용,기타,미분류
려,루트젠 남성 맞춤 탈모증상전문케어 샴푸,기타,미분류
려,루트젠 탈모케어 트리플샷 두피리페어 세럼 60ml,스킨케어,세럼
려,루트젠 두피코어강화 아쿠아필 두피토닉,기타,미분류
려,루트젠 탈모증상전문케어 두피 에센스,스킨케어,에센스
려,진생보 두피모발영양 샴푸 400ml,기타,미분류
려,루트젠 여성 맞춤 탈모증상전문케어 샴푸,기타,미분류
려,루트젠 여성 맞춤 탈모증상전문케어 샴푸,기타,미분류
려,루트젠 여성 맞춤 탈모증상전문케어 샴푸+두피에센스,스킨케어,에센스
려,루트젠 여성 맞춤 탈모증상전문케어 샴푸+리필,기타,미분류
려,루트젠 탈모증상전문케어 여성 샴푸+남성 샴푸,기타,미분류
려,루트젠 여성 맞춤 탈모증상전문케어 샴푸+트리트먼트,기타,미분류
려,우아채 영양새치염색  120g,건기식,기능성식품
설화수,자음2종 세트,기타,미분류
설화수,순행클렌징폼 200ml,기타,미분류
설화수,탄력3종 세트,기타,미분류
설화수,탄력크림 단품세트 75ml,스킨케어,크림
설화수,순행클렌징오일 200ml,기타,미분류
설화수,본윤 데일리 루틴,기타,미분류
설화수,탄력크림 단품세트 75ml,스킨케어,크림
설화수,자음생2종 세트,기타,미분류
설화수,윤조에센스 6세대 단품세트 90ml,스킨케어,에센스
설화수,,기타,미분류
설화수,자음유액 EX 125ml,기타,미분류
설화수,윤조에센스 6세대,스킨케어,에센스
설화수,자음수 EX 150ml,기타,미분류
설화수,상백톤업선크림 SPF50+/PA++++ 50ml,선케어,선크림
설화수,옥용팩 120ml,스킨케어,마스크팩
설화수,자음생아이크림 15ml,스킨케어,크림
설화수,퍼펙팅 쿠션 SPF50+/PA+++ 15g,선케어,선크림
설화수,퍼펙팅 쿠션 에어리 SPF50+/PA+++,선케어,선크림
설화수,여윤팩 120ml,스킨케어,마스크팩
설화수,퍼펙팅 쿠션 에어리 SPF50+/PA+++ 15g,선케어,선크림
설화수,퍼펙팅 립컬러,기타,미분류
설화수,탄력크림 EX 75ml,스킨케어,크림
설화수,윤조마스크 5매,스킨케어,마스크팩
설화수,윤조립밤 3g,스킨케어,크림
설화수,상백선크림 SPF50+/PA++++ 50ml,선케어,선크림
설화수,퍼펙팅 트윈 케이크,기타,미분류
설화수,진설수유액 2종 세트,기타,미분류
설화수,본윤선크림 SPF50+/PA++++ 50ml,선케어,선크림
설화수,퍼펙팅 쿠션 SPF50+/PA+++,선케어,선크림
설화수,자음생크림 리치 단품세트 50ml,스킨케어,크림
설화수,자음생유액 125ml,기타,미분류
설화수,탄력크림 EX 50ml,스킨케어,크림
설화수,NEW 자음생클렌징폼 150g,건기식,기능성식품
설화수,자음생앰플 20g,스킨케어,앰플
설화수,자음생캡슐세럼 단품세트,스킨케어,세럼
설화수,자음생캡슐세럼 50ml,스킨케어,세럼
설화수,백삼팩 120ml,스킨케어,마스크팩
설화수,자음생수 150ml,기타,미분류
설화수,자음생마스크EX 5매,스킨케어,마스크팩
설화수,본윤에센스 140ml,스킨케어,에센스
설화수,시그니처 진생 페이셜 솝 1입 120g,건기식,기능성식품
설화수,상백선플루이드 SPF50+/PA+++ 50ml,선케어,선크림
설화수,퍼펙팅 파우더 20g,건기식,기능성식품
설화수,본윤유액 90ml,기타,미분류
설화수,자음생크림 단품세트 50ml,스킨케어,크림
설화수,퍼펙팅 쿠션 에어리 SPF50+/PA+++,선케어,선크림
설화수,시그니처 진생 페이셜 솝 2입 120g*2,건기식,기능성식품
설화수,진설유액 125ml,기타,미분류
설화수,,스킨케어,크림
설화수,자음생세럼 브라이트닝 50ml,스킨케어,세럼
설화수,진설크림 60ml,스킨케어,크림
설화수,진설클렌징폼 150g,건기식,기능성식품
설화수,퍼펙팅 스킨커버,기타,미분류
설화수,자음생캡슐세럼 30ml,스킨케어,세럼
설화수,자음생크림 30ml,스킨케어,크림
설화수,진설수 150ml,기타,미분류
설화수,자음생크림 리치 30ml,스킨케어,크림
설화수,진설세럼 50ml,스킨케어,세럼
설화수,퍼펙팅 쿠션 에어리 트리플  SPF50+/PA+++,선케어,선크림
설화수,퍼펙팅 쿠션 트리플  SPF50+/PA+++,선케어,선크림
설화수,자음생크림 리치 50ml,스킨케어,크림
설화수,자음생크림 50ml,스킨케어,크림
설화수,퍼펙팅 쿠션 SPF50+/PA+++,선케어,선크림
설화수,진설크림 60ml,스킨케어,크림
설화수,자음생앰플 브라이트닝 20g,스킨케어,앰플
설화수,진설크림 리치 60ml,스킨케어,크림
설화수,자음생세럼 브라이트닝 30ml,스킨케어,세럼
설화수,퍼펙팅 틴티드 크림 35ml,스킨케어,크림
설화수,퍼펙팅 베일 프라이머 35ml,기타,미분류
설화수,자음생크림 리치 30ml + 월리 우프 무드등,스킨케어,크림
설화수,윤조에센스 90ml 세트 + 월리 우프 무드등,스킨케어,에센스
설화수,자음생크림 리치 50ml 단품기획세트,스킨케어,크림
설화수,윤조에센스 6세대 90ml 단품기획세트,스킨케어,에센스
설화수,퍼펙팅 트윈 케이크 11g,건기식,기능성식품
설화수,윤조에센스 6세대 기프트박스 30ml,스킨케어,에센스
설화수,진설크림 리치 60ml,스킨케어,크림
설화수,진설세럼 30ml,스킨케어,세럼
설화수,진설크림 30ml,스킨케어,크림
설화수,퍼펙팅 파운데이션 SPF17/PA+ 35ml,선케어,선크림
