tone_id,description_preview,full_description,model_used
Scientific,Scientific 톤은 객관적인 연구 데이터와 임상 실험 결과를 바탕으로 제품의 효능을 ...,"Scientific 톤은 객관적인 연구 데이터와 임상 실험 결과를 바탕으로 제품의 효능을 논리적으로 입증하는 신뢰 중심의 톤이다. 
    감정보다는 이성에 호소하며, '메커니즘', '특허 기술', '솔루션', '수치 검증', '성분 분석'과 같은 전문적인 어휘를 사용하여 
    제품의 확실한 효과와 기술적 우위를 명확하고 분석적으로 전달한다.",models/text-embedding-004
Emotional,Emotional 톤은 고객의 일상과 감정에 깊이 공감하며 따뜻한 위로와 행복을 전하는 감...,"Emotional 톤은 고객의 일상과 감정에 깊이 공감하며 따뜻한 위로와 행복을 전하는 감성 스토리텔링 톤이다. 
    기능적 설명보다는 마음을 움직이는 데 집중하며, '소중한 당신', '기분 좋은 휴식', '사랑스러운', '함께하는 추억', '마음의 선물'과 같은 
    부드럽고 서정적인 어휘를 통해 브랜드와 고객 사이의 정서적 유대감을 형성한다.",models/text-embedding-004
Luxury,Luxury 톤은 압도적인 품격과 희소성을 강조하여 브랜드의 프리미엄 가치를 전달하는 고품...,"Luxury 톤은 압도적인 품격과 희소성을 강조하여 브랜드의 프리미엄 가치를 전달하는 고품격 톤이다. 
    오랜 헤리티지와 장인정신, 그리고 남들과 다른 특별함을 부각한다. 
    '시간을 초월한 걸작', '고귀한 가치', '노블레스', '최상의 경험', '압도적 아우라' 등 
    무게감 있고 세련된 어휘를 통해 고객에게 프라이빗하고 특별한 대우를 받는다는 느낌을 선사한다.",models/text-embedding-004
Casual,Casual 톤은 옆집 친구처럼 친근하고 솔직한 화법으로 부담 없이 소통하는 일상적이고 활...,"Casual 톤은 옆집 친구처럼 친근하고 솔직한 화법으로 부담 없이 소통하는 일상적이고 활기찬 톤이다. 
    복잡한 격식 대신 쉽고 간결한 구어체를 사용하며 유머와 재치를 곁들인다. 
    '진짜 꿀팁', '완전 강추', '가성비 대박', '솔직 후기', '그냥 써봐'처럼 
    트렌디하고 가벼운 표현을 통해 고객과 즉각적이고 가까운 관계를 맺는다.",models/text-embedding-004
