상품명,가격,할인율,평점
래디언스 리설페이싱 필 12매,"48,000",,4.9
뉴트리 엘릭서 미스트 140ml,"58,000",,4.8
코어 리프트 액티베이팅 세럼 140ml,"105,000",,4.8
울트라 너리싱 어드밴스드 크림,"220,000",,4.8
엘리멘탈 스무딩 로션 110ml,"55,000",,4.8
리디파이닝 클렌징 밀크 200ml,"46,000",,4.9
뉴트리 엘릭서 미스트 140ml,"58,000",,4.8
래디언스 리설페이싱 필 12매,"48,000",,4.9
릴랙스드 풋 트리트먼트 크림 130ml,"35,000",,4.8
엘리멘탈 스무딩 로션 110ml,"55,000",,4.8
코어 리프트 액티베이팅 세럼 140ml,"105,000",,4.8
마이크로 밸런싱 에센스 150ml,"52,000",,4.9
컨센트레이트 시그니처 크림 라이트 80ml,"98,000",,4.8
클린테라피 파우더 마스크 (8입),"125,000",,4.9
울트라 너리싱 어드밴스드 크림,"220,000",,4.8
뉴트리 엘릭서 미스트 140ml,"58,000",,
뉴트리 엘릭서 미스트 홀리데이 기획 세트,"58,000",,
울트라 너리싱 어드밴스드 토너 150ml,"78,000",,4.7
[한정판매] 뉴트리 엘릭서 바디 프라그랑스 미스트 100ml,"58,000",,4.7
리디파이닝 클렌징 밀크 200ml,"46,000",,4.9
프로 리프팅 앤 퍼밍 프로그램 (8회분),"150,000",,4.8
릴랙스드 풋 트리트먼트 크림 130ml,"35,000",,4.8
리디파이닝 앰플 4주 프로그램 (5ml*20ea),"280,000",,4.8
울트라 너리싱 어드밴스드 크림,"220,000",,4.8
클린테라피 파우더 마스크 (8입),"125,000",,4.9
코어 리프트 액티베이팅 세럼 140ml,"105,000",,4.8
"46,000원리디파이닝 클렌징 밀크 200ml4.9(156)NEW좋아요","46,000",,4.9
"58,000원뉴트리 엘릭서 미스트 140ml4.8(565)좋아요","58,000",,4.8
"48,000원래디언스 리설페이싱 필 12매4.9(1,325)좋아요","48,000",,4.9
"35,000원릴랙스드 풋 트리트먼트 크림 130ml4.8(221)NEW좋아요","35,000",,4.8
"55,000원엘리멘탈 스무딩 로션 110ml4.8(392)좋아요","55,000",,4.8
"105,000원코어 리프트 액티베이팅 세럼 140ml4.8(1,162)좋아요","105,000",,4.8
"52,000원마이크로 밸런싱 에센스 150ml4.9(331)좋아요","52,000",,4.9
"98,000원컨센트레이트 시그니처 크림 라이트 80ml4.8(267)좋아요","98,000",,4.8
"125,000원클린테라피 파우더 마스크 (8입)4.9(282)좋아요","125,000",,4.9
"220,000원울트라 너리싱 어드밴스드 크림4.8(127)좋아요","220,000",,4.8
"70,000원피토 리쥬브네이팅 컨센트레이트 30ml4.8(331)좋아요","70,000",,4.8
"280,000원리디파이닝 앰플 4주 프로그램 (5ml*20ea)4.8(44)좋아요","280,000",,4.8
"140,000원파워 리뉴얼 키트 (히알루로닉 볼륨 부스터+링클 리설페이싱 코렉터)4.8(103)좋아요","140,000",,4.8
"58,000원뉴트리 엘릭서 미스트 홀리데이 기획 세트좋아요","58,000",,
"82,000원울트라 너리싱 어드밴스드 에멀전 120ml4.9(45)좋아요","82,000",,4.9
"78,000원울트라 너리싱 어드밴스드 토너 150ml4.7(13)좋아요","78,000",,4.7
"58,000원[한정판매] 뉴트리 엘릭서 바디 프라그랑스 미스트 100ml4.7(57)NEW좋아요","58,000",,4.7
"Sold out150,000원프로 리프팅 앤 퍼밍 프로그램 (8회분)4.8(107)좋아요","150,000",,4.8
"Sold out86,000원미라클 타임 20포4.7(191)좋아요","86,000",,4.7
