상품명,가격,할인율,평점,용량,원재료명 및 함량,영양성분,URL
프리미엄 티 컬렉션 10종 (원산지:상세설명참조),"22,400원",30%,4.9,40입(10종x4입),"•제품명 : 오설록 제주 순수녹차 •원재료명 : 녹차(제주산) 100% •제품명 : 오설록 삼다 꿀배 티 •원재료명 : 후발효차(제주산),설탕,배향향료제제(합성향료,주정,천연향료,젖산,프로필렌글리콜,정제수),꿀분말(꿀(국산)),배농축혼합분말(배(국산)) •제품명 : 오설록 피치 블랙티 •원재료명 : 홍차(제주산53.85%,인도산46.15%),후발효차(제주산),설탕,천연향료,산복숭아원액(산복숭아(국산)) [복숭아 함유] •제품명 : 제주 삼다 영귤 티 •원재료명 : 후발효차(제주산),설탕,천연향료,후발효차열수추출물(제주산),영귤분말(제주산) •제품명 : 오설록 제주 동백꽃 티 •원재료명 : 후발효차(제주산),홍차(제주산),설탕,향료(동백꽃향),후발효차열수추출물(제주산),동백꽃(제주산) •제품명 : 오설록 마롱 글라세 블랙티 •원재료명 : 홍차(인도산88.1%,제주산11.9%),설탕,향료(단팥향),밀크향향료제제(주정,합성향료,젖산),밤분말(밤(국산)),향료(알밤향) •제품명 : 오설록 유자 얼그레이 •원재료명 : 홍차(인도산82.88%,제주산17.12%),후발효차(제주산),천연향료(시트러스 베르가못향),후발효차열수추출물(제주산),유자필분말(국산) •제품명 : 오설록 피치 캐모마일 •원재료명 : 캐모마일(크로아티아산),레몬그라스(이집트산),설탕,히비스커스(나이지리아산),기타가공품(함수결정포도당,효소처리스테비아,잔탄검),건조레몬,향료(백도향),복숭아과즙분말(복숭아과즙농축액(국산)) [복숭아 함유] •제품명 : 오설록 스윗 히비스커스 •원재료명 : 히비스커스(나이지리아산),기타가공품(함수결정포도당,효소처리스테비아,잔탄검),건조레몬(제주산),스피어민트(미국산),페퍼민트,시나몬 •제품명 : 오설록 무화과 쇼콜라 블랙티 •원재료명 : 홍차(인도산65.36%,제주산34.64%),후발효차(제주산),설탕,카카오닙스(페루산),향료1(무화과향),향료2(무화과향),무화과분말(무화과(국산))",해당사항없음,https://www.amoremall.com/kr/ko/product/detail?onlineProdSn=58962
제주 말차 밀크티 10입 (원산지:상세설명참조),"11,700원",10%,4.9,200g(20gx10입),"라떼베이스[설탕,식물성크림1{야자경화유(외국 산)}, 식물성크림2{야자경화유(외국산)}, 혼합분유(네덜란드산), 식물성크림3], 녹차(제주산), 정제소금, 향료(말차향) [우유, 대두 함유]",내용물 중량 스틱 1포 20g 카페인 54.7mg 열량 84.76 kcal 탄수화물 16.47g 당류 13.08g,https://www.amoremall.com/kr/ko/product/detail?onlineProdSn=63136
그린티 딸기 랑드샤 (원산지:상세설명참조) 90g,"13,300원",5%,4.8,90g (9g*10입),"설탕, 박력분(밀:미국산), 마가린[식물성유지(팜유:말레이시아산),가공유지(팜스테아린에스테르화유:말레이시아산),유화제,정제소금,레시틴], 난백액(계란:국산), 아몬드분말, 혼합분유(전지분유,유청분말,우유단백질), 버터, 쇼트닝(가공유지,동물성유지,식물성유지,유화제), 식물성유지, 녹차가루(제주산), 딸기분말(딸기:국산), 정제소금, 향료1(바닐라향), 향료2(딸기향), 혼합제제[정제수,프로필렌글리콜,혼합제제(코치닐추출색소,적양배추색소),치자황색소], 구연산 / 달걀, 우유, 대두, 밀, 쇠고기 함유","총 내용량 90g(515kcal), 나트륨 170mg(9%), 탄수화물 48g(15%), 당류 24g(24%), 지방 33g(61%), 트랜스지방 0.5g 미만, 포화지방 17g(113%), 콜레스테롤 25mg(8%), 단백질 7g(13%)",https://www.amoremall.com/kr/ko/product/detail?onlineProdSn=66052
말차 프레첼 70g (원산지:상세설명참조),"5,400원",10%,4.8,70g,"식물성크림[설탕, 가공유지(수소첨가유/말레이시아산), 혼합분유(벨기에산), 유당, 말차가루(녹차100%/제주산)], 과자(루마니아산/밀가루, 팜유, 옥수수전분, 요오드화소금, 엿기름추출물)   / 밀, 대두, 우유, 아황산류 함유","총 내용량 70g(330kcal), 나트륨 320mg(16%), 탄수화물 47g(15%), 당류 19g(19%), 지방 13g(24%), 트랜스지방 0g, 포화지방 13g(87%), 콜레스테롤 0mg (0%), 단백질 5g(9%)",https://www.amoremall.com/kr/ko/product/detail?onlineProdSn=60830
티 베리에이션 O 6종 (원산지:상세설명참조),"22,500원",25%,4.9,총 72g / 36입 (6종 x 6입),"•제품명 : 오설록 제주 순수녹차•원재료명 : 녹차(제주산) 100%•제품명 : 오설록 삼다 꿀배 티•원재료명 : 후발효차(제주산), 설탕, 배향향료제제(합성향료, 주정, 천연향료, 젖산, 프로필렌글리콜, 정제수), 꿀분말(꿀(국산)), 배농축혼합분말(배(국산))•제품명 : 오설록 제주 삼다 영귤 티•원재료명 : 후발효차(제주산), 설탕, 후발효차열수추출물(제주산), 향료(영귤향), 제주영귤분말(제주귤피(제주산), 제주영귤(제주산))•제품명 : 오설록 제주 동백꽃 티•원재료명 : 후발효차( 제주산), 홍차(제주산),설탕, 향료 (동백꽃향), 후발효차열수추출물(제주산), 동백꽃(제주산)•제품명 : 오설록 트로피컬 블랙티•원재료명 : 녹차(제주산), 홍차(제주산), 후발효차(제주산), 향료(복숭아향), 망고과즙분말•제품명 : 오설록 바닐라 허니 블랙티•원재료명 : 홍차(인도산83.7%, 제주산16.3%),후발효차(제주산), 꿀과립(포도당, 효소처리스테비아, 사양벌꿀(국산)), 향료(프렌치바닐라향), 후발효차열수추출물, 바닐라추출물, 스테비아",해당사항없음,https://www.amoremall.com/kr/ko/product/detail?onlineProdSn=61654
프리미엄 말차 40g (원산지:상세설명참조),"21,850원",5%,4.8,40 g,유기농 녹차 (제주산) 100%,해당사항없음,https://www.amoremall.com/kr/ko/product/detail?onlineProdSn=56053
그린티 웨하스 100g (원산지:상세설명참조),"5,700원",5%,4.8,100g,"밀가루(밀:호주산, 미국산), 야자유, (외국 산/말레이시아, 필리핀, 인도네시아 등), 설탕, 유청(프랑스산), 포도당, 덱스트린, 전지분유, 유당, 녹차가루(국산), 유화제, 해바라기유, 정제소금, 산도조절제1, 산도 조절제2 밀,대두,우유함유","총 내용량 100g(520kcal), 나트륨 165mg(8%), 탄수화물 65g(20%), 당류 30g(30%), 지방 26g(48%), 트랜스지방 0g, 포화지방 20.2g(135%), 콜레스테롤 2.9mg(1%), 단백질 6.6g(12%)",https://www.amoremall.com/kr/ko/product/detail?onlineProdSn=52994
말차 비스코티 칩 100g (원산지:상세설명참조),"12,600원",10%,4.6,100g (50g*2개),"우유(원유 100%,국산),우리밀통밀 (밀:국산),비정제유기농사탕수수 11.6%,코코넛분말(필리핀산),아몬드,호두분태,해바라기씨앗,캐슈넛,유기농아가베시럽 2.6%,유기농 말차가루 1.8%(녹차:국산),혼합제제1(덱스트린,홍화황색소,L-아스코브산나트륨,치자청색소,비타민C,폴리인산나트륨),혼합제제2(탄산수소나트륨,옥수수전분),식염 / 밀, 우유, 호두 함유","총 내용량:100 g(495 kcal) 나트륨 435mg(22%), 탄수화물 60g(19%), 당류 25g(25%), 지방 22g(41%), 트랜스지방 0g, 포화지방 10g(67%), 콜레스테롤 7mg(2%), 단백질 14g(25%)",https://www.amoremall.com/kr/ko/product/detail?onlineProdSn=64109
그린티 랑드샤 10입 (원산지:상세설명참조),"13,300원",5%,4.8,100g(10g X 10ea),"식물성크림[백설탕, 혼합식용유(채종유(호주산)), 채종유(호주산), 전지분유, 탈지분유, 유청분말, 녹차가루(제주산), 레시틴, 글리세린지방산에스테르, 바닐린], 박력분(밀: 미국산), 백설탕, 마가린[식물성유지(팜유(말레이시아산)), 가공유지(야자에스테르화유(외국산:인도네시아, 필리핀, 말레이시아 등)), 정제수, 가공버터, 기타가공품, 유화제, 레시틴, 혼합제제(식물성유지, 베타카로틴(착색료), DL-알파-토코페롤), 합성향료(버터향, 바닐라향), 구연산], 난백액, 아몬드분말, 무염버터, 녹차가루(제주산), 정제소금, 바닐린, 계란, 대두, 밀, 우유 함유",상세페이지참고,https://www.amoremall.com/kr/ko/product/detail?onlineProdSn=53004
제주 순수 녹차 20입 (원산지:상세설명참조),"9,900원",10%,4.9,2 gx20입 (40g),원재료명 : 유기농 녹차 (제주산) 100% 유기농인증번호 : 제 12800178호,해당사항없음,https://www.amoremall.com/kr/ko/product/detail?onlineProdSn=53002
프리미엄 녹차와플 72g (원산지:상세설명참조),"5,700원",5%,4.7,72g,"밀가루(밀:호주,미국산), 설탕, 쇼트닝(콜롬비아산), 쌀가루(쌀:중국산), 가공버터, 전란액, 녹차가루(국산), 당류가공품, 유청분말, 정제소금, 향료(밀크향), 레시틴, 제일인산칼슘, 기타가공품 [달걀, 우유, 대두, 밀 함유]",총 내용량 72 g 350 ㎉ 나트륨 180 ㎎ 9 % 탄수화물 50 g 15 % 당류 21 g 21 % 지방 15 g 28 % 트랜스지방 0 g 포화지방 8 g 53 % 콜레스테롤 15 mg 5 % 단백질 4 g 7 %,https://www.amoremall.com/kr/ko/product/detail?onlineProdSn=52996
제주섬 녹차 초콜릿바 120g (원산지:상세설명참조),"10,450원",5%,4.7,120g(40g X 3ea),"다크쉘초콜릿[설탕,가공유지(분별유)(싱가포르산),코코아매스(스페인산),코코아분말(말레이시아산),혼합분유],녹차센터크림[설탕,가공유지1(분별유)(싱 가포르산),가공유지2(분별유)(팜분별유:말레이시아산),전지분유,혼합분유, 첫물말차(녹차100%:제주산)] / 우유, 대두 함유","총 내용량 120g(705kcal), 나트륨 75mg(4%), 탄수화물 58g(18%), 당류 48g(48%), 지방 48g(89%), 트랜스지방 0g, 포화지방 30g(200%), 콜레스테롤 15mg(5%), 단백질 10g(18%)",https://www.amoremall.com/kr/ko/product/detail?onlineProdSn=55800
삼다 꿀배 티 20입 (원산지:상세설명참조),"9,900원",10%,4.9,40g(2gx20입),"후발효차(제주산), 설탕, 배향향료제제(합성향료, 주정, 천연향료, 젖산, 프로필렌글리콜, 정제수), 꿀분말(꿀(국산)), 배농축혼합분말(배(국산))",해당사항없음,https://www.amoremall.com/kr/ko/product/detail?onlineProdSn=52998
러블리 티박스 4종 (원산지:상세설명참조),"21,600원",10%,4.9,12입(3종x4입/30g),"•제품명 : 오설록 달빛걷기 •원재료명 : 후발효차(제주산),캔디류(별사탕),돌배(국산),배향향료제제(합성향료,주정,천연향료,젖산,프로필렌글리콜,정제수) •제품명 : 오설록 삼다연 제주영귤 •원재료명 :후발효차(제주산),천연향료(영귤향),제주영귤믹스(제주귤피(제주산),제주영귤(제주산)) •제품명 : 오설록 피치 파파야 블랙티 •원재료명 : 홍차(인도산84.4%,제주산15.6%),로즈힙(칠레산),파파야다이스(파파야,설탕,구연산)(태국산),향료(복숭아향),장미꽃잎,천연향료(복숭아향) [복숭아 함유] •제품명 : 오설록 시그니처 얼그레이 •원재료명 : 유기농 홍차(인도산89.35%,제주산10.65%),천연향료(시트러스 베르가못향),유기농 후발효차(제주산),유자필(제주산) *유기농원료 총함량 : 95.1% •유기농인증번호 : 제 12800178호",해당사항없음,https://www.amoremall.com/kr/ko/product/detail?onlineProdSn=53009
티 베리에이션 에센스 6종 (원산지:상세설명참조),"26,250원",25%,4.9,42입 (6종X7입) / 총중량 77g,"• 제품명 : 오설록 제주 순수녹차 • 원재료명 : 녹차(제주산) 100% • 제품명 : 오설록 삼다 꿀배 티 • 원재료명 : 후발효차(제주산),설탕,배향향료제제(합성향료,주정,천연향료,젖산,프로필렌글리콜,정제수),꿀분말(꿀(국산)),배농축혼합분말(배(국산)) • 제품명 : 제주 삼다 영귤 티 • 원재료명 : 후발효차(제주산),설탕,천연향료 2종,후발효차열수추출물(제주산),영귤분말(제주산) • 제품명 : 오설록 무화과 쇼콜라 블랙티 • 원재료명 : 홍차(인도산65.36%,제주산34.64%),후발효차(제주산),설탕,카카오닙스(페루산),향료1(무화과향),향료2(무화과향),무화과분말(무화과(국산)) • 제품명 : 오설록 제주 동백꽃 티 • 원재료명 : 후발효차(제주산),홍차(제주산),설탕,향료(동백꽃향),후발효차열수추출물(제주산),동백꽃(제주산) • 제품명 : 오설록 피치 캐모마일 • 원재료명 : 캐모마일(크로아티아산),레몬그라스(이집트산),설탕,히비스커스(나이지리아산),기타가공품(함수결정포도당,효소처리스테비아,잔탄검),건조레몬,향료(백도향),복숭아과즙분말(복숭아과즙농축액(국산)) 복숭아 함유",해당사항없음,https://www.amoremall.com/kr/ko/product/detail?onlineProdSn=63155
호지차 20입 (원산지:상세설명참조),"11,000원",,4.9,36g(1.8X20입),유기농 녹차 (제주산) 100% •유기농인증번호 : 제 12800178호,해당사항없음,https://www.amoremall.com/kr/ko/product/detail?onlineProdSn=66955
얼그레이 밀크티 10입 (원산지:상세설명참조),"11,700원",10%,4.8,200g(20gx10입),"밀크베이스[설탕, 혼합분유(네덜란드산), 식물성크림1{야자경화유(외국산)}, 식물성크림2], 홍차추출분말(스리랑카산), 향료(베르가못향), 홍 차혼합분말(제주산), 정제소금 [우유 함유]",내용물 중량 스틱 1포 20g 카페인 33.3mg 열량 8.76 kcal 탄수화물 16.28g 당류 14.31g,https://www.amoremall.com/kr/ko/product/detail?onlineProdSn=63137
티 에디션 아일랜드 6종 (원산지:상세설명참조),"27,000원",25%,4.9,18입(6종x3입) /45g,"•제품명 : 오설록 달빛걷기 •원재료명 : 후발효차(제주산),캔디류(별사탕),돌배(국산),배향향료제제(합성향료,주정,천연향료,젖산,프로필렌글리콜,정제수) • 제품명 : 오설록 밀키 우롱티 • 원재료명 : 반발효차(제주산),후발효차(제주 산),향료(밀크피치향),천연향료(복숭아향),분 리유청단백(미국산) [우유,대두,복숭아 함유] • 제품명 : 오설록 삼다연 제주영귤 • 원재료명 : 후발효차(제주산),천연향료(영 귤향),제주영귤믹스(제주귤피(제주산),제주 영귤(제주산)) • 제품명 : 오설록 귤꽃향을 품은 우잣담 • 원재료명 : 후발효차(제주산),반발효차(제 주산),제주영귤믹스(제주귤피(제주산),제주영귤(제주산)),마리골드,향료(귤꽃향) • 제품명 : 오설록 시그니처 얼그레이 • 원재료명 : 유기농 홍차(인도산89.35%,제주산 10.65%),천연향료(시트러스 베르가못향),유기농 후발효차(제주산),유자필(제주산) *유기농원료 총함량 : 95.1% • 유기농인증번호 : 제 12800178호 • 제품명 : 오설록 동백이 피는 곶자왈 • 원재료명 : 홍차(제주산),후발효차(제주산), 캔디류(별사탕),파인애플다이스(파인애플,설탕,구연산)(태국산),향료(동백꽃향),동백 꽃(제주산)",해당사항없음,https://www.amoremall.com/kr/ko/product/detail?onlineProdSn=60867
제주 삼다 영귤 티 20입 (원산지:상세설명참조),"9,900원",10%,4.8,40g(2gx20입),"유기농 후발효차(제주산), 유기농 설탕, 천연향료, 유기농 후발효차열수추출물(제주산), 유기농 영귤분말(제주산) * 유기농원료 총함량 : 95.5% •유기농인증번호 : 제 12800178호",해당사항없음,https://www.amoremall.com/kr/ko/product/detail?onlineProdSn=53006
녹차 밀크 스프레드 200g (원산지:상세설명참조),"9,900원",10%,4.8,200 g,"설탕,혼합식용유[채종유(호주산),가공유지(팜스테아린경화 에스테르화유/말레이시아산,팜핵경화에스테르화유/말레이시아산),팜유,글리 세린지방산에스테르],채종유(호주산),전지분유11%(외국산:벨기에,미국,호주 등),탈지분유10%,기타가공품6%(유청분말,유당),가루설녹차진4%(유기농녹차100%:제주산), 유화제(레시틴,글리세린제방산에스테르),바닐린","총 내용량 220g (1,110kcal) 1일 영양성분 기준치에 대한 비율 (100g당) 나트륨 : 100mg (5%), 지방: 33g (61%), 탄수화물 : 56g (17%), 트랜스지방 : 0g, 당류 : 51g (51%), 포화지방 : 8g (53%), 콜레스테롤 : 10mg (3%), 단백질 : 8g (15%), 1일 영양성분 기준치에 대한  (%)은 2,000kcal 기준이므로 개인의 필요 열량에 따라 다를 수 있습니다.",https://www.amoremall.com/kr/ko/product/detail?onlineProdSn=53005
제주섬 녹차 아몬드볼 80g (원산지:상세설명참조),"9,500원",5%,4.8,80g,"코팅아몬드[미국산/ 아몬드, 설탕, 물엿, 아라 비아검], 설탕, 코코아버터(싱가포르산), 식물성경화유(싱가포 르산/ 팜유, 해바라기유), 혼합분유1[전지분유, 유청분말, 우유 단백질], 혼합분유2(탈지분유,유청분말), 고형차(녹차:국산), 레 시틴, 글리세린지방산에스테르, 합성향료(바닐린) 우유, 대두 함유",총 내용량 80 g 440 ㎉ 나트륨 55 ㎎ 3% 지방 31 g 57% 트랜스지방 0 g 탄수화물 31 g 10% 포화지방 14 g 93% 당류 28 g 28% 단백질 10 g 18% 콜레스테롤 10 ㎎ 3%,https://www.amoremall.com/kr/ko/product/detail?onlineProdSn=53003
디퓨저 티가든 100ml (원산지:상세설명참조),"23,750원",5%,4.8,100 ml,,,https://www.amoremall.com/kr/ko/product/detail?onlineProdSn=60179
삼다연 오리지널 밀크티 10입 (원산지:상세설명참조),"11,700원",10%,4.8,200g(20gx10입),"식물성크림[물엿, 야자경화유(외국산), 탈지농축우유(국산), 유단백농축물, 제이인산칼륨], 밀크티믹스[미립당, 유당(미국산), 과당, 포도당, 혼합분유(네덜란드산)], 말토덱스트린, 후발효차열수추출물(국산), 후발효차분말(국산),분리유청단백, 정제소금, 이산화규소, 향료(후발효차향) [우유, 대두 함유]",내용물 중량 스틱 1포 20g 카페인 26.3mg 열량 87.65 kcal 탄수화물 14.97g 당류 6.59g,https://www.amoremall.com/kr/ko/product/detail?onlineProdSn=53014
세작 40g (원산지:상세설명참조),"15,300원",10%,4.9,40g,제주 유기농 녹차 100%,해당사항없음,https://www.amoremall.com/kr/ko/product/detail?onlineProdSn=53021
캐모마일 라벤더 20입 (원산지:상세설명참조),"11,000원",,4.8,20g(1.0gX20입),"유기농 캐모마일(크로아티아산), 유기농 로즈힙(칠레산), 유기농 레몬밤(폴란드산), 유기농 라벤더(알바니아산), 천연향료, 시계꽃추출분말 *유기농원료 총 함량 : 96.3%",해당사항없음,https://www.amoremall.com/kr/ko/product/detail?onlineProdSn=66951
티 에디션 허브 4종 (원산지:상세설명참조),"24,000원",25%,4.8,16입(4종x4입)/30.4 g,"•제품명 : 오설록 캐모마일 블렌드 •원재료명 : 캐모마일(이집트산),진피(국산),사과다이스(튀르 키예산),레몬머틀,장미꽃잎 •제품명 : 오설록 히비스커스 선샤인 •원재료명 : 히비스커스(나이지리아산),파인애플다이스(파인 애플,설탕,구연산)(태국산),로즈힙(칠레산),사과다이스,오렌 지필,스피어민트,레몬머틀,천연향료(혼합과일향),장미꽃잎 •제품명 : 오설록 루이보스 문라이트 •원재료명 : 루이보스잎(남아프리카공화국산),배향향료제제 (합성향료,주정,천연향료,젖산,프로필렌글리콜,정제수),스테 비아잎(국산) •제품명 : 오설록 모로칸 민트티 •원재료명 : 페퍼민트(폴란드산),스피어민트(미국산),스테비 아(국산)",해당사항없음,https://www.amoremall.com/kr/ko/product/detail?onlineProdSn=65117
달빛걷기 20입 (원산지:상세설명참조),"24,300원",10%,4.9,50g(2.5gx20입),"후발효차(제주산), 캔디류(별사탕), 돌배(국산), 배향향료제제(합성향료, 주정, 천연향료, 젖산, 프로필렌글리콜, 정제수)",해당사항없음,https://www.amoremall.com/kr/ko/product/detail?onlineProdSn=53017
체리 루이보스 20입 (원산지:상세설명참조),"11,000원",,4.6,26g(1.3gX20입),"루이보스(남아프리카공화국산), 천연향료1, 천연향료2, 타트체리주스분말(폴란드산)",해당사항없음,https://www.amoremall.com/kr/ko/product/detail?onlineProdSn=66952
유자 얼그레이 20입 (원산지:상세설명참조),"9,900원",10%,4.9,40g(2.0gx20입),"유기농 홍차(인도산 82.88%, 제주산 17.12%),  유기농 후발효차(제주산), 천연향료(시트러스 베르가못향), 유기농 후발효차열수추출물(제주산), 유기농 유자필분말(국산) *유기농원료 총함량 : 96.3% •유기농인증번호 : 제 12800178호",해당사항없음,https://www.amoremall.com/kr/ko/product/detail?onlineProdSn=63799
찬물 루이보스티 20입 (원산지:상세설명참조),"8,550원",10%,4.9,40g(2g x 20입),"루이보스(남아프리카공화국산), 보리(국산), 루이보스추출물분말(독일산)",상세참조,https://www.amoremall.com/kr/ko/product/detail?onlineProdSn=54932
제주 동백꽃 티 20입 (원산지:상세설명참조),"9,900원",10%,4.9,40g(2gx20입),"후발효차(제주산), 홍차(제주산), 설탕, 향료(동백꽃향), 후발효차열수추출물(제주산), 동백꽃(제주산)",해당사항없음,https://www.amoremall.com/kr/ko/product/detail?onlineProdSn=53001
차의 정원 9종 (원산지:상세설명참조),"45,900원",15%,4.9,27입(9종x3입)/62.4g,"•제품명 : 오설록 세작 •원재료명 : 유기농 녹차(제주산) 100% •유기농인증번호 : 제 12800178호 •제품명 : 오설록 캐모마일 블렌드 •원재료명 : 캐모마일(이집트산),진피(국산),사과다이스(터키산),레몬머틀,장미꽃잎 •제품명 : 오설록 히비스커스 선샤인 •원재료명 : 히비스커스(나이지리아산),파인애플다이스(파인애플,설탕,구연산) (태국산),로즈힙(칠레산),사과다이스, 오렌지필,스피어민트,레몬머틀,천연향료 (혼합과일향), 장미꽃잎 •제품명 : 오설록 밀키 우롱티 •원재료명 : 반발효차(제주산),후발효차(제주산),향료(밀크피치향),천연향료 (복숭아향),분리유청단백(미국산) [우유,대두,복숭아 함유] •제품명 : 오설록 삼다연 제주영귤 •원재료명 : 후발효차(제주산),천연향료 2종,제주영귤믹스(제주귤피(제주산), 제주영귤(제주산)) •제품명 : 오설록 달빛걷기 •원재료명 : 후발효차(제주산),캔디류(별사탕),돌배(국산),배향향료제제(합성 향료,주정,천연향료,젖산,프로필렌글리콜,정제수) •제품명 : 오설록 동백이 피는 곶자왈 •원재료명 : 홍차(제주산),후발효차(제주산),캔디류(별사탕),파인애플다이스 (파인애플,설탕,구연산)(태국산),향료(동백꽃향),동백꽃(제주산) •제품명 : 오설록 시그니처 얼그레이 •원재료명 : 유기농 홍차(인도산89.35%,제주산10.65%),천연향료(시트러스 베르가못향),유기농 후발효차(제주산),유자필(제주산) *유기농원료 총함량 : 95.1% •유기농인증번호 : 제 12800178호 •제품명 : 오설록 피치 파파야 블랙티 •원재료명 :홍차(인도산84.4%,제주산15.6%),로즈힙(칠레산),파파야다이스 (파파야,설탕,구연산)(태국산),향료(복숭아향),장미꽃잎,천연향료(복숭아향) [복숭아 함유]",해당사항없음,https://www.amoremall.com/kr/ko/product/detail?onlineProdSn=64129
시그니처 비스킷 10입 (원산지:상세설명참조),"13,300원",5%,4.8,100g(10g10입),"설탕, 코코아버터(싱가포르산), 식물 성경화유(싱가포르산/팜유, 해바라기유, 레시틴, 비타민E 구연산), 박력분(밀:미국산), 혼합분유1[전지분유, 유청분말, 농축유단백], 혼합분유2(탈지분유, 유청분말), 난백액, 마가린[식물성유지, 가공유지, 유화제, 정제소금, 레시틴, 혼합제제(식물성유지, 베타카로틴(착색료), DL-알파-토코페롤)], 쇼트닝, 고형차(녹차:국산), 무염버터, 아몬드분말, 화이트컴파운드, 코코아분말, 레시틴, 글리세린지방산에스테르, 합성향료(바닐린), 정제소금 밀, 우유, 계란, 쇠고기, 대두 함유",총 내용량 100 g (535 ㎉) 나트륨140 ㎎(7 %) 탄수화물48 g(15 %) 당류34 g(34 %) 지방34 g(63 %) 트랜스지방0 g 포화지방19 g( 127 %) 콜레스테롤15 mg( 5 %) 단백질9 g(16 %),https://www.amoremall.com/kr/ko/product/detail?onlineProdSn=52999
스윗 히비스커스 20입 (원산지:상세설명참조),"9,900원",10%,4.7,36g(1.8gx20입),"히비스커스(나이지리아산), 기타가공품(함수결정포도당, 효소처리스테비아, 잔탄검),건조레몬(제주산), 스피어민트(미국산), 페퍼민트,시나몬",해당사항없음,https://www.amoremall.com/kr/ko/product/detail?onlineProdSn=63072
세작 피라미드 20입 (원산지:상세설명참조),"27,000원",10%,4.8,2 gx20입(40g),원재료명 : 유기농 녹차 (제주산) 100% 유기농인증번호 : 제 12800178호,해당사항없음,https://www.amoremall.com/kr/ko/product/detail?onlineProdSn=53024
가루 녹차 40g (원산지:상세설명참조),"12,350원",5%,4.8,40g,유기농 녹차 (제주산) 100%,해당사항없음,https://www.amoremall.com/kr/ko/product/detail?onlineProdSn=53012
피치 캐모마일 20입 (원산지:상세설명참조),"9,900원",10%,4.8,20g(1.0gx20입),"캐모마일(크로아티아산),레몬그라스(이집트산),설탕,히비스커스(나이지리아산),기타가공품(함수결정포도당,효소처리스테비아,잔탄검),건조레몬,향료(백도향),복숭아과즙분말(복숭아과즙농축액(국산)  [복숭아 함유]",해당사항없음,https://www.amoremall.com/kr/ko/product/detail?onlineProdSn=64381
캐모마일 블렌드 10입 (원산지:상세설명참조),"14,850원",10%,4.8,18g(1.8gx10입),"캐모마일(이집트산), 진피(국산), 사과다이스 (터키산), 레몬머틀, 장미꽃잎",해당사항없음,https://www.amoremall.com/kr/ko/product/detail?onlineProdSn=57696
유채 & 살구향 티 20입 (원산지:상세설명참조),"9,900원",10%,4.9,40g(2gx20입),"녹차(제주산), 설탕, 향료(살구향), 유채꽃(제주산), 꿀분말(벌꿀(국산))",해당사항없음,https://www.amoremall.com/kr/ko/product/detail?onlineProdSn=53016
베리 가든 그린티 20입 (원산지:상세설명참조),"17,550원",35%,5.0,40g(2.0gx20입),"녹차(제주산), 건조사과(튀르키예산), 레몬밤(불가리아산), 시나몬, 향료, 블랙베리잎(알바니아산), 산딸기다이스(산딸기:국산)",해당사항없음,https://www.amoremall.com/kr/ko/product/detail?onlineProdSn=65874
무화과 애플 블랙티 20입 (원산지:상세설명참조),"17,550원",35%,4.9,50g(2.5gx20입),"홍차(인도산 91.7%, 제주산 8.3%), 사과다이스 (튀르키예산), 카카오닙스(페루산), 로즈힙, 향료1(무화과향), 향료2(무화과향), 건조 무화과다이스(무화과:국산), 장미꽃잎",해당사항없음,https://www.amoremall.com/kr/ko/product/detail?onlineProdSn=65872
무화과 쇼콜라 블랙티 20입 (원산지:상세설명참조),"9,900원",10%,4.8,40g(2.0gx20입),"홍차(인도산 65.36%, 제주산 34.64%), 후발효차(제주산), 설탕, 카카오닙스(페루산), 향료1(무화과향), 향료2(무화과향), 무화과분말(무화과(국산))",해당사항없음,https://www.amoremall.com/kr/ko/product/detail?onlineProdSn=63070
루이보스 카라멜베리 20입 (원산지:상세설명참조),"24,300원",10%,4.9,40g(2.0gx20입),"루이보스(남아프리카공화국산), 보리(제주산), 산딸기열매(국산), 향료(딸기카라멜향)",해당사항없음,https://www.amoremall.com/kr/ko/product/detail?onlineProdSn=56056
찬물 녹차 20입 (원산지:상세설명참조),"8,550원",10%,4.9,40g(2g x 20입),제주산 녹차 100%,해당사항없음,https://www.amoremall.com/kr/ko/product/detail?onlineProdSn=57423
루이보스 퓨어 10입 (원산지:상세설명참조) 18g,"14,850원",10%,4.9,20g(2gx10입),루이보스(남아프리카공화국산) 100%,해당사항없음,https://www.amoremall.com/kr/ko/product/detail?onlineProdSn=53070
밀키 우롱티 10입 (구. 구름노래/원산지:상세설명참조),"14,850원",10%,4.9,30g(1.5gx20입),"홍차(인도산 83.7%, 제주산 16.3%), 후발효차(제주산), 꿀과립(포도당, 효소처리스테비아, 사양벌꿀(국산)), 향료(프렌치바닐라향), 후발효차열수추출물, 바닐라추출물(바닐라추출액(미국산)), 스테비아잎",해당사항없음,https://www.amoremall.com/kr/ko/product/detail?onlineProdSn=60176
동백이 피는 곶자왈 20입 (원산지:상세설명참조),"24,300원",10%,4.8,50g(2.5gx20입),"홍차(제주산), 후발효차(제주산), 캔디류(별사탕), 파인애플다이스(파인애플,설탕,구연산)(태국산), 향료(동백꽃향), 동백꽃(제주산)",해당사항없음,https://www.amoremall.com/kr/ko/product/detail?onlineProdSn=56039
제주 화산우롱차 20입 (원산지:상세설명참조),"9,900원",10%,4.8,1.8 gx20입 (36g),원재료명 : 유기농 반발효차 (제주산) 100% 유기농인증번호 : 제 12800178호,해당사항없음,https://www.amoremall.com/kr/ko/product/detail?onlineProdSn=53046
프리미엄 티 컬렉션 9종 (원산지:상세설명참조),"66,300원",15%,4.9,90입(9종x10입)/170g,"•제품명 : 오설록 제주 순수녹차 •원재료명 : 녹차(제주산) 100% •제품명 : 오설록 피치 캐모마일 •원재료명 : 캐모마일(크로아티아산),레몬그라스(이집 트산), 설탕,히비스커스(나이지리아산),기타가공품(함 수결정포도당,효소처리스테비아,잔탄검),건조레몬,향 료(백도향),복숭아과즙분말(복숭아과즙농축액(국산) [복숭아 함유] •제품명 : 오설록 무화과 쇼콜라 블랙티 •원재료명 : 홍차(인도산65.36%,제주산34.64%),후발 효차(제주산),설탕,카카오닙스(페루산),향료1(무화과 향),향료2(무화과향),무화과분말(무화과(국산)) •제품명 : 오설록 유자 얼그레이 •원재료명 : 홍차(인도산82.88%,제주산17.12%),후발 효차(제주산),천연향료(시트러스 베르가못향),후발효 차열수추출물(제주산),유자필분말(국산) •제품명 : 제주 삼다 영귤 티 •원재료명 : 후발효차(제주산),설탕,천연향료,후발효차 열수추출물(제주산),영귤분말(제주산) •제품명 : 오설록 피치 블랙티 •원재료명 : 홍차(제주산53.85%,인도산46.15%),후발 효차(제주산),설탕,천연향료,산복숭아원액(산복숭아 (국산)) [복숭아 함유] •제품명 : 오설록 마롱 글라세 블랙티 •원재료명 : 홍차(인도산88.1%,제주산11.9%),설탕,향료 (단팥향),밀크향향료제제(주정,합성향료,젖산),밤분말 (밤(국산)),향료(알밤향) •제품명 : 오설록 제주 동백꽃 티 •원재료명 : 후발효차(제주산),홍차(제주산),설탕,향료(동 백꽃향),후발효차열수추출물(제주산),동백꽃(제주산) •제품명 : 오설록 삼다 꿀배 티 •원재료명 : 후발효차(제주산),설탕,배향향료제제(합성 향료,주정,천연향료,젖산,프로필렌글리콜,정제수),꿀분 말(꿀(국산)),배농축혼합분말(배(국산))",해당사항없음,https://www.amoremall.com/kr/ko/product/detail?onlineProdSn=53040
마스터 블렌드 8종 (원산지:상세설명참조),"54,400원",15%,4.9,32입(8종x4입) / 71.2g,"•제품명 : 오설록 세작 •원재료명 : 유기농 녹차(제주산) 100% •유기농인증번호 : 제 12800178호 •제품명 : 오설록 캐모마일 블렌드 •원재료명 : 캐모마일(이집트산),진피(국산),사과다 이스(튀르키예산),레몬머틀,장미꽃잎 •제품명 : 오설록 루이보스 문라이트 •원재료명 : 루이보스잎(남아프리카공화국산),배향 향료제제(합성향료,주정,천연향료,젖산,프로필렌글 리콜,정제수),스테비아잎(국산) •제품명 : 오설록 히비스커스 선샤인 •원재료명 : 히비스커스(나이지리아산),파인애플다이 스(파인애플,설탕,구연산)(태국산),로즈힙(칠레산), 사과다이스,오렌지필,스피어민트,레몬머틀,천연향료 (혼합과일향),장미꽃잎 •제품명 : 오설록 삼다연 제주영귤 •원재료명 : 후발효차(제주산),천연향료 2종,제주영귤 믹스(제주귤피(제주산),제주영귤(제주산)) •제품명 : 오설록 달빛걷기 •원재료명 : 후발효차(제주산),캔디류(별사탕),돌배 (국산),배향향료제제(합성향료,주정,천연향료,젖산, 프로필렌글리콜,정제수) •제품명 : 오설록 무화과 애플 블랙티 •원재료명 : 홍차(인도산 91.7%,제주산 8.3%),사과다 이스 (튀르키예산),카카오닙스(페루산),로즈힙,향료1 (무화과향),향료2(무화과향),건조 무화과다이스(무 화과:국산), 장미꽃잎 •제품명 : 오설록 피치 파파야 블랙티 •원재료명 : 홍차(인도산84.4%,제주산15.6%),로즈힙 (칠레산),파파야다이스(파파야,설탕,구연산)(태국산), 향료(복숭아향),장미꽃잎,천연향료(복숭아향) [복숭아 함유]",해당사항없음,https://www.amoremall.com/kr/ko/product/detail?onlineProdSn=66860
피치 블랙티 20입 (원산지:상세설명참조),"9,900원",10%,4.9,40g(2gx20입),"유기농 홍차(제주산 53.85%, 인도산 46.15%), 유기농 후발효차(제주산), 유기농 설탕, 천연향료, 유기농 산복숭아원액(산복숭아(국산)) [복숭아 함유] *유기농원료 총함량 : 95.02% •유기농인증번호 : 제 12800178호",해당사항없음,https://www.amoremall.com/kr/ko/product/detail?onlineProdSn=63829
모로칸 민트티 10입 (원산지:상세설명참조),"14,850원",10%,4.9,18g(1.8gx10입),"페퍼민트(폴란드산), 스피어민트(미국산), 스테 비아(국산)",해당사항없음,https://www.amoremall.com/kr/ko/product/detail?onlineProdSn=53073
말차 스틱 5입 (원산지:상세설명참조),"9,000원",10%,4.6,14gx5입,"에리스리톨, 녹차가루(제주산) 20%, 효소처리스테비아",해당사항없음,https://www.amoremall.com/kr/ko/product/detail?onlineProdSn=53008
멜로우 민트 20입 (원산지:상세설명참조),"11,000원",,4.8,30g(1.5gX20입),"유기농 페퍼민트(프랑스산), 유기농 펜넬(이집트산), 유기농 레몬밤(폴란드산), 유기농 캐모마일, 유기농 레몬그라스, 유기농 감초, 천연향료 2종, 유기농 매실액 *유기농원료 총 함량 : 97% 유기농인증번호 : 제 12800178 호",해당사항없음,https://www.amoremall.com/kr/ko/product/detail?onlineProdSn=66950
웨딩그린티 20입 (원산지:상세설명참조),"24,300원",10%,4.9,40g(2gx20입),"녹차(제주산), 향료(스윗부케향), 마리골드(이집트산), 장미꽃잎(파키스탄산)",해당사항없음,https://www.amoremall.com/kr/ko/product/detail?onlineProdSn=53028
마롱 글라세 블랙티 20입 (원산지:상세설명참조),"9,900원",10%,4.8,40g(2.0gx20입),"홍차(인도산 88.1%, 제주산 11.9%), 설탕, 향료(단팥향), 밀크향향료제제(주정, 합성향료, 젖산), 밤분말(밤(국산)), 향료(알밤향)",해당사항없음,https://www.amoremall.com/kr/ko/product/detail?onlineProdSn=63071
삼다연 제주 영귤 20입 (원산지:상세설명참조),"24,300원",10%,4.8,50g(2.5gx20입),"후발효차(제주산), 천연향료(영귤향), 제주영귤믹스(제주귤피(제주산), 제주영귤(제주산))",해당사항없음,https://www.amoremall.com/kr/ko/product/detail?onlineProdSn=56046
세작 80g (원산지:상세설명참조),"38,000원",5%,4.9,80g,제주 유기농 녹차 100%,해당사항없음,https://www.amoremall.com/kr/ko/product/detail?onlineProdSn=53048
콤부차10입 (깔라망고/리치피치/애플파인) (원산지:상세설명참조),"8,000원",,4.8,50g,"무수구연산, 탄산수소나트륨, 콤부차분말(콤부차발효액(정제수, 사양벌꿀(국산), 홍차(제주산)), 난소화성말토덱스트린, 아라비아검), 에리스리톨 10%, 효소처리스테비아, 망고분말향혼합제제(덱스트린, 아라비아검, 프로필렌글리콜, 합성향료), 망고과즙분말(망고퓨레(필리핀산), 덱스트린), 비타민 C, 깔라만시농축분말(덱스트린, 깔라만시농축액(베트남산)), 혼합과일농축분말(덱스트린, 열대혼합과일농축액), 녹차추출물, 깔라만시분말향혼합제제(덱스트린, 아라비아검, 주정, 천연향료, 합성향료, 글리세린, 당에스테르), 레몬밤추출분말, 난소화성말토덱스트린, 이산화규소, BCAA(L-발린, L-로이신, L-이소로이신), 프로바이오틱스, 구아검, 비타민B2인산에스테르나트륨 밀, 대두함유 산/말레이시아, 필리핀, 인도네시아 등), 설탕, 유청(프랑스산), 포도당, 덱스트린, 전지분유, 유당, 녹차가루(국산), 유화제, 해바라기유, 정제소금, 산도조절제1, 산도 조절제2 밀,대두,우유함유",해당사항없음,https://www.amoremall.com/kr/ko/product/detail?onlineProdSn=66033
마롱 크림 블랙티 20입 (원산지:상세설명참조),"17,550원",35%,4.6,50g(2.5gx20입),"홍차(인도산 94.25%, 제주산 5.75%), 밤다이스(밤:국산), 향료(단팥밤향), 밀크향향료제제(주정, 합성향료, 젖산), 향료(알밤향), 식물성크림[야자경화유(외국산),탈지농축우유(국산)] [우유 함유]",해당사항없음,https://www.amoremall.com/kr/ko/product/detail?onlineProdSn=65873
루이보스 문라이트 20입 (원산지:상세설명참조),"24,300원",10%,4.9,40g(2gx20입),"루이보스잎(남아프리카공화국산), 배향향료제제(합성향료, 주정, 천연향료, 젖산, 프로필렌글리콜, 정제수), 스테비아잎(국산)",해당사항없음,https://www.amoremall.com/kr/ko/product/detail?onlineProdSn=63670
스윗 허니 블랙티 20입 (원산지:상세설명참조),"10,450원",5%,4.8,40g(2gx20입),"홍차(인도산 70.7%, 제주산29.3%), 꿀과립(포도당, 효소처리스테비아(감미료), 사양벌꿀(국산)), 후발효차(제주산), 향료(꿀향), 후발효차열수추출물, 스테비아잎","총 내용량 40g (2 g x 20EA) 1개 티백(2g) 당 6.7 kcal 1티백 당 1일 영양성분 기준치에 대한 비율 나트륨 0 mg 0% 탄수화물 1.3 g 0% 당류 0mg 0% 지방 0 g 0% 트랜스지방 0 g 포화지방 0 g 0% 콜레스테롤 0 mg 0% 단백질 0.38 g 1% 1일 영양성분 기준치에 대한 비율(%)은 2,000kcal 기준이므로 개인의 필요 열량에 따라 다를 수 있습니다.",https://www.amoremall.com/kr/ko/product/detail?onlineProdSn=60369
콤부차 애플파인 10입 (원산지:상세설명참조),"7,200원",10%,4.8,50g(5gx10입),"무수구연산, 탄산수소나트륨, 에리스리톨10%, 콤부차분말(콤부차발효액(정제수, 프락토올리고당, 사양벌꿀(국산), 녹차(제주산), 홍차(제주산)), 난소화성말토덱스트린, 아라비아검)), 효소처리스테비아, 파인애플과즙분말(덱스트린, 파인애플과즙고형분(태국산)), 향료(파인애플분말향), 사과향분말혼합제제(덱스트린, 프로필렌글리콜, 주정, 합성향료, 천연향료), 비타민C, 사과과즙분말(덱스트린, 사과농축액(국산)), 녹차추출물, 이산화규소, BCAA(L-발린, L-로이신, L-이소로이신), 비타민B2, 프로바이오틱스, 구아검","1포 당 15kcal 나트륨 200mg(10%), 탄수화물 4g(1%), 당류 0g(0%), 지방0g(0%), 트랜스지방0g(0%), 포화지방0g(0%), 콜레스테롤0mg(0%), 단백질0g(0%),",https://www.amoremall.com/kr/ko/product/detail?onlineProdSn=58552
콤부차 리치피치 10입 (원산지:상세설명참조),"7,200원",10%,4.8,50g(5gx10입),"무수구연산, 에리스리톨 15%, 탄산수소나트륨, 콤부차분말(콤부차발효액(사양벌꿀(국산), 홍차(제주산)), 난소화성말토덱스트린, 아라비아검), 효소처리스테비아, 복숭아과즙분말((덱스트린, 복숭아과즙(국산)), 리치분말향(덱스트린, 변성전분, 합성향료, 주정, 트리아세틴, 천연향료), 복숭아향분말(덱스트린, 프로필렌글리콜, 천연향료, 합성향료), 비타민C, 히비스커스추출물(히비스커스추출액(독일산), 덱스트린), 리치과즙분말(리치퓨레(태국산), 덱스트린), 녹차추출물, 이산화규소, BCAA(L-발린, L-로이신, L-이소로이신), 프로바이오틱스, 구아검 대두, 밀, 복숭아 함유",해당없음,https://www.amoremall.com/kr/ko/product/detail?onlineProdSn=55799
귤 꽃향 블라썸 티 20입 (원산지:상세설명참조),"9,900원",10%,4.8,40g(2gx20입),"반발효차(제주산), 후발효차(제주산), 설탕, 천연향료(귤꽃향), 후발효차열수추출물(제주산)",해당사항없음,https://www.amoremall.com/kr/ko/product/detail?onlineProdSn=62344
바닐라 허니 블랙티 20입 (원산지:상세설명참조),"9,900원",10%,4.8,40g(2gx20입),"홍차(인도산 83.7%, 제주산 16.3%), 후발효차(제주산), 꿀과립(포도당, 효소처리스테비아, 사양벌꿀(국산)), 향료(프렌치바닐라향), 후발효차열수추출물, 바닐라추출물(바닐라추출액(미국산)), 스테비아잎","총 내용량 40g (2 g x 20EA) 1개 티백(2g) 당 3.8 kcal 1티백 당 1일 영양성분 기준치에 대한 비율 나트륨 0 mg 0% 탄수화물 1 g 미만 0% 당류 0mg 0% 지방 0 g 0% 트랜스지방 0 g 포화지방 0 g 0% 콜레스테롤 0 mg 0% 단백질 0.36 g 1% 1일 영양성분 기준치에 대한 비율(%)은 2,000kcal 기준이므로 개인의 필요 열량에 따라 다를 수 있습니다.",https://www.amoremall.com/kr/ko/product/detail?onlineProdSn=60868
세작 10입 (원산지:상세설명참조),"16,650원",10%,5.0,2 gx10입(20g),원재료명 : 유기농 녹차 (제주산) 100% 유기농인증번호 : 제 12800178호,해당사항없음,https://www.amoremall.com/kr/ko/product/detail?onlineProdSn=56050
스윗 히비스커스 콜드브루 티 20입 (원산지:상세설명참조),"13,300원",5%,4.8,50g(2.5gx20입),"히비스커스(나이지리아산), 기타가공품(효소처리스테비아(감미료), 잔탄검), 향료, 시나몬(베트남산), 히비스커스추출물(히비스커스추출액(독일산)), 무수구연산, 오렌지필",해당사항없음,https://www.amoremall.com/kr/ko/product/detail?onlineProdSn=64886
덖음차 50g (원산지:상세설명참조),"14,250원",5%,4.9,50g,제주 유기농 녹차 100%,해당사항 없음,https://www.amoremall.com/kr/ko/product/detail?onlineProdSn=56036
무화과 애플 블랙티 10입 (원산지:상세설명참조),"12,375원",25%,4.8,25g(2.5gx10입),"홍차(인도산 91.7%, 제주산 8.3%), 사과다이스 (튀르키예산), 카카오닙스(페루산), 로즈힙, 향료1(무화과향), 향료2(무화과향), 건조 무화과다이스(무화과:국산), 장미꽃잎",해당사항없음,https://www.amoremall.com/kr/ko/product/detail?onlineProdSn=65909
티 에디션 스페셜 9종 (원산지:상세설명참조),"93,500원",15%,5.0,54입(9종x6입) / 118.8g,"•제품명 : 오설록 세작 •원재료명 : 유기농 녹차 (제주산) 100% •유기농인증번호 : 제 12800178호 •제품명 : 오설록 캐모마일 블렌드 •원재료명 : 캐모마일(이집트산),진피(국산),사과다이스(튀르키 예산),레몬머틀,장미꽃잎 •제품명 : 오설록 히비스커스 선샤인 •원재료명 : 히비스커스(나이지리아산),파인애플다이스(파인애 플,설탕,구연산)(태국산),로즈힙(칠레산),사과다이스,오렌지필, 스피어민트,레몬머틀,천연향료(혼합과일향),장미꽃잎 •제품명 : 오설록 루이보스 문라이트 •원재료명 : 루이보스잎(남아프리카공화국산),배향향료제제 (합성향료,주정,천연향료,젖산,프로필렌글리콜,정제수),스테비 아잎(국산) •제품명 : 오설록 삼다연 제주영귤 •원재료명 : 후발효차(제주산),천연향료 2종,제주영귤믹스(제주 귤피(제주산),제주영귤(제주산)) •제품명 : 오설록 달빛걷기 •원재료명 : 후발효차(제주산),캔디류(별사탕),돌배(국산),배향 향료제제(합성향료,주정,천연향료,젖산,프로필렌글리콜,정제수) •제품명 : 오설록 피치 파파야 블랙티 •원재료명 : 홍차(인도산84.4%,제주산15.6%),로즈힙(칠레산), 파파야다이스(파파야,설탕,구연산)(태국산),향료(복숭아향), 장미꽃잎,천연향료(복숭아향) [복숭아 함유] •제품명 : 오설록 무화과 애플 블랙티 •원재료명 : 홍차(인도산 91.7%,제주산 8.3%),사과다이스(튀르 키예산),카카오닙스(페루산),로즈힙,향료1(무화과향),향료2(무 화과향),건조 무화과다이스(무화과:국산),장미꽃잎 •제품명 : 오설록 베리 가든 그린티 •원재료명 : 녹차(제주산),건조사과(튀르키예산),레몬밤(불가리 아산),시나몬,향료,블랙베리잎(알바니아산),산딸기다이스(산 딸기:국산)",해당사항없음,https://www.amoremall.com/kr/ko/product/detail?onlineProdSn=63851
달빛 꿀배 콜드브루 티 20입 (원산지:상세설명참조),"12,600원",10%,4.8,50g(2.5gx20입),"후발효차(제주산), 설탕, 후발효차열수추출물(제주산), 녹차(제주산), 배향혼합제제(합성향료, 주정, 천연향료,젖산, 프로필렌글리콜, 정제수), 배농축혼합분말(배(국산)), 꿀분말(꿀(국산))",해당사항없음,https://www.amoremall.com/kr/ko/product/detail?onlineProdSn=61652
히비스커스 선샤인 10입 (원산지:상세설명참조),"14,850원",10%,4.9,20g(2gx10입),"히비스커스(나이지리아산), 파인애플다이스(파인애플,설탕,구연산)(태국산), 로즈힙(칠레산), 사과다이스, 오렌지필, 스피어민트, 레몬머틀, 천연향료(혼합과일향), 장미꽃잎",해당사항없음,https://www.amoremall.com/kr/ko/product/detail?onlineProdSn=58551
달빛걷기 10입 (원산지:상세설명참조),"14,850원",10%,4.9,25g(2.5gx10입),"후발효차(제주산), 캔디류(별사탕), 돌배(국산), 배향향료제제(합성향료, 주정, 천연향료, 젖산, 프로필렌글리콜, 정제수)",해당사항없음,https://www.amoremall.com/kr/ko/product/detail?onlineProdSn=56051
콤부차 깔라망고 10입 (원산지:상세설명참조),"7,200원",10%,4.8,50g,"무수구연산, 탄산수소나트륨, 콤부차분말(콤부차발효액(정제수, 사양벌꿀(국산), 홍차(제주산)), 난소화성말토덱스트린, 아라비아검), 에리스리톨 10%, 효소처리스테비아, 망고분말향혼합제제(덱스트린, 아라비아검, 프로필렌글리콜, 합성향료), 망고과즙분말(망고퓨레(필리핀산), 덱스트린), 비타민 C, 깔라만시농축분말(덱스트린, 깔라만시농축액(베트남산)), 혼합과일농축분말(덱스트린, 열대혼합과일농축액), 녹차추출물, 깔라만시분말향혼합제제(덱스트린, 아라비아검, 주정, 천연향료, 합성향료, 글리세린, 당에스테르), 레몬밤추출분말, 난소화성말토덱스트린, 이산화규소, BCAA(L-발린, L-로이신, L-이소로이신), 프로바이오틱스, 구아검, 비타민B2인산에스테르나트륨 밀, 대두함유 산/말레이시아, 필리핀, 인도네시아 등), 설탕, 유청(프랑스산), 포도당, 덱스트린, 전지분유, 유당, 녹차가루(국산), 유화제, 해바라기유, 정제소금, 산도조절제1, 산도 조절제2 밀,대두,우유함유",해당사항없음,https://www.amoremall.com/kr/ko/product/detail?onlineProdSn=53817
웨딩 그린티 10입 (원산지:상세설명참조),"14,850원",10%,4.8,20g(2.0gx10입),"녹차(제주산), 향료(스윗부케향), 마리골드(이집트산), 장미꽃잎(파키스탄산)",해당사항없음,https://www.amoremall.com/kr/ko/product/detail?onlineProdSn=53041
베리 가든 그린티 10입 (원산지:상세설명참조),"12,375원",25%,4.8,20g(2.0gx10입),"녹차(제주산), 건조사과(튀르키예산), 레몬밤(불가리아산), 시나몬, 향료, 블랙베리잎(알바니아산), 산딸기다이스(산딸기:국산)",해당사항없음,https://www.amoremall.com/kr/ko/product/detail?onlineProdSn=65911
마롱 크림 블랙티 10입 (원산지:상세설명참조),"12,375원",25%,4.8,25g(2.5gx10입),"홍차(인도산 94.25%, 제주산 5.75%), 밤다이스(밤:국산), 향료(단팥밤향), 밀크향향료제제(주정, 합성향료, 젖산), 향료(알밤향), 식물성크림[야자경화유(외국산),탈지농축우유(국산)] [우유 함유]",해당사항없음,https://www.amoremall.com/kr/ko/product/detail?onlineProdSn=65910
루이보스 문라이트 10입 (원산지:상세설명참조),"14,850원",10%,4.9,20g(2gx10입),"루이보스잎(남아프리카공화국산), 배향향료제제(합성향료, 주정, 천연향료, 젖산, 프로필렌글리콜, 정제수), 스테비아잎(국산)",해당사항없음,https://www.amoremall.com/kr/ko/product/detail?onlineProdSn=57697
제주숲 홍차 10입 (원산지:상세설명참조),"14,850원",10%,5.0,2 gx10입 (20g ),원재료명 : 유기농 홍차 (제주산) 100% 유기농인증번호 : 제 12800178호,해당사항없음,https://www.amoremall.com/kr/ko/product/detail?onlineProdSn=53121
베리 바닐라 그린티 20입 (원산지:상세설명참조),"9,900원",10%,4.7,40g(2.0gx20입),"녹차(제주산), 설탕, 시나몬(베트남산), 향료(딸기바닐라향), 딸기과즙분말(딸기과즙고 형분(딸기:국산))",해당사항없음,https://www.amoremall.com/kr/ko/product/detail?onlineProdSn=64401
제주 화산암차 20입 (원산지:상세설명참조),"24,300원",10%,4.9,2 gx20입/40g,원재료명 : 유기농 반발효차 (제주산) 100% 유기농인증번호 : 제 12800178호,해당사항없음,https://www.amoremall.com/kr/ko/product/detail?onlineProdSn=63850
제주 화산암차 10입 (원산지:상세설명참조),"14,850원",10%,4.6,2 gx10입/20g,원재료명 : 유기농 반발효차 (제주산) 100% 유기농인증번호 : 제 12800178호,해당사항없음,https://www.amoremall.com/kr/ko/product/detail?onlineProdSn=63849
선샤인 머스캣 콜드브루 티 20입 (원산지:상세설명참조),"12,600원",10%,4.7,50g(2.5gx20입),"녹차(제주산), 설탕, 홍차(인도산), 샤인머스캣농축분말(샤인머스캣농축액(샤인머스캣:국산), 덱스트린), 향료(머스캣향)",해당사항없음,https://www.amoremall.com/kr/ko/product/detail?onlineProdSn=61651
시그니처 얼그레이 20입 (원산지:상세설명참조),"24,300원",10%,4.7,50g(2.5gx20입),"유기농 홍차(인도산 89.35%, 제주산 10.65%), 천연향료(시트러스 베르가못향), 유기농 후발효차(제주산), 유자필(제주산) *유기농원료 총함량 : 95.1% •유기농인증번호 : 제 12800178호",해당사항없음,https://www.amoremall.com/kr/ko/product/detail?onlineProdSn=60368
시그니처 얼그레이 10입 (원산지:상세설명참조),"14,850원",10%,4.9,25g(2.5gx10입),"유기농 홍차(인도산 89.35%, 제주산 10.65%), 천연향료(시트러스 베르가못향), 유기농 후발효차(제주산), 유자필(제주산) *유기농원료 총함량 : 95.1% •유기농인증번호 : 제 12800178호",해당사항없음,https://www.amoremall.com/kr/ko/product/detail?onlineProdSn=60367
벚꽃향 가득한 올레 20입 (원산지:상세설명참조),"24,300원",10%,4.8,50g(2.5gx20입),"후발효차(제주산), 홍차(제주산), 로즈힙(칠레산), 파인애플다이스(파인애플,설탕,구연산), 사과다이스, 히비스커스, 향료(벚꽃향), 건조벚꽃잎(제주산)",해당사항없음,https://www.amoremall.com/kr/ko/product/detail?onlineProdSn=56055
피치 파파야 블랙티 20입 (원산지:상세설명참조),"24,300원",10%,4.9,50g(2.5gx20입),"홍차(인도산 84.4%, 제주산 15.6%), 로즈힙(칠레산), 파파야다이스(파파야, 설탕, 구연산)(태국산), 향료(복숭아향), 장미꽃잎, 천연향료(복숭아향) [복숭아 함유]",해당사항없음,https://www.amoremall.com/kr/ko/product/detail?onlineProdSn=56042
귤꽃향을 품은 우잣담 20입 (원산지:상세설명참조),"24,300원",10%,4.8,50g(2.5gx20입),"후발효차(제주산), 반발효차(제주산), 제주영귤믹스(제주귤피(제주산), 제주영귤(제주산)), 마리골드, 향료(귤꽃향)",해당사항없음,https://www.amoremall.com/kr/ko/product/detail?onlineProdSn=63394
선셋 피치 콜드브루 티 20입 (원산지:상세설명참조),"12,600원",10%,4.7,50g(2.5gx20입),"홍차(인도산), 설탕, 후발효차열수추출물(제주산), 향료(복숭아향), 복숭아과즙분말(복숭아과즙농축액(복숭아:국산)), 후발효차(제주산) [복숭아 함유]",해당사항없음,https://www.amoremall.com/kr/ko/product/detail?onlineProdSn=61653
티 에디션 헤리티지 9종 (원산지:상세설명참조),"127,500원",15%,4.7,63입 (9종 x 7입) / 138.6g,"•제품명 : 오설록 우전 •원재료명 : 유기농 녹차 (제주산) 100% •유기농인증번호 : 제 12800178호 •제품명 : 오설록 홍우전 •원재료명 : 유기농 반발효차 (제주산) 100% •유기농인증번호 : 제 12800178호 •제품명 : 오설록 세작 •원재료명 : 유기농 녹차(제주산) 100% •유기농인증번호 : 제 12800178호 •제품명 : 오설록 캐모마일 블렌드 •원재료명 : 캐모마일(이집트산),진피(국산),사과다이스(튀르키 예산),레몬머틀,장미꽃잎 •제품명 : 오설록 히비스커스 선샤인 •원재료명 : 히비스커스(나이지리아산),파인애플다이스(파인애 플,설탕,구연산)(태국산),로즈힙(칠레산),사과다이스,오렌지필, 스피어민트,레몬머틀,천연향료(혼합과일향),장미꽃잎 •제품명 : 오설록 달빛걷기 •원재료명 : 후발효차(제주산),캔디류(별사탕),돌배(국산),배향 향료제제(합성향료,주정,천연향료,젖산,프로필렌글리콜, 정제수) •제품명 : 오설록 삼다연 제주영귤 •원재료명 : 후발효차(제주산),천연향료 2종,제주영귤믹스 (제주귤피(제주산),제주영귤(제주산)) •제품명 : 오설록 피치 파파야 블랙티 •원재료명 : 홍차(인도산84.4%,제주산15.6%),로즈힙(칠레산), 파파야다이스(파파야,설탕,구연산)(태국산),향료(복숭아향), 장미꽃잎,천연향료(복숭아향) [복숭아 함유] •제품명 : 오설록 무화과 애플 블랙티 •원재료명 : 홍차(인도산 91.7%,제주산 8.3%),사과다이스(튀르 키예산),카카오닙스(페루산),로즈힙,향료1(무화과향),향료2(무 화과향),건조 무화과다이스(무화과:국산), 장미꽃잎",해당사항없음,https://www.amoremall.com/kr/ko/product/detail?onlineProdSn=60866
귤꽃향을 품은 우잣담 10입 (원산지:상세설명참조),"14,850원",10%,4.7,25g(2.5gx10입),"후발효차(제주산), 반발효차(제주산), 제주영귤믹스(제주귤피(제주산), 제주영귤(제주산)), 마리골드, 향료(귤꽃향)",해당사항없음,https://www.amoremall.com/kr/ko/product/detail?onlineProdSn=53042
청우롱 10입 (원산지:상세설명참조),"14,850원",10%,4.8,2 gx10입	(20g),원재료명 : 유기농 반발효차 (제주산) 100% 유기농인증번호 : 제 12800178호,해당사항없음,https://www.amoremall.com/kr/ko/product/detail?onlineProdSn=53038
오설록 밀크티,"11,700원",10%,,200g(20gx10입),"식물성크림[물엿, 야자경화유(외국산), 탈지농축우유(국산), 유단백농축물, 제이인산칼륨], 밀크티믹스[미립당, 유당(미국산), 과당, 포도당, 혼합분유(네덜란드산)], 말토덱스트린, 후발효차열수추출물(국산), 후발효차분말(국산),분리유청단백, 정제소금, 이산화규소, 향료(후발효차향) [우유, 대두 함유]",내용물 중량 스틱 1포 20g 카페인 26.3mg 열량 87.65 kcal 탄수화물 14.97g 당류 6.59g,https://www.amoremall.com/kr/ko/product/detail?onlineProdSn=67768
그린티 랑드샤 10입 (원산지:상세설명참조),"37,800원",10%,,100g(10g X 10ea) x3,"식물성크림[백설탕, 혼합식용유(채종유(호주산)), 채종유(호주산), 전지분유, 탈지분유, 유청분말, 녹차가루(제주산), 레시틴, 글리세린지방산에스테르, 바닐린], 박력분(밀: 미국산), 백설탕, 마가린[식물성유지(팜유(말레이시아산)), 가공유지(야자에스테르화유(외국산:인도네시아, 필리핀, 말레이시아 등)), 정제수, 가공버터, 기타가공품, 유화제, 레시틴, 혼합제제(식물성유지, 베타카로틴(착색료), DL-알파-토코페롤), 합성향료(버터향, 바닐라향), 구연산], 난백액, 아몬드분말, 무염버터, 녹차가루(제주산), 정제소금, 바닐린, 계란, 대두, 밀, 우유 함유",상세페이지참고,https://www.amoremall.com/kr/ko/product/detail?onlineProdSn=67764
시그니처 밀크티 컬렉션 4종 (원산지:상세설명참조),"39,000원",25%,,400g(20gX20입),"• 오설록 제주 말차 밀크티 • 원재료명: 라떼베이스[설탕, 식물성크림1{야자경화유(외국산)}, 식물성크림2{야자경화유 (외국산)}, 혼합분유(네덜란드산), 식물성크림3], 녹차(제주산), 정제소금, 향료 (말차향) [우유, 대두 함] • 오설록 얼그레이 밀크티 • 원재료명: 밀크베이스[설탕,혼합분유(네덜란드산), 식물성크림1{야자경화유(외국산)},식물성크림2], 홍차추출분말(스리랑카산), 향료(베르가못향), 홍차혼합분말(제주산), 정제소금 [우유 함유] • 오설록 제주 호지차 밀크티 • 원재료명: 크림베이스[설탕, 가공유크림{유크림(이탈리아산)}, 식물성크림1{식물성경화유지(외국산:인도네시아, 필리핀, 말레이시아 등)}, 식물성크림2, 혼합분유, 식물성크림3], 호지차분말(제주산), 호지차추출분말{식물성추출액(호지차:국산)}, 천연향료(바닐라향분말), 정제소금 [우유, 대두 함유] • 오설록 제주 말차 오트 블렌드 • 원재료명: 설탕, 식물성크림[물엿, 야자경화유{외국산(인도네시아, 필리핀, 말레이시아 등)}, 제이인산칼륨, 스테아릴젖산나트륨, 글리세린디아세틸주석산지방산에스테르], 기타가공품[귀리(캐나다산), 대두(국산), 코코넛분말, 아몬드],녹차(제주산), 이산화규소, 정제소금 [대두 함유]","• 오설록 제주 말차 밀크티 총 내용량 100g (20gx5개) 1개 (20g) 85kcal 나트륨 45mg 2% / 탄수화물 16g 5% / 당류 12g 12% / 지방 1.7g 3% / 트랜스지방 0g / 포화지방 1.5g 10% / 콜레스테롤 0mg 0% / 단백질 1g 2% • 오설록 얼그레이 밀크티 총 내용량 100g (20gx5개) 1개 (20g) 85kcal 나트륨 50mg 3% / 탄수화물 16g 5% / 당류 13g 13% / 지방 1g 2% / 트랜스지방 0g / 포화지방 0 8g 5% / 콜레스테롤 0mg 0% / 단백질 1.6g 3% • 오설록 제주 호지차 밀크티 총 내용량 100g (20gx5개) 1개 (20g) 85kcal 나트륨 34mg 2% / 탄수화물 16g 5% / 당류 13g 13% / 지방 1.7g 3%/트랜스지방 0g / 포화지방 1.5g 10% / 콜레스테롤 5mg 미만 1% / 단백질 1g 2% • 오설록 제주 말차 오트 블렌드 총 내용량 100g (20gx5개) 1개 (20g) 85kcal 나트륨15mg 1% / 탄수화물 16g 5% / 당류 9g 9% / 지방 2g 4% / 트랜스지방 0g / 포화지방 1.8g 12% / 콜레스테롤 0mg 단백질 1g 2% * 1일 영양성분 기준치에 대한 비율 (%)은 2,000kcal 기준이므로 개인의 필요 열량에 따라 다를 수 있습니다.",https://www.amoremall.com/kr/ko/product/detail?onlineProdSn=67754
홈카페 기획세트 5종 (원산지:상세설명참조),"30,000원",25%,5.0,[그린티딸기랑드샤] 90g (9g*10입) [세작] 2 gx3입 (6g) [피치 파파야 블랙티] 7.5g(2.5gx3입) [시그니처 얼그레이] 7.5g(2.5gx3입) [삼다연 제주영귤] 7.5g(2.5gx3입),"[그린티딸기랑드샤] 설탕, 박력분(밀:미국산), 마가린[식물성유지(팜유:말레이시아산),가공유지(팜스테아린에스테르화유:말레이시아산),유화제,정제소금,레시틴], 난백액(계란:국산), 아몬드분말, 혼합분유(전지분유,유청분말,우유단백질), 버터, 쇼트닝(가공유지,동물성유지,식물성유지,유화제), 식물성유지, 녹차가루(제주산), 딸기분말(딸기:국산), 정제소금, 향료1(바닐라향), 향료2(딸기향), 혼합제제[정제수,프로필렌글리콜,혼합제제(코치닐추출색소,적양배추색소),치자황색소], 구연산 / 달걀, 우유, 대두, 밀, 쇠고기 함유 [세작] 원재료명 : 유기농 녹차 (제주산) 100% 유기농인증번호 : 제 12800178호 [피치 파파야 블랙티] 홍차(인도산 84.4%, 제주산 15.6%), 로즈힙(칠레산), 파파야다이스(파파야, 설탕, 구연산)(태국산), 향료(복숭아향), 장미꽃잎, 천연향료(복숭아향) [복숭아 함유] [시그니처 얼그레이] 유기농 홍차(인도산 89.35%, 제주산 10.65%), 천연향료(시트러스 베르가못향), 유기농 후발효차(제주산), 유자필(제주산) *유기농원료 총함량 : 95.1% •유기농인증번호 : 제 12800178호 [삼다연 제주영귤] 후발효차(제주산), 천연향료(영귤향), 제주영귤믹스(제주귤피(제주산), 제주영귤(제주산))","[그린티딸기랑드샤] 총 내용량 90g(515kcal), 나트륨 170mg(9%), 탄수화물 48g(15%), 당류 24g(24%), 지방 33g(61%), 트랜스지방 0.5g 미만, 포화지방 17g(113%), 콜레스테롤 25mg(8%), 단백질 7g(13%) [세작] 해당사항없음 [피치 파파야 블랙티] 해당사항없음 [시그니처 얼그레이] 해당사항없음 [삼다연 제주영귤] 해당사항없음",https://www.amoremall.com/kr/ko/product/detail?onlineProdSn=67394
말차 그래놀라 쿠키 120g (원산지:상세설명참조),"9,500원",5%,4.9,120g,"귀리(캐나다산), 프락토올리고당, 아몬드(미국산), 코코넛오일(외국산/말레이시아, 필리핀, 인도네시아 등), 유기농비정제사탕수수 5.7%, 메이플시럽, 해바라기씨앗, 건조크랜베리, 캐슈넛, 두류가공품, 건조코코넛, 호박씨앗, 유기농 말차가루 2.6%(녹차:국산), 치아씨드, 난소화성말토덱스트린, 식염 / 대두 함유","총 내용량 120g(575kcal), 나트륨 110mg(6%), 탄수화물 75g(23%), 당류 17g(17%), 지방 22g(41%), 트랜스지방 0g,  포화지방 15g(100%), 콜레스테롤 0mg(0%), 단백질 19g(35%)",https://www.amoremall.com/kr/ko/product/detail?onlineProdSn=67357
말차 스트로베리 트러플 80g (원산지:상세설명참조),"13,300원",5%,4.9,80g,"준초콜릿[설탕, 코코아버터(싱가포르산), 가공유지(분별유/싱가포르산), 탈지분유, 유당, 말차가루(녹차:국산)], 딸기(중국산/딸기 100%), 말차가루(녹차:국산) / 우유, 대두 함유","총 내용량 80g(420kcal), 나트륨 120mg(6%), 탄수화물 48g(15%), 당류 43g(43%), 지방 23g(43%), 트랜스지방 0g, 포화지방 17g(113%), 콜레스테롤 5mg 미만 (1%), 단백질 5g(9%)",https://www.amoremall.com/kr/ko/product/detail?onlineProdSn=67355
제주 호지차 밀크티 10입 (원산지:상세설명참조),"11,700원",10%,4.8,200g(20gx10입),"크림베이스[설탕, 가공유크림{유크림(이탈리아산)}, 식물성크림1{식물성경화유지(외국산:인도네시아, 필리핀, 말레이시아 등)}, 식물성크림2, 혼합분유, 식물성크림3], 호지차분말(제주산), 호지차추출분말{식물성추출액(호지차:국산)}, 천연향료(바닐라향분말),정제소금 [우유, 대두 함유]","1개(20g)당 85kca 나트륨35mg 2%, 탄수화물 16g 5%, 당류 13g 13%, 지방 1,7g 3%, 트랜스지방 0g, 포화지방 1.5g 10%, 콜레스테롤 5mg 미만 1% 단백질 1g 2% *1일 영양성분 기준치에 대한 비율(%)은 2,000kcal 기준이므로 개인의 필요 열량에 따라 다를 수 있습니다.",https://www.amoremall.com/kr/ko/product/detail?onlineProdSn=67354
제주 말차 오트 블렌드 10입 (원산지:상세설명참조),"11,700원",10%,4.6,200g(20gx10입),"원재료명:설탕, 식물성크림[물엿, 야자경화유{외국산(인도 네시아, 필리핀, 말레이시아등)}, 제이인산칼륨, 스테아릴 젖산나트륨, 글리세린디아세틸주석산지방산에스테르], 기 타가공품[귀리(캐나다산), 대두(국산), 코코넛분말, 아몬드], 녹차(제주산), 이산화규소, 정제소금 [대두함유]","1개(20g)당 58kcal 나트륨 15mg 1%, 탄수화물 16g 5%, 당류 9g 9%, 지방 2g 4%, 트랜스지방 0g, 포화지방 1.8g 12%, 콜레스테롤 0mg 0%, 단백질 1g 2% *1일 영양성분 기준치에 대한 비율(%)은 2,000kcal 기준이므로 개인의 필요 열량에 따라 다를 수 있습니다.",https://www.amoremall.com/kr/ko/product/detail?onlineProdSn=67353
NEW허브티 20입 (멜로우 민트/캐모마일 라벤더/ 체리 루이보스) (원산지:상세설명참조),"11,000원",,4.8,30g(1.5gX20입),"유기농 페퍼민트(프랑스산), 유기농 펜넬(이집트산), 유기농 레몬밤(폴란드산), 유기농 캐모마일, 유기농 레몬그라스, 유기농 감초, 천연향료 2종, 유기농 매실액 *유기농원료 총 함량 : 97% 유기농인증번호 : 제 12800178 호",해당사항없음,https://www.amoremall.com/kr/ko/product/detail?onlineProdSn=66983
찬물 루이보스티 (원산지:상세설명참조),"15,200원",20%,4.9,40g(2g x 20입)*2,"루이보스(남아프리카공화국산), 보리(국산), 루이보스추출물분말(독일산)",,https://www.amoremall.com/kr/ko/product/detail?onlineProdSn=58150
녹차 밀크스프레드 200g (원산지:상세설명참조),"19,800원",10%,4.8,200g *2개,"설탕,혼합식용유[채종유(호주산),가공유지(팜스테아린경화 에스테르화유/말레이시아산,팜핵경화에스테르화유/말레이시아산),팜유,글리 세린지방산에스테르],채종유(호주산),전지분유11%(외국산:벨기에,미국,호주 등),탈지분유10%,기타가공품6%(유청분말,유당),가루설녹차진4%(유기농녹차100%:제주산), 유화제(레시틴,글리세린제방산에스테르),바닐린","총 내용량 220g (1,110kcal) 1일 영양성분 기준치에 대한 비율 (100g당) 나트륨 : 100mg (5%), 지방: 33g (61%), 탄수화물 : 56g (17%), 트랜스지방 : 0g, 당류 : 51g (51%), 포화지방 : 8g (53%), 콜레스테롤 : 10mg (3%), 단백질 : 8g (15%), 1일 영양성분 기준치에 대한  (%)은 2,000kcal 기준이므로 개인의 필요 열량에 따라 다를 수 있습니다.",https://www.amoremall.com/kr/ko/product/detail?onlineProdSn=53400
찬물녹차 (원산지:상세설명참조),"15,200원",20%,4.9,40g x 2개,제주산 녹차 100%,해당사항없음,https://www.amoremall.com/kr/ko/product/detail?onlineProdSn=53399
